date,FL892090005.Q,FL152010005.Q,LM155035005.Q,FL165015205.Q,FL165013765.Q,FL155111005.Q,FL112010005.Q,LM115035005.Q,FL115015205.Q,FL115013765.Q,FL115020005.Q,FL662090205.Q,LM883164105.Q,LM103164103.Q,LM793164105.Q,FL312010095.Q,FL315014665.Q,FL315013265.Q,FL315013765.Q,FL212010095.Q,FL215014665.Q,FL215013265.Q,FL215013765.Q,FL882090265.Q,FL264194005.Q,LM263164103.Q,FL264190005.Q,FL264090005.Q,LM263064105.Q,FL264090035.Q,FL892090005.Q,FC892090005.Q,PC892090005.Q,FL152090005.Q,FC152090005.Q,PC152090005.Q
1945:Q4,722358.42,189327.00,134635.00,436.00,257.00,53999.00,188688.42,151675.65,10964.00,1942.00,24106.77,0.00,151910.00,103694.00,48216.00,121820.00,44090.00,73721.00,4009.00,69459.00,68195.00,995.00,269.00,1154.00,14670.00,942.00,13728.00,13516.00,2700.00,10816.00,722358.42,ND,ND,802371.93,ND,ND
1946:Q1,ND,ND,ND,ND,ND,ND,ND,ND,ND,ND,ND,ND,ND,ND,ND,ND,ND,ND,ND,ND,ND,ND,ND,ND,ND,ND,ND,ND,ND,ND,ND,ND,ND,ND,ND,ND
1946:Q2,ND,ND,ND,ND,ND,ND,ND,ND,ND,ND,ND,ND,ND,ND,ND,ND,ND,ND,ND,ND,ND,ND,ND,ND,ND,ND,ND,ND,ND,ND,ND,ND,ND,ND,ND,ND
1946:Q3,ND,ND,ND,ND,ND,ND,ND,ND,ND,ND,ND,ND,ND,ND,ND,ND,ND,ND,ND,ND,ND,ND,ND,ND,ND,ND,ND,ND,ND,ND,ND,ND,ND,ND,ND,ND
1946:Q4,802913.00,220716.00,158074.00,590.00,292.00,61760.00,227820.00,179671.00,13075.00,2162.00,32912.00,0.00,145655.00,97302.00,48353.00,125866.00,52804.00,68348.00,4714.00,77807.00,76397.00,1100.00,310.00,5049.00,17246.00,1001.00,16245.00,12197.00,2690.00,9507.00,802913.00,80554.00,11.15,880340.00,77968.00,9.72
1947:Q1,ND,ND,ND,ND,ND,ND,ND,ND,ND,ND,ND,ND,ND,ND,ND,ND,ND,ND,ND,ND,ND,ND,ND,ND,ND,ND,ND,ND,ND,ND,ND,ND,ND,ND,ND,ND
1947:Q2,ND,ND,ND,ND,ND,ND,ND,ND,ND,ND,ND,ND,ND,ND,ND,ND,ND,ND,ND,ND,ND,ND,ND,ND,ND,ND,ND,ND,ND,ND,ND,ND,ND,ND,ND,ND
1947:Q3,ND,ND,ND,ND,ND,ND,ND,ND,ND,ND,ND,ND,ND,ND,ND,ND,ND,ND,ND,ND,ND,ND,ND,ND,ND,ND,ND,ND,ND,ND,ND,ND,ND,ND,ND,ND
1947:Q4,917542.00,280815.00,206381.00,768.00,310.00,73356.00,262959.00,206256.00,17091.00,2507.00,37106.00,0.00,143857.00,95116.00,48741.00,124862.00,60489.00,59149.00,5224.00,93276.00,91510.00,1450.00,316.00,11773.00,24007.00,972.00,23035.00,12234.00,2480.00,9754.00,917542.00,114630.00,14.28,978160.00,97820.00,11.11
1948:Q1,ND,ND,ND,ND,ND,ND,ND,ND,ND,ND,ND,ND,ND,ND,ND,ND,ND,ND,ND,ND,ND,ND,ND,ND,ND,ND,ND,ND,ND,ND,ND,ND,ND,ND,ND,ND
1948:Q2,ND,ND,ND,ND,ND,ND,ND,ND,ND,ND,ND,ND,ND,ND,ND,ND,ND,ND,ND,ND,ND,ND,ND,ND,ND,ND,ND,ND,ND,ND,ND,ND,ND,ND,ND,ND
1948:Q3,ND,ND,ND,ND,ND,ND,ND,ND,ND,ND,ND,ND,ND,ND,ND,ND,ND,ND,ND,ND,ND,ND,ND,ND,ND,ND,ND,ND,ND,ND,ND,ND,ND,ND,ND,ND
1948:Q4,970601.00,313687.00,229359.00,944.00,310.00,83074.00,281245.00,218473.00,21749.00,2667.00,38356.00,0.00,143064.00,94141.00,48923.00,117151.00,62245.00,49069.00,5837.00,101525.00,99427.00,1787.00,311.00,13929.00,26898.00,944.00,25954.00,12969.00,2305.00,10664.00,970601.00,53059.00,5.78,1030033.00,51874.00,5.30
1949:Q1,ND,ND,ND,ND,ND,ND,ND,ND,ND,ND,ND,ND,ND,ND,ND,ND,ND,ND,ND,ND,ND,ND,ND,ND,ND,ND,ND,ND,ND,ND,ND,ND,ND,ND,ND,ND
1949:Q2,ND,ND,ND,ND,ND,ND,ND,ND,ND,ND,ND,ND,ND,ND,ND,ND,ND,ND,ND,ND,ND,ND,ND,ND,ND,ND,ND,ND,ND,ND,ND,ND,ND,ND,ND,ND
1949:Q3,ND,ND,ND,ND,ND,ND,ND,ND,ND,ND,ND,ND,ND,ND,ND,ND,ND,ND,ND,ND,ND,ND,ND,ND,ND,ND,ND,ND,ND,ND,ND,ND,ND,ND,ND,ND
1949:Q4,997377.00,340071.00,246931.00,1043.00,315.00,91782.00,284459.00,223629.00,23749.00,2777.00,34305.00,0.00,153076.00,103822.00,49254.00,108447.00,60787.00,41212.00,6448.00,96913.00,94767.00,1832.00,314.00,14411.00,28170.00,708.00,27462.00,13759.00,2490.00,11269.00,997377.00,26776.00,2.76,1070986.00,40953.00,3.98
1950:Q1,ND,ND,ND,ND,ND,ND,ND,ND,ND,ND,ND,ND,ND,ND,ND,ND,ND,ND,ND,ND,ND,ND,ND,ND,ND,ND,ND,ND,ND,ND,ND,ND,ND,ND,ND,ND
1950:Q2,ND,ND,ND,ND,ND,ND,ND,ND,ND,ND,ND,ND,ND,ND,ND,ND,ND,ND,ND,ND,ND,ND,ND,ND,ND,ND,ND,ND,ND,ND,ND,ND,ND,ND,ND,ND
1950:Q3,ND,ND,ND,ND,ND,ND,ND,ND,ND,ND,ND,ND,ND,ND,ND,ND,ND,ND,ND,ND,ND,ND,ND,ND,ND,ND,ND,ND,ND,ND,ND,ND,ND,ND,ND,ND
1950:Q4,1097731.00,387298.00,278126.00,1346.00,345.00,107481.00,304100.00,236563.00,28421.00,3009.00,36106.00,0.00,176353.00,126681.00,49672.00,107462.00,63227.00,36843.00,7392.00,109248.00,106651.00,2257.00,340.00,13270.00,29906.00,1175.00,28731.00,16636.00,2925.00,13711.00,1097731.00,100353.00,10.06,1162447.00,91461.00,8.54
1951:Q1,ND,ND,ND,ND,ND,ND,ND,ND,ND,ND,ND,ND,ND,ND,ND,ND,ND,ND,ND,ND,ND,ND,ND,ND,ND,ND,ND,ND,ND,ND,ND,ND,ND,ND,ND,ND
1951:Q2,ND,ND,ND,ND,ND,ND,ND,ND,ND,ND,ND,ND,ND,ND,ND,ND,ND,ND,ND,ND,ND,ND,ND,ND,ND,ND,ND,ND,ND,ND,ND,ND,ND,ND,ND,ND
1951:Q3,ND,ND,ND,ND,ND,ND,ND,ND,ND,ND,ND,ND,ND,ND,ND,ND,ND,ND,ND,ND,ND,ND,ND,ND,ND,ND,ND,ND,ND,ND,ND,ND,ND,ND,ND,ND
1951:Q4,1221353.00,430936.00,308963.00,1592.00,366.00,120015.00,333810.00,255779.00,31387.00,3103.00,43541.00,0.00,197692.00,147629.00,50063.00,121528.00,72612.00,40493.00,8423.00,122865.00,120038.00,2465.00,362.00,14522.00,32026.00,1390.00,30636.00,17504.00,3450.00,14054.00,1221353.00,123622.00,11.26,1271283.00,108836.00,9.36
1952:Q1,1234613.00,437119.00,311906.00,1635.00,365.00,123213.00,336211.00,257821.00,31641.00,3158.00,43591.00,0.00,201685.00,151463.00,50222.00,122772.00,72191.00,41977.00,8604.00,122863.00,119969.00,2531.00,363.00,13963.00,31580.00,363.00,31217.00,17617.00,3454.00,14163.00,1234613.00,13260.00,1.09,1289240.00,17957.00,1.41
1952:Q2,1261495.00,448851.00,322754.00,1683.00,366.00,124048.00,338155.00,259926.00,31911.00,3202.00,43116.00,0.00,207970.00,157607.00,50363.00,125406.00,73255.00,43346.00,8805.00,126503.00,123568.00,2570.00,365.00,14610.00,32772.00,789.00,31983.00,18162.00,3539.00,14623.00,1261495.00,26883.00,2.18,1311099.00,21858.00,1.70
1952:Q3,1275200.00,453492.00,324183.00,1698.00,369.00,127242.00,339403.00,262032.00,32444.00,3242.00,41685.00,0.00,207383.00,156907.00,50476.00,128816.00,74699.00,45092.00,9025.00,131381.00,128397.00,2616.00,368.00,14725.00,33488.00,1128.00,32360.00,18763.00,3434.00,15329.00,1275200.00,13704.00,1.09,1324319.00,13220.00,1.01
1952:Q4,1274882.00,464001.00,334895.00,1728.00,375.00,127003.00,336954.00,262603.00,32718.00,3221.00,38412.00,0.00,197219.00,146628.00,50591.00,131007.00,74967.00,46780.00,9260.00,130154.00,127135.00,2647.00,372.00,15547.00,34347.00,1459.00,32888.00,18800.00,3705.00,15095.00,1274882.00,-317.00,-0.02,1328005.00,3686.00,0.28
1953:Q1,1283674.00,472953.00,340387.00,1786.00,380.00,130400.00,335833.00,262881.00,33004.00,3298.00,36650.00,0.00,193757.00,143052.00,50705.00,132803.00,75421.00,47886.00,9496.00,132118.00,129004.00,2737.00,377.00,16210.00,34947.00,1492.00,33455.00,18737.00,3569.00,15168.00,1283674.00,8791.00,0.69,1338183.00,10178.00,0.77
1953:Q2,1285006.00,481977.00,347238.00,1854.00,386.00,132499.00,335462.00,263390.00,33598.00,3332.00,35142.00,0.00,184623.00,133816.00,50807.00,135711.00,76170.00,49824.00,9717.00,130829.00,127702.00,2745.00,382.00,16404.00,35403.00,1399.00,34004.00,18999.00,3476.00,15523.00,1285006.00,1332.00,0.10,1340065.00,1882.00,0.14
1953:Q3,1297162.00,493038.00,357332.00,1925.00,390.00,133391.00,337026.00,265056.00,34170.00,3380.00,34420.00,0.00,180195.00,129274.00,50921.00,138581.00,76737.00,51908.00,9936.00,131615.00,128461.00,2766.00,388.00,16707.00,36095.00,1290.00,34805.00,19388.00,3430.00,15958.00,1297162.00,12157.00,0.95,1354587.00,14522.00,1.08
1953:Q4,1311602.00,493418.00,355919.00,1980.00,394.00,135125.00,337209.00,264204.00,34705.00,3430.00,34869.00,0.00,195074.00,144082.00,50992.00,140065.00,76379.00,53539.00,10147.00,128808.00,125614.00,2800.00,394.00,17028.00,36770.00,1329.00,35441.00,19742.00,3650.00,16092.00,1311602.00,14439.00,1.11,1375264.00,20677.00,1.53
1954:Q1,1329995.00,498303.00,357485.00,2045.00,399.00,138374.00,338563.00,264497.00,35149.00,3506.00,35411.00,0.00,207401.00,156255.00,51146.00,142081.00,76593.00,55120.00,10368.00,127014.00,123750.00,2862.00,402.00,16633.00,37253.00,1439.00,35814.00,20620.00,3996.00,16624.00,1329995.00,18393.00,1.40,1397943.00,22679.00,1.65
1954:Q2,1358689.00,501397.00,361814.00,2109.00,404.00,137070.00,340120.00,266067.00,35660.00,3520.00,34873.00,0.00,223864.00,172550.00,51314.00,144535.00,77893.00,56023.00,10619.00,132359.00,128941.00,3009.00,409.00,16414.00,37734.00,1554.00,36180.00,21320.00,4353.00,16967.00,1358689.00,28694.00,2.16,1418735.00,20792.00,1.49
1954:Q3,1392486.00,510861.00,371385.00,2121.00,410.00,136945.00,342945.00,269336.00,35103.00,3559.00,34948.00,0.00,243537.00,191985.00,51552.00,147072.00,77923.00,58248.00,10901.00,132199.00,128678.00,3104.00,417.00,15872.00,38107.00,1708.00,36399.00,22235.00,4804.00,17431.00,1392486.00,33797.00,2.49,1455292.00,36557.00,2.58
1954:Q4,1412598.00,520897.00,379599.00,2160.00,417.00,138721.00,344491.00,271288.00,35045.00,3603.00,34554.00,0.00,246489.00,194840.00,51649.00,150217.00,79313.00,59696.00,11208.00,134547.00,130904.00,3217.00,426.00,15957.00,39041.00,1868.00,37173.00,23084.00,5254.00,17830.00,1412598.00,20111.00,1.44,1471900.00,16608.00,1.14
1955:Q1,1428865.00,527833.00,384467.00,2175.00,425.00,140766.00,347995.00,273935.00,35512.00,3770.00,34778.00,0.00,253750.00,202122.00,51628.00,149768.00,78720.00,59494.00,11554.00,133259.00,129467.00,3356.00,436.00,16260.00,39318.00,1934.00,37384.00,23058.00,5407.00,17651.00,1428865.00,16267.00,1.15,1494084.00,22183.00,1.51
1955:Q2,1473895.00,540621.00,394908.00,2227.00,432.00,143054.00,351075.00,277893.00,36197.00,3814.00,33171.00,0.00,277402.00,225533.00,51869.00,152056.00,79104.00,61013.00,11939.00,136398.00,132498.00,3453.00,447.00,16343.00,40215.00,2168.00,38047.00,23872.00,5981.00,17891.00,1473895.00,45031.00,3.15,1528950.00,34867.00,2.33
1955:Q3,1520316.00,555204.00,406169.00,2314.00,442.00,146279.00,355583.00,282691.00,37136.00,3858.00,31898.00,0.00,293047.00,240995.00,52052.00,155622.00,80757.00,62495.00,12370.00,144662.00,140564.00,3638.00,460.00,16198.00,40792.00,2333.00,38459.00,24594.00,6349.00,18245.00,1520316.00,46421.00,3.15,1567815.00,38864.00,2.54
1955:Q4,1545869.00,565457.00,414487.00,2412.00,455.00,148103.00,359454.00,287208.00,38015.00,3850.00,30381.00,0.00,296234.00,244222.00,52012.00,158645.00,81225.00,64552.00,12868.00,149445.00,145186.00,3783.00,476.00,16634.00,41596.00,2439.00,39157.00,24962.00,6575.00,18387.00,1545869.00,25553.00,1.68,1587415.00,19601.00,1.25
1956:Q1,1593282.00,577332.00,424188.00,2484.00,466.00,150194.00,366109.00,292719.00,38694.00,3949.00,30746.00,0.00,314586.00,262345.00,52241.00,163284.00,82956.00,66910.00,13418.00,155276.00,150890.00,3895.00,491.00,16695.00,42652.00,2642.00,40010.00,25957.00,7074.00,18883.00,1593282.00,47412.00,3.07,1630335.00,42920.00,2.70
1956:Q2,1611818.00,588163.00,433166.00,2555.00,478.00,151964.00,372324.00,297114.00,39211.00,4000.00,31999.00,0.00,305098.00,252704.00,52394.00,167535.00,86124.00,67389.00,14022.00,161205.00,156844.00,3856.00,505.00,17493.00,43688.00,2591.00,41097.00,26195.00,6899.00,19296.00,1611818.00,18536.00,1.16,1639924.00,9589.00,0.59
1956:Q3,1631602.00,599570.00,440946.00,2651.00,490.00,155483.00,376761.00,301340.00,39974.00,4061.00,31386.00,0.00,299357.00,246833.00,52524.00,171266.00,88558.00,68036.00,14672.00,166573.00,162169.00,3886.00,518.00,18075.00,44922.00,2565.00,42357.00,26847.00,6805.00,20042.00,1631602.00,19784.00,1.23,1658115.00,18191.00,1.11
1956:Q4,1671203.00,608074.00,445773.00,2726.00,502.00,159073.00,378826.00,302998.00,40433.00,4110.00,31285.00,0.00,320993.00,268373.00,52620.00,173677.00,89873.00,68454.00,15350.00,169441.00,164944.00,3968.00,529.00,20192.00,47046.00,2625.00,44421.00,26854.00,6961.00,19893.00,1671203.00,39601.00,2.43,1696117.00,38002.00,2.29
1957:Q1,1679284.00,619054.00,453596.00,2825.00,516.00,162117.00,383014.00,306042.00,41249.00,4183.00,31540.00,0.00,306790.00,254023.00,52767.00,176587.00,90518.00,69996.00,16073.00,172042.00,167494.00,4008.00,540.00,21797.00,48147.00,2486.00,45661.00,26350.00,6621.00,19729.00,1679284.00,8081.00,0.48,1709125.00,13008.00,0.77
1957:Q2,1722146.00,630623.00,461358.00,2873.00,529.00,165863.00,386969.00,309173.00,41384.00,4242.00,32170.00,0.00,326030.00,273076.00,52954.00,178895.00,92485.00,69572.00,16838.00,176847.00,172252.00,4045.00,550.00,22782.00,50133.00,2645.00,47488.00,27351.00,7112.00,20239.00,1722146.00,42863.00,2.55,1745761.00,36636.00,2.14
1957:Q3,1713581.00,639377.00,468792.00,2952.00,542.00,167091.00,391356.00,312500.00,41737.00,4321.00,32798.00,0.00,298582.00,245392.00,53190.00,181546.00,93766.00,70161.00,17619.00,178389.00,173714.00,4113.00,562.00,24331.00,50816.00,2388.00,48428.00,26485.00,6484.00,20001.00,1713581.00,-8565.00,-0.50,1743912.00,-1849.00,-0.11
1957:Q4,1722237.00,643776.00,471674.00,3050.00,555.00,168497.00,393648.00,313203.00,42764.00,4392.00,33289.00,0.00,299142.00,245747.00,53395.00,182737.00,93804.00,70526.00,18407.00,177575.00,172809.00,4192.00,574.00,25359.00,51887.00,2233.00,49654.00,26528.00,6091.00,20437.00,1722237.00,8656.00,0.51,1760616.00,16704.00,0.96
1958:Q1,1743387.00,644343.00,468427.00,3092.00,571.00,172253.00,399910.00,316191.00,42523.00,4524.00,36672.00,0.00,314931.00,261319.00,53612.00,181819.00,92902.00,69723.00,19194.00,176488.00,171691.00,4209.00,588.00,25896.00,52873.00,2320.00,50553.00,26977.00,6328.00,20649.00,1743387.00,21150.00,1.23,1793737.00,33121.00,1.88
1958:Q2,1780331.00,650042.00,474349.00,3155.00,589.00,171949.00,404331.00,319560.00,43012.00,4580.00,37179.00,0.00,332394.00,278565.00,53829.00,184851.00,95047.00,69850.00,19954.00,181710.00,176851.00,4257.00,602.00,27003.00,54490.00,2514.00,51976.00,27487.00,6840.00,20647.00,1780331.00,36944.00,2.12,1820693.00,26955.00,1.50
1958:Q3,1835297.00,660432.00,484262.00,3205.00,608.00,172357.00,408008.00,321477.00,43434.00,4598.00,38498.00,0.00,364630.00,310541.00,54089.00,188512.00,96918.00,70900.00,20694.00,186748.00,181793.00,4337.00,618.00,26967.00,55684.00,2786.00,52898.00,28717.00,7537.00,21180.00,1835297.00,54966.00,3.09,1874571.00,53878.00,2.96
1958:Q4,1867464.00,670313.00,493819.00,3263.00,628.00,172603.00,409861.00,323570.00,43680.00,4596.00,38015.00,0.00,378956.00,324670.00,54286.00,191637.00,98485.00,71731.00,21421.00,189734.00,184590.00,4508.00,636.00,26963.00,57056.00,3095.00,53961.00,30093.00,8305.00,21788.00,1867464.00,32167.00,1.75,1904070.00,29499.00,1.57
1959:Q1,1887212.00,674223.00,493678.00,3341.00,648.00,176556.00,412595.00,325793.00,44368.00,4577.00,37857.00,0.00,386540.00,332012.00,54528.00,193254.00,98375.00,72753.00,22126.00,193922.00,188924.00,4344.00,654.00,26678.00,57680.00,3193.00,54487.00,31002.00,8475.00,22527.00,1887212.00,19748.00,1.06,1924185.00,20116.00,1.06
1959:Q2,1918337.00,686599.00,504127.00,3414.00,669.00,178389.00,415400.00,328913.00,44839.00,4675.00,36974.00,0.00,401189.00,346451.00,54738.00,194757.00,98237.00,73690.00,22830.00,194226.00,189077.00,4477.00,672.00,26166.00,59627.00,3451.00,56176.00,33461.00,9039.00,24422.00,1918337.00,31125.00,1.65,1951404.00,27219.00,1.41
1959:Q3,1926936.00,697396.00,513598.00,3487.00,689.00,179622.00,417284.00,331781.00,45059.00,4810.00,35634.00,0.00,394795.00,339875.00,54920.00,196357.00,97892.00,74928.00,23537.00,195095.00,189797.00,4610.00,688.00,26009.00,60270.00,3452.00,56818.00,34261.00,8906.00,25355.00,1926936.00,8598.00,0.45,1963999.00,12595.00,0.65
1959:Q4,1961765.00,706020.00,521544.00,3550.00,710.00,180216.00,419026.00,334803.00,45093.00,4964.00,34165.00,0.00,417131.00,362157.00,54974.00,197749.00,97697.00,75809.00,24243.00,196033.00,190613.00,4716.00,704.00,25806.00,61097.00,3689.00,57408.00,35291.00,9363.00,25928.00,1961765.00,34829.00,1.81,1996705.00,32706.00,1.67
1960:Q1,1961848.00,720530.00,534527.00,3599.00,728.00,181676.00,423775.00,338812.00,45030.00,4997.00,34936.00,0.00,394287.00,339310.00,54977.00,198539.00,97482.00,76079.00,24978.00,197788.00,192230.00,4838.00,720.00,26929.00,61909.00,3544.00,58365.00,34980.00,8811.00,26169.00,1961848.00,83.00,0.00,2005537.00,8831.00,0.44
1960:Q2,1984063.00,726935.00,539185.00,3672.00,747.00,183331.00,426737.00,342539.00,45086.00,5032.00,34080.00,0.00,403002.00,347588.00,55414.00,199862.00,97313.00,76805.00,25744.00,200255.00,194584.00,4934.00,737.00,27272.00,63186.00,3753.00,59433.00,35914.00,9081.00,26833.00,1984063.00,22215.00,1.13,2022414.00,16878.00,0.84
1960:Q3,1976879.00,734741.00,545818.00,3726.00,766.00,184431.00,431122.00,346094.00,45234.00,5088.00,34706.00,0.00,376615.00,321285.00,55330.00,203812.00,99561.00,77733.00,26518.00,202943.00,197161.00,5027.00,755.00,27646.00,63802.00,3580.00,60222.00,36156.00,8460.00,27696.00,1976879.00,-7184.00,-0.36,2017433.00,-4981.00,-0.25
1960:Q4,2032833.00,737552.00,547589.00,3760.00,784.00,185419.00,434725.00,349081.00,45490.00,5154.00,35000.00,0.00,421074.00,365166.00,55908.00,205435.00,99774.00,78369.00,27292.00,205498.00,199598.00,5126.00,774.00,28549.00,66226.00,3984.00,62242.00,37677.00,9302.00,28375.00,2032833.00,55955.00,2.83,2070262.00,52829.00,2.62
1961:Q1,2085106.00,736009.00,545980.00,3809.00,807.00,185413.00,439691.00,353483.00,45736.00,5222.00,35250.00,0.00,466533.00,410353.00,56180.00,205918.00,98380.00,79449.00,28089.00,208422.00,202408.00,5221.00,793.00,28533.00,67972.00,4479.00,63493.00,39439.00,10468.00,28971.00,2085106.00,52272.00,2.57,2121091.00,50829.00,2.46
1961:Q2,2110814.00,748135.00,556950.00,3863.00,830.00,186492.00,444871.00,359268.00,45762.00,5280.00,34561.00,0.00,467636.00,411555.00,56081.00,209363.00,100437.00,79999.00,28927.00,211355.00,205230.00,5312.00,813.00,29454.00,69114.00,4440.00,64674.00,39660.00,10536.00,29124.00,2110814.00,25708.00,1.23,2142803.00,21711.00,1.02
1961:Q3,2145585.00,759553.00,567010.00,3919.00,855.00,187769.00,451522.00,364646.00,45730.00,5378.00,35768.00,0.00,479691.00,423621.00,56070.00,210634.00,99892.00,80946.00,29796.00,214254.00,208020.00,5401.00,833.00,29931.00,71243.00,4524.00,66719.00,41312.00,10900.00,30412.00,2145585.00,34771.00,1.65,2178643.00,35840.00,1.67
1961:Q4,2208212.00,769615.00,576368.00,3989.00,882.00,188376.00,457537.00,370084.00,45402.00,5480.00,36571.00,0.00,516192.00,437674.00,78518.00,216278.00,103601.00,81987.00,30690.00,217882.00,211537.00,5489.00,856.00,30708.00,73114.00,4902.00,68212.00,42406.00,11808.00,30598.00,2208212.00,62627.00,2.92,2232907.00,54264.00,2.49
1962:Q1,2221201.00,779408.00,584759.00,4053.00,914.00,189682.00,464516.00,375802.00,45683.00,5500.00,37531.00,0.00,505572.00,427931.00,77641.00,217674.00,103418.00,82686.00,31570.00,222318.00,215863.00,5576.00,879.00,31713.00,74676.00,4878.00,69798.00,42963.00,11548.00,31415.00,2221201.00,12989.00,0.59,2245978.00,13071.00,0.59
1962:Q2,2124498.00,786520.00,590011.00,4122.00,946.00,191441.00,470243.00,381404.00,45870.00,5569.00,37400.00,0.00,386371.00,326582.00,59789.00,220557.00,103828.00,84258.00,32471.00,226258.00,219683.00,5674.00,901.00,34549.00,75271.00,3847.00,71424.00,40722.00,8793.00,31929.00,2124498.00,-96703.00,-4.35,2149776.00,-96202.00,-4.28
1962:Q3,2170203.00,793692.00,594920.00,4191.00,979.00,193602.00,476880.00,386444.00,46088.00,5626.00,38722.00,0.00,408488.00,345363.00,63125.00,226845.00,107329.00,86124.00,33392.00,229330.00,222639.00,5768.00,923.00,34968.00,76493.00,4185.00,72308.00,41525.00,9267.00,32258.00,2170203.00,45705.00,2.15,2188541.00,38765.00,1.80
1962:Q4,2283303.00,803569.00,603604.00,4245.00,1011.00,194709.00,482180.00,391707.00,46186.00,5680.00,38607.00,0.00,499109.00,424314.00,74795.00,230340.00,107338.00,88649.00,34353.00,233282.00,226474.00,5861.00,947.00,34823.00,78324.00,4714.00,73610.00,43501.00,10336.00,33165.00,2283303.00,113100.00,5.21,2292244.00,103703.00,4.74
1963:Q1,2331427.00,813437.00,611427.00,4309.00,1046.00,196655.00,486448.00,395830.00,46732.00,5707.00,38179.00,0.00,527887.00,447981.00,79906.00,231616.00,107893.00,88274.00,35449.00,236678.00,229725.00,5980.00,973.00,35361.00,80344.00,4943.00,75401.00,44983.00,10950.00,34033.00,2331427.00,48124.00,2.11,2339003.00,46759.00,2.04
1963:Q2,2372519.00,817640.00,612853.00,4372.00,1085.00,199330.00,489287.00,398720.00,47180.00,5760.00,37628.00,0.00,553939.00,469026.00,84913.00,235080.00,109111.00,89284.00,36685.00,240614.00,233498.00,6115.00,1001.00,35959.00,82795.00,5053.00,77742.00,46836.00,11526.00,35310.00,2372519.00,41092.00,1.76,2371254.00,32251.00,1.38
1963:Q3,2415991.00,830883.00,623306.00,4448.00,1125.00,202004.00,490660.00,400427.00,47484.00,5842.00,36906.00,0.00,577178.00,487677.00,89501.00,237389.00,110187.00,89127.00,38075.00,244182.00,236903.00,6247.00,1032.00,35699.00,83776.00,5094.00,78682.00,48077.00,12031.00,36046.00,2415991.00,43471.00,1.83,2413221.00,41968.00,1.77
1963:Q4,2413215.00,839163.00,628622.00,4529.00,1168.00,204844.00,495127.00,405397.00,47574.00,5958.00,36198.00,0.00,553330.00,465779.00,87551.00,240050.00,110313.00,90205.00,39532.00,248684.00,241217.00,6401.00,1066.00,36861.00,85645.00,5145.00,80500.00,48784.00,12485.00,36299.00,2413215.00,-2776.00,-0.11,2407144.00,-6077.00,-0.25
1964:Q1,2463267.00,843876.00,630274.00,4611.00,1211.00,207780.00,498177.00,408364.00,48263.00,5993.00,35557.00,0.00,587915.00,495027.00,92888.00,243063.00,111702.00,90342.00,41019.00,252507.00,244864.00,6544.00,1099.00,37729.00,87615.00,5300.00,82315.00,49886.00,13137.00,36749.00,2463267.00,50052.00,2.07,2454360.00,47216.00,1.96
1964:Q2,2514780.00,860175.00,643749.00,4697.00,1252.00,210477.00,506334.00,416477.00,48917.00,6089.00,34851.00,0.00,606920.00,511094.00,95826.00,246259.00,112593.00,91219.00,42447.00,256714.00,248874.00,6707.00,1133.00,38378.00,89302.00,5332.00,83970.00,50924.00,13468.00,37456.00,2514780.00,51513.00,2.09,2498774.00,44415.00,1.81
1964:Q3,2557804.00,869243.00,649814.00,4785.00,1294.00,213350.00,512278.00,421549.00,49337.00,6158.00,35234.00,0.00,627876.00,528953.00,98923.00,248831.00,113756.00,91266.00,43809.00,260963.00,252941.00,6856.00,1166.00,38613.00,91416.00,5352.00,86064.00,52803.00,13766.00,39037.00,2557804.00,43024.00,1.71,2544502.00,45728.00,1.83
1964:Q4,2600760.00,884106.00,662499.00,4873.00,1334.00,215400.00,521653.00,430762.00,49569.00,6186.00,35137.00,0.00,641976.00,545955.00,96021.00,251089.00,114313.00,91675.00,45101.00,265415.00,257188.00,7029.00,1198.00,36521.00,94853.00,5270.00,89583.00,58332.00,13835.00,44497.00,2600760.00,42957.00,1.68,2588046.00,43544.00,1.71
1965:Q1,2645263.00,895205.00,669614.00,4969.00,1375.00,219247.00,529376.00,436138.00,50621.00,6298.00,36319.00,0.00,658083.00,559834.00,98249.00,252682.00,115196.00,91090.00,46396.00,271301.00,262867.00,7203.00,1231.00,38616.00,97433.00,5180.00,92253.00,58817.00,13914.00,44903.00,2645263.00,44503.00,1.71,2632760.00,44714.00,1.73
1965:Q2,2649609.00,903700.00,675093.00,5055.00,1420.00,222132.00,537627.00,441753.00,51519.00,6409.00,37946.00,0.00,633045.00,539451.00,93594.00,257102.00,117409.00,91916.00,47777.00,277367.00,268723.00,7377.00,1267.00,40768.00,99176.00,4809.00,94367.00,58408.00,13279.00,45129.00,2649609.00,4345.00,0.16,2628896.00,-3864.00,-0.15
1965:Q3,2727185.00,912539.00,681036.00,5170.00,1468.00,224865.00,543236.00,446934.00,52242.00,6486.00,37574.00,0.00,688677.00,587928.00,100749.00,259166.00,117866.00,92044.00,49256.00,283005.00,274181.00,7518.00,1306.00,40562.00,100733.00,5041.00,95692.00,60171.00,14296.00,45875.00,2727185.00,77576.00,2.93,2706534.00,77638.00,2.95
1965:Q4,2816142.00,930935.00,696286.00,5257.00,1522.00,227870.00,556912.00,458451.00,52389.00,6463.00,39609.00,0.00,729875.00,623812.00,106063.00,262527.00,119022.00,92645.00,50860.00,288875.00,279810.00,7716.00,1349.00,47018.00,108194.00,5048.00,103146.00,61176.00,14599.00,46577.00,2816142.00,88958.00,3.26,2785844.00,79310.00,2.93
1966:Q1,2817064.00,935815.00,696079.00,5366.00,1573.00,232797.00,562772.00,461800.00,53256.00,6603.00,41113.00,0.00,709573.00,606267.00,103306.00,265535.00,121083.00,91927.00,52525.00,294701.00,285386.00,7920.00,1395.00,48668.00,109380.00,4846.00,104534.00,60712.00,14027.00,46685.00,2817064.00,922.00,0.03,2792926.00,7081.00,0.25
1966:Q2,2859216.00,971316.00,726016.00,5501.00,1626.00,238173.00,579242.00,476893.00,54173.00,6674.00,41502.00,0.00,681091.00,581050.00,100041.00,271518.00,123831.00,93481.00,54206.00,305020.00,295446.00,8132.00,1442.00,51029.00,111525.00,4592.00,106933.00,60496.00,12923.00,47573.00,2859216.00,42152.00,1.50,2823693.00,30767.00,1.10
1966:Q3,2815464.00,979812.00,728570.00,5636.00,1681.00,243925.00,586231.00,481987.00,55307.00,6685.00,42252.00,0.00,611587.00,523227.00,88360.00,274589.00,124927.00,93777.00,55885.00,311480.00,301652.00,8338.00,1490.00,51765.00,112670.00,4122.00,108548.00,60905.00,11455.00,49450.00,2815464.00,-43752.00,-1.53,2794622.00,-29071.00,-1.03
1966:Q4,2907517.00,1005984.00,748935.00,5795.00,1738.00,249516.00,597841.00,493570.00,56843.00,6690.00,40738.00,0.00,656100.00,547891.00,108209.00,278607.00,125608.00,95462.00,57537.00,319191.00,309032.00,8621.00,1538.00,49794.00,113819.00,4324.00,109495.00,64025.00,12643.00,51382.00,2907517.00,92053.00,3.27,2885317.00,90695.00,3.25
1967:Q1,3015788.00,1013794.00,753320.00,5920.00,1795.00,252759.00,603242.00,498688.00,57554.00,6668.00,40332.00,0.00,742453.00,625556.00,116897.00,282373.00,127433.00,95727.00,59213.00,326105.00,315672.00,8843.00,1590.00,47821.00,115992.00,4875.00,111117.00,68171.00,16002.00,52169.00,3015788.00,108271.00,3.72,2993234.00,107917.00,3.74
1967:Q2,3060324.00,1028913.00,762765.00,6047.00,1853.00,258248.00,611960.00,504858.00,58364.00,6752.00,41987.00,0.00,754630.00,641312.00,113318.00,287292.00,128949.00,97366.00,60977.00,331472.00,320779.00,9049.00,1644.00,46057.00,118320.00,4919.00,113401.00,72263.00,19156.00,53107.00,3060324.00,44536.00,1.48,3031833.00,38600.00,1.29
1967:Q3,3147695.00,1047814.00,774483.00,6175.00,1917.00,265239.00,619671.00,511908.00,59573.00,6863.00,41328.00,0.00,804532.00,678588.00,125944.00,293043.00,131248.00,98968.00,62827.00,340760.00,329803.00,9256.00,1701.00,41875.00,121298.00,5227.00,116071.00,79423.00,23588.00,55835.00,3147695.00,87371.00,2.85,3117455.00,85622.00,2.82
1967:Q4,3227183.00,1074443.00,794221.00,6317.00,1984.00,271921.00,631474.00,522958.00,60646.00,7023.00,40847.00,0.00,829869.00,712221.00,117648.00,299173.00,134053.00,100329.00,64791.00,348818.00,337466.00,9590.00,1762.00,43406.00,127030.00,5238.00,121792.00,83624.00,25511.00,58113.00,3227183.00,79487.00,2.53,3184393.00,66938.00,2.15
1968:Q1,3231486.00,1104938.00,817753.00,6435.00,2050.00,278700.00,645151.00,533776.00,61264.00,7203.00,42908.00,0.00,771076.00,652734.00,118342.00,303656.00,136633.00,100255.00,66768.00,360929.00,349247.00,9855.00,1827.00,45736.00,129452.00,4938.00,124514.00,83716.00,24631.00,59085.00,3231486.00,4303.00,0.13,3204792.00,20399.00,0.64
1968:Q2,3387397.00,1130406.00,836122.00,6573.00,2120.00,285591.00,657488.00,543214.00,62588.00,7242.00,44444.00,0.00,878753.00,731114.00,147639.00,307529.00,137371.00,101350.00,68808.00,368752.00,356799.00,10059.00,1894.00,44469.00,132948.00,5750.00,127198.00,88479.00,28212.00,60267.00,3387397.00,155911.00,4.82,3343526.00,138735.00,4.33
1968:Q3,3444073.00,1152242.00,849479.00,6714.00,2195.00,293854.00,666884.00,550910.00,63767.00,7263.00,44944.00,0.00,895325.00,728536.00,166789.00,312228.00,139521.00,101804.00,70903.00,373571.00,361338.00,10267.00,1966.00,43823.00,136334.00,6104.00,130230.00,92511.00,28883.00,63628.00,3444073.00,56676.00,1.67,3405936.00,62410.00,1.87
1968:Q4,3629167.00,1200813.00,889605.00,6876.00,2274.00,302058.00,685651.00,569262.00,64819.00,7322.00,44247.00,0.00,989633.00,843150.00,146483.00,318961.00,142697.00,103210.00,73054.00,387278.00,374660.00,10575.00,2043.00,46831.00,142297.00,6452.00,135845.00,95466.00,29517.00,65949.00,3629167.00,185093.00,5.37,3575541.00,169605.00,4.98
1969:Q1,3645190.00,1233242.00,914582.00,7037.00,2344.00,309279.00,699665.00,580615.00,65713.00,7459.00,45878.00,0.00,939784.00,803399.00,136385.00,325429.00,146817.00,103292.00,75320.00,399829.00,386875.00,10833.00,2121.00,47241.00,144943.00,6516.00,138427.00,97702.00,28598.00,69104.00,3645190.00,16023.00,0.44,3592820.00,17279.00,0.48
1969:Q2,3668935.00,1259294.00,932881.00,7208.00,2417.00,316788.00,713498.00,591182.00,66784.00,7514.00,48018.00,0.00,901158.00,774485.00,126673.00,333853.00,150841.00,105362.00,77650.00,414223.00,400926.00,11094.00,2203.00,46909.00,148379.00,6737.00,141642.00,101470.00,27895.00,73575.00,3668935.00,23745.00,0.65,3599733.00,6914.00,0.19
1969:Q3,3686565.00,1278065.00,945017.00,7409.00,2491.00,323148.00,721023.00,598402.00,68166.00,7650.00,46805.00,0.00,875844.00,743955.00,131889.00,336882.00,151925.00,104916.00,80041.00,423603.00,409933.00,11380.00,2290.00,51148.00,151244.00,6763.00,144481.00,100096.00,26633.00,73463.00,3686565.00,17630.00,0.48,3622373.00,22640.00,0.63
1969:Q4,3707496.00,1308560.00,968674.00,7605.00,2568.00,329713.00,734621.00,609003.00,69958.00,7757.00,47903.00,0.00,833656.00,705075.00,128581.00,342270.00,154208.00,105614.00,82448.00,437406.00,423220.00,11805.00,2381.00,50983.00,155943.00,6953.00,148990.00,104960.00,26761.00,78199.00,3707496.00,20931.00,0.57,3641970.00,19597.00,0.54
1970:Q1,3722906.00,1318187.00,973544.00,7805.00,2644.00,334194.00,743669.00,616240.00,70958.00,7791.00,48680.00,0.00,808263.00,677754.00,130509.00,350198.00,157689.00,107621.00,84888.00,450372.00,435771.00,12126.00,2475.00,52217.00,159377.00,6749.00,152628.00,107160.00,25996.00,81164.00,3722906.00,15410.00,0.42,3670735.00,28765.00,0.79
1970:Q2,3645164.00,1356672.00,1006440.00,7995.00,2718.00,339519.00,765975.00,637153.00,72147.00,7788.00,48887.00,0.00,642705.00,541573.00,101132.00,357034.00,161089.00,108689.00,87256.00,467373.00,452419.00,12383.00,2571.00,55405.00,160665.00,5713.00,154952.00,105260.00,21457.00,83803.00,3645164.00,-77742.00,-2.09,3601374.00,-69361.00,-1.89
1970:Q3,3774950.00,1362730.00,1005793.00,8169.00,2791.00,345977.00,765773.00,636222.00,73301.00,7904.00,48346.00,0.00,748681.00,633467.00,115214.00,362418.00,163603.00,109245.00,89570.00,481968.00,466658.00,12645.00,2665.00,53380.00,163384.00,6471.00,156913.00,110004.00,24473.00,85531.00,3774950.00,129786.00,3.56,3723680.00,122306.00,3.40
1970:Q4,3917053.00,1390695.00,1025204.00,8354.00,2862.00,354275.00,778646.00,648063.00,75678.00,8143.00,46762.00,0.00,824660.00,702189.00,122471.00,369275.00,167588.00,109820.00,91867.00,498999.00,483073.00,13171.00,2755.00,54778.00,168795.00,6573.00,162222.00,114017.00,27209.00,86808.00,3917053.00,142103.00,3.76,3848133.00,124452.00,3.34
1971:Q1,4079320.00,1427016.00,1051931.00,8579.00,2936.00,363570.00,802198.00,666251.00,77510.00,8349.00,50089.00,0.00,912811.00,774490.00,138321.00,376030.00,171724.00,110274.00,94032.00,512316.00,496003.00,13470.00,2843.00,48949.00,169437.00,7287.00,162150.00,120488.00,30545.00,89943.00,4079320.00,162267.00,4.14,4009086.00,160953.00,4.18
1971:Q2,4151238.00,1460907.00,1078498.00,8773.00,3007.00,370629.00,823183.00,684252.00,78884.00,8391.00,51657.00,0.00,911453.00,778343.00,133110.00,382576.00,175462.00,111104.00,96010.00,525782.00,509159.00,13691.00,2932.00,47337.00,172806.00,7486.00,165320.00,125469.00,29701.00,95768.00,4151238.00,71918.00,1.76,4077802.00,68716.00,1.71
1971:Q3,4198771.00,1490713.00,1104238.00,8921.00,3077.00,374477.00,842447.00,702376.00,79920.00,8371.00,51780.00,0.00,903856.00,765304.00,138552.00,386211.00,177499.00,110897.00,97815.00,536016.00,519078.00,13918.00,3020.00,39528.00,175655.00,7218.00,168437.00,136127.00,29859.00,106268.00,4198771.00,47533.00,1.15,4134653.00,56850.00,1.39
1971:Q4,4329312.00,1517856.00,1127739.00,9063.00,3143.00,377911.00,861887.00,719630.00,80399.00,8218.00,53640.00,0.00,967230.00,823753.00,143477.00,391019.00,181723.00,109817.00,99479.00,550116.00,532839.00,14169.00,3108.00,41204.00,183649.00,7641.00,176008.00,142445.00,30811.00,111634.00,4329312.00,130540.00,3.11,4254073.00,119420.00,2.89
1972:Q1,4509508.00,1570862.00,1171254.00,9454.00,3215.00,386939.00,888126.00,742508.00,82388.00,8409.00,54821.00,0.00,1025943.00,871948.00,153995.00,426643.00,184752.00,140770.00,101121.00,562600.00,544901.00,14501.00,3198.00,35334.00,184205.00,8779.00,175426.00,148871.00,33513.00,115358.00,4509508.00,180197.00,4.16,4409830.00,155757.00,3.66
1972:Q2,4563472.00,1600620.00,1192509.00,9833.00,3292.00,394986.00,911207.00,760609.00,83987.00,8441.00,58170.00,0.00,1023873.00,874936.00,148937.00,420929.00,189070.00,128872.00,102987.00,572127.00,554025.00,14814.00,3288.00,34716.00,186808.00,9359.00,177449.00,152092.00,33803.00,118289.00,4563472.00,53964.00,1.20,4468977.00,59147.00,1.34
1972:Q3,4672789.00,1649557.00,1232534.00,10196.00,3371.00,403456.00,937245.00,783635.00,85197.00,8405.00,60008.00,0.00,1049113.00,893435.00,155678.00,420672.00,196522.00,119112.00,105038.00,586078.00,567581.00,15113.00,3384.00,30124.00,190541.00,9616.00,180925.00,160417.00,35099.00,125318.00,4672789.00,109317.00,2.40,4588626.00,119649.00,2.68
1972:Q4,4947004.00,1714193.00,1290675.00,10558.00,3458.00,409502.00,969766.00,812021.00,85057.00,8281.00,64408.00,0.00,1192744.00,1032664.00,160080.00,422433.00,204170.00,110986.00,107277.00,603282.00,584379.00,15426.00,3477.00,44586.00,214905.00,10537.00,204368.00,170319.00,39059.00,131260.00,4947004.00,274215.00,5.87,4832113.00,243487.00,5.31
1973:Q1,4955365.00,1758650.00,1322715.00,11001.00,3553.00,421381.00,1008567.00,841725.00,87586.00,8429.00,70827.00,257.00,1105552.00,970552.00,135000.00,431429.00,211800.00,109859.00,109770.00,623706.00,604269.00,15851.00,3586.00,27204.00,204603.00,12272.00,192331.00,177399.00,37594.00,139805.00,4955365.00,8360.00,0.17,4853946.00,21832.00,0.45
1973:Q2,5016124.00,1819079.00,1369699.00,11537.00,3668.00,434175.00,1054087.00,877440.00,90131.00,8484.00,78032.00,506.00,1021455.00,903639.00,117816.00,443087.00,218903.00,111532.00,112652.00,645219.00,625102.00,16400.00,3717.00,32691.00,209713.00,11887.00,197826.00,177022.00,34552.00,142470.00,5016124.00,60759.00,1.23,4893276.00,39330.00,0.81
1973:Q3,5237748.00,1891192.00,1430284.00,12057.00,3806.00,445045.00,1101831.00,918462.00,92621.00,8497.00,82251.00,735.00,1092352.00,953484.00,138868.00,453581.00,225198.00,112454.00,115929.00,665807.00,644919.00,17016.00,3872.00,32250.00,213160.00,11711.00,201449.00,180910.00,37905.00,143005.00,5237748.00,221624.00,4.42,5078411.00,185135.00,3.78
1973:Q4,5217783.00,1943160.00,1472632.00,12517.00,3967.00,454044.00,1137625.00,952736.00,94523.00,8452.00,81914.00,950.00,928312.00,809377.00,118935.00,463575.00,231002.00,112980.00,119593.00,692161.00,670562.00,17546.00,4053.00,52000.00,227799.00,10026.00,217773.00,175799.00,33516.00,142283.00,5217783.00,-19965.00,-0.38,5043449.00,-34962.00,-0.69
1974:Q1,5266493.00,1944362.00,1462386.00,13193.00,4139.00,464644.00,1166524.00,981951.00,96538.00,8657.00,79379.00,1146.00,901160.00,784167.00,116993.00,475154.00,237964.00,113776.00,123414.00,729903.00,707251.00,18409.00,4243.00,48244.00,232200.00,10625.00,221575.00,183956.00,34242.00,149714.00,5266493.00,48710.00,0.93,5075079.00,31630.00,0.63
1974:Q2,5299825.00,1962167.00,1461485.00,14046.00,4306.00,482330.00,1198869.00,1015814.00,100107.00,8822.00,74125.00,1343.00,807694.00,723296.00,84398.00,489787.00,247514.00,115176.00,127097.00,783250.00,759427.00,19405.00,4418.00,56715.00,240216.00,9769.00,230447.00,183501.00,30543.00,152958.00,5299825.00,33331.00,0.63,5058798.00,-16281.00,-0.32
1974:Q3,5271223.00,2002013.00,1475406.00,15167.00,4466.00,506974.00,1252207.00,1056064.00,105823.00,8913.00,81407.00,1530.00,602301.00,540407.00,61894.00,510975.00,261083.00,119277.00,130615.00,838461.00,813119.00,20763.00,4579.00,63736.00,246391.00,8388.00,238003.00,182655.00,24012.00,158643.00,5271223.00,-28602.00,-0.54,5010898.00,-47901.00,-0.95
1974:Q4,5457730.00,2064399.00,1517696.00,16435.00,4615.00,525653.00,1292573.00,1092686.00,114470.00,8954.00,76463.00,1706.00,623481.00,557581.00,65900.00,531598.00,276257.00,121340.00,134001.00,876548.00,849490.00,22330.00,4728.00,67425.00,256929.00,9011.00,247918.00,189504.00,23921.00,165583.00,5457730.00,186507.00,3.54,5156893.00,145995.00,2.91
1975:Q1,5748389.00,2142379.00,1582858.00,17398.00,4768.00,537355.00,1327887.00,1125232.00,119216.00,9160.00,74280.00,1829.00,764613.00,684902.00,79711.00,543870.00,283633.00,123099.00,137138.00,898086.00,869872.00,23342.00,4872.00,69725.00,266253.00,11291.00,254962.00,196528.00,30308.00,166220.00,5748389.00,290659.00,5.33,5422872.00,265979.00,5.16
1975:Q2,5993815.00,2216102.00,1642027.00,18153.00,4903.00,551019.00,1365290.00,1151521.00,123251.00,9467.00,81051.00,1921.00,882406.00,791599.00,90807.00,550973.00,284978.00,126146.00,139849.00,904437.00,875288.00,24139.00,5010.00,72686.00,273589.00,10805.00,262784.00,200903.00,35096.00,165807.00,5993815.00,245426.00,4.27,5654023.00,231151.00,4.26
1975:Q3,5935881.00,2228730.00,1642336.00,18651.00,5025.00,562718.00,1388602.00,1171457.00,125437.00,9446.00,82262.00,2015.00,773701.00,701690.00,72011.00,556780.00,286117.00,128462.00,142201.00,909482.00,879533.00,24808.00,5141.00,76571.00,277738.00,9108.00,268630.00,201167.00,32046.00,169121.00,5935881.00,-57934.00,-0.97,5631602.00,-22421.00,-0.40
1975:Q4,6098536.00,2286480.00,1684206.00,19180.00,5136.00,577958.00,1413739.00,1196958.00,127389.00,9266.00,80126.00,2135.00,829793.00,754817.00,74976.00,564093.00,288077.00,131820.00,144196.00,918165.00,887365.00,25536.00,5264.00,84131.00,288549.00,9585.00,278964.00,204418.00,33399.00,171019.00,6098536.00,162655.00,2.74,5795379.00,163777.00,2.91
1976:Q1,6328413.00,2335010.00,1717934.00,19842.00,5250.00,591984.00,1442756.00,1222961.00,131064.00,9574.00,79157.00,1837.00,958677.00,868179.00,90498.00,575720.00,292384.00,137260.00,146076.00,929673.00,898130.00,26157.00,5386.00,84740.00,298532.00,9885.00,288647.00,213792.00,39514.00,174278.00,6328413.00,229877.00,3.77,6001564.00,206185.00,3.56
1976:Q2,6514361.00,2420296.00,1789837.00,20418.00,5419.00,604622.00,1493054.00,1266331.00,133867.00,9833.00,83023.00,1861.00,978354.00,887651.00,90703.00,584359.00,297173.00,138203.00,148983.00,943139.00,910776.00,26838.00,5525.00,93298.00,307684.00,9642.00,298042.00,214386.00,39559.00,174827.00,6514361.00,185948.00,2.94,6176428.00,174864.00,2.91
1976:Q3,6625376.00,2471441.00,1826561.00,21082.00,5572.00,618226.00,1527318.00,1302414.00,136588.00,9877.00,78438.00,1799.00,989577.00,897275.00,92302.00,596904.00,304328.00,140825.00,151751.00,949104.00,915925.00,27510.00,5669.00,89233.00,313657.00,9283.00,304374.00,224424.00,40120.00,184304.00,6625376.00,111014.00,1.70,6287568.00,111139.00,1.80
1976:Q4,6832057.00,2543109.00,1880025.00,21838.00,5735.00,635511.00,1568526.00,1341057.00,139084.00,9688.00,78698.00,1943.00,1024775.00,927300.00,97475.00,610164.00,312586.00,142779.00,154799.00,959354.00,925383.00,28145.00,5826.00,124186.00,384163.00,9453.00,374710.00,259977.00,47475.00,212502.00,6832057.00,206682.00,3.12,6450636.00,163068.00,2.59
1977:Q1,6920436.00,2630011.00,1949358.00,22450.00,5882.00,652321.00,1614915.00,1381466.00,143579.00,9936.00,79934.00,1803.00,948012.00,856996.00,91016.00,623527.00,317411.00,148681.00,157435.00,977608.00,942914.00,28718.00,5976.00,124560.00,387329.00,9591.00,377738.00,262769.00,44313.00,218456.00,6920436.00,88379.00,1.29,6561565.00,110930.00,1.72
1977:Q2,7128945.00,2742964.00,2047570.00,23058.00,6053.00,666283.00,1658031.00,1421956.00,147395.00,10043.00,78638.00,1927.00,976773.00,881959.00,94814.00,634159.00,321770.00,151931.00,160458.00,992153.00,956610.00,29406.00,6137.00,122938.00,396261.00,9823.00,386438.00,273323.00,46038.00,227285.00,7128945.00,208509.00,3.01,6746294.00,184728.00,2.82
1977:Q3,7250512.00,2839331.00,2125108.00,23729.00,6239.00,684255.00,1708743.00,1467923.00,151021.00,10058.00,79740.00,1877.00,937737.00,845194.00,92543.00,637271.00,320806.00,152659.00,163806.00,1010696.00,974276.00,30115.00,6305.00,114857.00,403621.00,10252.00,393369.00,288764.00,44502.00,244262.00,7250512.00,121567.00,1.71,6884395.00,138101.00,2.05
1977:Q4,7414752.00,2947307.00,2211304.00,24480.00,6434.00,705089.00,1762668.00,1512676.00,153777.00,10010.00,86205.00,1711.00,912469.00,819054.00,93415.00,646959.00,322344.00,157259.00,167356.00,1025965.00,988564.00,30920.00,6481.00,117673.00,425419.00,10110.00,415309.00,307746.00,45129.00,262617.00,7414752.00,164240.00,2.27,7044362.00,159967.00,2.32
1978:Q1,7566209.00,3042454.00,2286391.00,25250.00,6657.00,724156.00,1835224.00,1567899.00,159957.00,10699.00,96669.00,1858.00,865451.00,773767.00,91684.00,659800.00,327293.00,161718.00,170789.00,1043637.00,1005166.00,31798.00,6673.00,117785.00,437247.00,10544.00,426703.00,319462.00,43234.00,276228.00,7566209.00,151457.00,2.04,7212479.00,168117.00,2.39
1978:Q2,7872572.00,3172608.00,2392252.00,26116.00,6894.00,747346.00,1905538.00,1627929.00,164544.00,11058.00,102007.00,1937.00,932982.00,833089.00,99893.00,673548.00,336096.00,163066.00,174386.00,1071887.00,1032277.00,32724.00,6886.00,114072.00,443753.00,10730.00,433023.00,329681.00,47584.00,282097.00,7872572.00,306363.00,4.05,7468497.00,256018.00,3.55
1978:Q3,8156355.00,3288658.00,2483986.00,27006.00,7164.00,770502.00,1971250.00,1685332.00,169416.00,11190.00,105312.00,2082.00,1005421.00,895681.00,109740.00,688220.00,344749.00,165007.00,178464.00,1100779.00,1059969.00,33695.00,7115.00,99945.00,450942.00,11832.00,439110.00,350997.00,51327.00,299670.00,8156355.00,283784.00,3.60,7716117.00,247620.00,3.32
1978:Q4,8374073.00,3408005.00,2577511.00,27912.00,7463.00,795119.00,2038873.00,1742627.00,174002.00,10959.00,111284.00,1973.00,958383.00,856213.00,102170.00,699855.00,350740.00,166173.00,182942.00,1129275.00,1087447.00,34464.00,7364.00,137709.00,502626.00,11236.00,491390.00,364917.00,47859.00,317058.00,8374073.00,217717.00,2.67,7897630.00,181513.00,2.35
1979:Q1,8723882.00,3561983.00,2704236.00,28851.00,7779.00,821117.00,2124738.00,1806495.00,179697.00,11442.00,127103.00,2065.00,1019863.00,910760.00,109103.00,719462.00,364312.00,167418.00,187732.00,1160003.00,1116474.00,35881.00,7648.00,135768.00,517159.00,11735.00,505424.00,381391.00,51322.00,330069.00,8723882.00,349809.00,4.18,8213038.00,315408.00,3.99
1979:Q2,9060874.00,3717561.00,2832579.00,29755.00,8116.00,847111.00,2213103.00,1884492.00,186723.00,11861.00,130027.00,2315.00,1039672.00,920994.00,118678.00,739603.00,375887.00,170764.00,192952.00,1202353.00,1157421.00,36991.00,7941.00,146267.00,531085.00,12022.00,519063.00,384818.00,52534.00,332284.00,9060874.00,336992.00,3.86,8484842.00,271803.00,3.31
1979:Q3,9412712.00,3845333.00,2937035.00,30633.00,8482.00,869183.00,2299711.00,1963854.00,193396.00,12046.00,130415.00,2495.00,1106947.00,980996.00,125951.00,762021.00,388978.00,174402.00,198641.00,1250780.00,1204849.00,37666.00,8265.00,145425.00,555986.00,14087.00,541899.00,410561.00,55881.00,354680.00,9412712.00,351838.00,3.88,8772407.00,287566.00,3.39
1979:Q4,9734459.00,3962029.00,3025997.00,31525.00,8850.00,895657.00,2378705.00,2033457.00,202095.00,12205.00,130948.00,2694.00,1132450.00,1014625.00,117825.00,780476.00,398177.00,177902.00,204397.00,1299201.00,1251995.00,38618.00,8588.00,178904.00,590413.00,14803.00,575610.00,411509.00,55434.00,356075.00,9734459.00,321747.00,3.42,9047811.00,275404.00,3.14
1980:Q1,9944091.00,4113215.00,3142501.00,32857.00,9253.00,928604.00,2447160.00,2100244.00,205762.00,12549.00,128605.00,1240.00,1055683.00,956763.00,98920.00,798133.00,405538.00,181448.00,211147.00,1346354.00,1297439.00,39970.00,8945.00,182306.00,604856.00,14344.00,590512.00,422550.00,53575.00,368975.00,9944091.00,209631.00,2.15,9238635.00,190823.00,2.11
1980:Q2,10358323.00,4223790.00,3229277.00,34086.00,9621.00,950806.00,2526303.00,2167109.00,213618.00,13012.00,132564.00,1628.00,1199737.00,1076420.00,123317.00,821757.00,415205.00,189067.00,217485.00,1396073.00,1345336.00,41430.00,9307.00,189035.00,622320.00,17548.00,604772.00,433285.00,60991.00,372294.00,10358323.00,414233.00,4.17,9582457.00,343823.00,3.72
1980:Q3,10812723.00,4369674.00,3354028.00,35223.00,9989.00,970434.00,2607563.00,2237965.00,221329.00,13510.00,134760.00,1540.00,1342296.00,1213806.00,128490.00,844488.00,429179.00,191503.00,223806.00,1453363.00,1400829.00,42865.00,9669.00,193799.00,637206.00,19083.00,618123.00,443407.00,67590.00,375817.00,10812723.00,454400.00,4.39,9985120.00,402663.00,4.20
1980:Q4,11209908.00,4451151.00,3413722.00,36149.00,10389.00,990891.00,2689187.00,2313816.00,227621.00,13668.00,134082.00,1923.00,1475994.00,1346332.00,129662.00,869589.00,441517.00,197606.00,230466.00,1508022.00,1453888.00,44092.00,10042.00,214042.00,692877.00,18930.00,673947.00,478835.00,74586.00,404249.00,11209908.00,397184.00,3.67,10326542.00,341421.00,3.42
1981:Q1,11424181.00,4514660.00,3458906.00,37200.00,10750.00,1007804.00,2751702.00,2368252.00,234879.00,14485.00,134086.00,2110.00,1488591.00,1350793.00,137798.00,888364.00,447706.00,203679.00,236979.00,1557765.00,1502006.00,45335.00,10424.00,220989.00,711570.00,18883.00,692687.00,490581.00,76834.00,413747.00,11424181.00,214273.00,1.91,10522408.00,195866.00,1.90
1981:Q2,11717357.00,4715711.00,3637211.00,38285.00,11185.00,1029030.00,2804921.00,2410792.00,242218.00,14898.00,137013.00,2232.00,1462811.00,1315628.00,147183.00,908197.00,453876.00,210030.00,244291.00,1599432.00,1541861.00,46774.00,10797.00,224053.00,727173.00,18417.00,708756.00,503120.00,78076.00,425044.00,11717357.00,293176.00,2.57,10786249.00,263841.00,2.51
1981:Q3,11743368.00,4841960.00,3743288.00,39179.00,11567.00,1047926.00,2839342.00,2445497.00,247449.00,15225.00,131171.00,2005.00,1264326.00,1135956.00,128370.00,925989.00,458774.00,216587.00,250628.00,1638553.00,1579807.00,47598.00,11148.00,231193.00,736854.00,15333.00,721521.00,505661.00,69484.00,436177.00,11743368.00,26011.00,0.22,10862174.00,75925.00,0.70
1981:Q4,12025405.00,4916756.00,3803851.00,40085.00,12053.00,1060767.00,2883149.00,2485585.00,253958.00,15314.00,128292.00,1938.00,1365561.00,1225445.00,140116.00,945276.00,464993.00,222191.00,258092.00,1671758.00,1611417.00,48821.00,11520.00,240967.00,764513.00,16467.00,748046.00,523546.00,74683.00,448863.00,12025405.00,282037.00,2.40,11153041.00,290866.00,2.68
1982:Q1,12082570.00,5030334.00,3903891.00,40704.00,12379.00,1073360.00,2928206.00,2524606.00,253163.00,15420.00,135017.00,1893.00,1224213.00,1090243.00,133970.00,963435.00,471662.00,227732.00,264041.00,1699785.00,1638375.00,49525.00,11885.00,234704.00,745969.00,14044.00,731925.00,511265.00,68554.00,442711.00,12082570.00,57165.00,0.48,11252288.00,99247.00,0.89
1982:Q2,12196007.00,5075104.00,3935371.00,41614.00,12713.00,1085406.00,2965400.00,2554070.00,257049.00,15596.00,138686.00,1943.00,1195638.00,1073469.00,122169.00,983421.00,478364.00,235407.00,269650.00,1733058.00,1670377.00,50444.00,12237.00,241443.00,760968.00,13513.00,747455.00,519525.00,67704.00,451821.00,12196007.00,113437.00,0.94,11367146.00,114858.00,1.02
1982:Q3,12379777.00,5096936.00,3948646.00,42219.00,13033.00,1093038.00,2984044.00,2575496.00,260725.00,15923.00,131900.00,2123.00,1312377.00,1172612.00,139765.00,995224.00,481209.00,239306.00,274709.00,1757350.00,1693382.00,51406.00,12562.00,231723.00,758210.00,13693.00,744517.00,526487.00,74449.00,452038.00,12379777.00,183770.00,1.51,11580321.00,213176.00,1.88
1982:Q4,12621424.00,5148110.00,3989640.00,42671.00,13405.00,1102394.00,3005182.00,2589754.00,265272.00,16570.00,133586.00,2531.00,1545043.00,1386269.00,158774.00,1003720.00,481645.00,241874.00,280201.00,1764837.00,1699858.00,52101.00,12878.00,152001.00,755991.00,17442.00,738549.00,603990.00,88324.00,515666.00,12621424.00,241647.00,1.95,11913267.00,332946.00,2.88
1983:Q1,12930476.00,5214003.00,4039787.00,43240.00,13682.00,1117294.00,3046265.00,2618859.00,269771.00,17330.00,140305.00,2678.00,1709233.00,1533575.00,175658.00,1015173.00,481861.00,248119.00,285193.00,1772578.00,1706527.00,52853.00,13198.00,170546.00,770414.00,19401.00,751013.00,599868.00,98625.00,501243.00,12930476.00,309052.00,2.45,12254283.00,341016.00,2.86
1983:Q2,13216087.00,5274275.00,4084119.00,43763.00,13933.00,1132460.00,3059981.00,2634447.00,271868.00,17844.00,135821.00,2892.00,1923683.00,1736437.00,187246.00,1025812.00,482456.00,253436.00,289920.00,1775473.00,1708295.00,53641.00,13537.00,153971.00,780293.00,22898.00,757395.00,626322.00,110389.00,515933.00,13216087.00,285611.00,2.21,12542209.00,287926.00,2.35
1983:Q3,13294595.00,5340978.00,4130510.00,44356.00,14299.00,1151813.00,3082374.00,2663928.00,271639.00,18109.00,128698.00,2894.00,1890158.00,1709243.00,180915.00,1045930.00,488894.00,260872.00,296164.00,1782786.00,1714243.00,54623.00,13920.00,149475.00,791937.00,24289.00,767648.00,642462.00,110130.00,532332.00,13294595.00,78508.00,0.59,12678903.00,136693.00,1.09
1983:Q4,13405628.00,5410793.00,4175852.00,45262.00,14644.00,1175035.00,3120897.00,2704845.00,268085.00,17920.00,130047.00,3081.00,1829812.00,1630197.00,199615.00,1061049.00,492432.00,266513.00,302104.00,1788506.00,1718646.00,55545.00,14315.00,191490.00,851855.00,26154.00,825701.00,660365.00,109555.00,550810.00,13405628.00,111033.00,0.84,12774422.00,95519.00,0.75
1984:Q1,13559106.00,5608230.00,4352222.00,45875.00,14989.00,1195144.00,3147806.00,2720812.00,272306.00,18625.00,136063.00,3033.00,1720443.00,1527519.00,192924.00,1081567.00,503294.00,269310.00,308963.00,1798629.00,1727121.00,56779.00,14729.00,199398.00,871617.00,28801.00,842816.00,672219.00,105627.00,566592.00,13559106.00,153478.00,1.14,12997705.00,223283.00,1.75
1984:Q2,13664717.00,5771749.00,4486325.00,46616.00,15202.00,1223606.00,3168251.00,2738908.00,274701.00,19242.00,135400.00,2692.00,1629309.00,1455724.00,173585.00,1091009.00,503301.00,273852.00,313856.00,1816738.00,1743881.00,57741.00,15116.00,184969.00,891565.00,25051.00,866514.00,706596.00,100731.00,605865.00,13664717.00,105611.00,0.78,13207218.00,209513.00,1.61
1984:Q3,13944816.00,5923376.00,4614701.00,47319.00,15499.00,1245857.00,3192964.00,2765064.00,275430.00,19743.00,132727.00,3122.00,1743761.00,1542913.00,200848.00,1101431.00,504710.00,277009.00,319712.00,1833931.00,1759462.00,58964.00,15505.00,146231.00,876508.00,25456.00,851052.00,730277.00,107372.00,622905.00,13944816.00,280099.00,2.05,13530276.00,323058.00,2.45
1984:Q4,14098374.00,6067104.00,4733727.00,48100.00,15698.00,1269579.00,3221720.00,2789414.00,275491.00,19860.00,136955.00,3068.00,1763171.00,1553280.00,209891.00,1119369.00,511911.00,283275.00,324183.00,1850411.00,1774608.00,59916.00,15887.00,73531.00,849399.00,25994.00,823405.00,775868.00,104852.00,671016.00,14098374.00,153558.00,1.10,13793900.00,263624.00,1.95
1985:Q1,14447778.00,6228769.00,4864801.00,48554.00,15968.00,1299446.00,3248669.00,2813346.00,276459.00,20477.00,138387.00,3401.00,1905766.00,1671084.00,234682.00,1132169.00,517111.00,285031.00,330027.00,1871019.00,1793155.00,61569.00,16295.00,57985.00,858255.00,30324.00,827931.00,800270.00,112979.00,687291.00,14447778.00,349404.00,2.48,14175999.00,382099.00,2.77
1985:Q2,14746338.00,6407436.00,5016505.00,49115.00,16221.00,1325595.00,3261045.00,2830100.00,277072.00,20936.00,132937.00,3650.00,2012155.00,1743624.00,268531.00,1143741.00,521959.00,286155.00,335627.00,1889007.00,1809331.00,63005.00,16671.00,29304.00,858638.00,32398.00,826240.00,829334.00,120428.00,708906.00,14746338.00,298560.00,2.07,14497757.00,321758.00,2.27
1985:Q3,14870902.00,6595961.00,5179237.00,49693.00,16487.00,1350544.00,3294616.00,2863583.00,279958.00,21596.00,129479.00,3836.00,1885919.00,1641750.00,244169.00,1160167.00,525069.00,293765.00,341333.00,1910506.00,1829152.00,64314.00,17040.00,19897.00,874642.00,37738.00,836904.00,854745.00,115106.00,739639.00,14870902.00,124564.00,0.84,14674670.00,176913.00,1.22
1985:Q4,15556858.00,6784057.00,5339883.00,50419.00,16706.00,1377049.00,3353945.00,2912260.00,283745.00,22017.00,135923.00,3861.00,2226022.00,1916908.00,309114.00,1170119.00,527519.00,296382.00,346218.00,1935363.00,1852045.00,65928.00,17390.00,83491.00,1010654.00,44383.00,966271.00,927163.00,136791.00,790372.00,15556858.00,685956.00,4.61,15278268.00,603597.00,4.11
1986:Q1,16013786.00,6911020.00,5440600.00,51159.00,17057.00,1402204.00,3382962.00,2943506.00,284618.00,22490.00,132348.00,4394.00,2514018.00,2136797.00,377221.00,1180514.00,531653.00,297736.00,351125.00,1963135.00,1878320.00,67059.00,17756.00,57743.00,1038974.00,58372.00,980602.00,981231.00,162113.00,819118.00,16013786.00,456928.00,2.94,15774239.00,495972.00,3.25
1986:Q2,16334134.00,7079921.00,5574256.00,52297.00,17420.00,1435948.00,3413570.00,2975024.00,287726.00,22867.00,127953.00,5163.00,2621586.00,2244577.00,377009.00,1196503.00,535104.00,305300.00,356099.00,1997456.00,1910389.00,68900.00,18167.00,19935.00,1060166.00,64259.00,995907.00,1040231.00,178274.00,861957.00,16334134.00,320348.00,2.00,16139833.00,365594.00,2.32
1986:Q3,16355989.00,7257945.00,5704192.00,53403.00,17745.00,1482605.00,3457241.00,3016221.00,291843.00,23534.00,125643.00,5169.00,2382173.00,2031804.00,350369.00,1212591.00,539464.00,312499.00,360628.00,2030522.00,1941327.00,70594.00,18601.00,10348.00,1090246.00,72043.00,1018203.00,1079898.00,172779.00,907119.00,16355989.00,21855.00,0.13,16292091.00,152258.00,0.94
1986:Q4,16810270.00,7422354.00,5827694.00,54289.00,18069.00,1522302.00,3498212.00,3054746.00,294553.00,24424.00,124489.00,5545.00,2609800.00,2240835.00,368965.00,1231178.00,550393.00,315584.00,365201.00,2063380.00,1971261.00,73060.00,19059.00,-20199.00,1115399.00,72399.00,1043000.00,1135598.00,183172.00,952426.00,16810270.00,454281.00,2.78,16840962.00,548871.00,3.37
1987:Q1,17538649.00,7585712.00,5957737.00,55365.00,18524.00,1554086.00,3545057.00,3093668.00,297853.00,24953.00,128583.00,5996.00,3136272.00,2708148.00,428124.00,1247109.00,554796.00,321379.00,370934.00,2092832.00,1999017.00,74270.00,19545.00,-74329.00,1147408.00,91583.00,1055825.00,1221737.00,228339.00,993398.00,17538649.00,728379.00,4.33,17494922.00,653960.00,3.88
1987:Q2,17816926.00,7755347.00,6091743.00,56213.00,19002.00,1588389.00,3581112.00,3128894.00,298691.00,25832.00,127695.00,5747.00,3198905.00,2783592.00,415313.00,1259331.00,558506.00,323320.00,377505.00,2125272.00,2029473.00,75746.00,20053.00,-108788.00,1154828.00,99680.00,1055148.00,1263616.00,242944.00,1020672.00,17816926.00,278277.00,1.59,17781985.00,287063.00,1.64
1987:Q3,18188422.00,7919103.00,6217409.00,57089.00,19498.00,1625107.00,3615603.00,3163807.00,298405.00,26938.00,126453.00,5895.00,3363362.00,2944431.00,418931.00,1279544.00,568151.00,326805.00,384588.00,2159751.00,2062046.00,77110.00,20595.00,-154836.00,1178357.00,107277.00,1071080.00,1333193.00,259413.00,1073780.00,18188422.00,371496.00,2.09,18192352.00,410368.00,2.31
1987:Q4,17771211.00,8040329.00,6308911.00,58600.00,20155.00,1652663.00,3669627.00,3208385.00,303651.00,28116.00,129475.00,5274.00,2615600.00,2286653.00,328947.00,1292808.00,567069.00,332110.00,393629.00,2185022.00,2085273.00,78576.00,21173.00,-37449.00,1246831.00,94700.00,1152131.00,1284280.00,189006.00,1095274.00,17771211.00,-417210.00,-2.29,18019712.00,-172641.00,-0.95
1988:Q1,18159095.00,8208224.00,6447452.00,59722.00,20957.00,1680093.00,3730072.00,3258015.00,308989.00,29452.00,133615.00,5605.00,2772367.00,2419233.00,353134.00,1310219.00,567440.00,339955.00,402824.00,2215179.00,2113093.00,80282.00,21804.00,-82571.00,1264467.00,110010.00,1154457.00,1347038.00,199740.00,1147298.00,18159095.00,387883.00,2.18,18492574.00,472862.00,2.62
1988:Q2,18536311.00,8425307.00,6623837.00,60752.00,21698.00,1719020.00,3778068.00,3300177.00,312271.00,30570.00,135050.00,6089.00,2899595.00,2514872.00,384723.00,1327936.00,572756.00,344506.00,410674.00,2239516.00,2134906.00,82146.00,22464.00,-140200.00,1269405.00,105733.00,1163672.00,1409605.00,211473.00,1198132.00,18536311.00,377216.00,2.08,18902600.00,410026.00,2.22
1988:Q3,18759654.00,8597054.00,6754639.00,61711.00,22344.00,1758360.00,3823601.00,3340498.00,314641.00,31587.00,136876.00,5889.00,2863593.00,2459275.00,404318.00,1347661.00,582237.00,348532.00,416892.00,2265715.00,2158292.00,84290.00,23133.00,-143859.00,1288448.00,108506.00,1179942.00,1432307.00,211836.00,1220471.00,18759654.00,223344.00,1.20,19212544.00,309944.00,1.64
1988:Q4,19129185.00,8763194.00,6876562.00,63306.00,23020.00,1800306.00,3875578.00,3388668.00,319675.00,31703.00,135532.00,5632.00,2946957.00,2558076.00,388881.00,1376213.00,597405.00,355910.00,422898.00,2289844.00,2179685.00,86308.00,23851.00,-128233.00,1364598.00,128662.00,1235936.00,1492831.00,213813.00,1279018.00,19129185.00,369530.00,1.97,19690066.00,477522.00,2.49
1989:Q1,19513913.00,8925262.00,7000839.00,64582.00,23763.00,1836078.00,3931303.00,3433232.00,324053.00,33433.00,140585.00,5779.00,3092460.00,2669423.00,423037.00,1392401.00,599185.00,364031.00,429185.00,2313816.00,2200445.00,88755.00,24616.00,-147108.00,1409017.00,133621.00,1275396.00,1556125.00,226810.00,1329315.00,19513913.00,384728.00,2.01,20133219.00,443153.00,2.25
1989:Q2,19979716.00,9092831.00,7138526.00,65726.00,24518.00,1864061.00,3987665.00,3486037.00,326556.00,34640.00,140433.00,5310.00,3303923.00,2835812.00,468111.00,1412497.00,606383.00,371162.00,434952.00,2351314.00,2235126.00,90748.00,25440.00,-173824.00,1422551.00,137833.00,1284718.00,1596375.00,247993.00,1348382.00,19979716.00,465803.00,2.39,20530806.00,397587.00,1.97
1989:Q3,20551941.00,9325903.00,7337194.00,67212.00,25257.00,1896240.00,4020245.00,3519714.00,329161.00,35556.00,135814.00,5593.00,3564742.00,3056089.00,508653.00,1435921.00,615505.00,380443.00,439973.00,2385682.00,2266322.00,93064.00,26296.00,-186145.00,1478378.00,171711.00,1306667.00,1664523.00,275749.00,1388774.00,20551941.00,572225.00,2.86,21085826.00,555020.00,2.70
1989:Q4,20808658.00,9464624.00,7444347.00,68558.00,26054.00,1925665.00,4065893.00,3557102.00,333544.00,35749.00,139497.00,4712.00,3615610.00,3138600.00,477010.00,1450399.00,624573.00,380771.00,445055.00,2415047.00,2292383.00,95495.00,27169.00,-207627.00,1529898.00,197345.00,1332553.00,1737525.00,275709.00,1461816.00,20808658.00,256717.00,1.25,21447879.00,362053.00,1.72
1990:Q1,20787575.00,9602389.00,7538504.00,70033.00,26812.00,1967040.00,4084988.00,3572314.00,333936.00,36353.00,142385.00,4624.00,3450376.00,3005478.00,444898.00,1466818.00,627681.00,388773.00,450364.00,2449933.00,2324310.00,97575.00,28048.00,-271553.00,1492476.00,162878.00,1329598.00,1764029.00,260910.00,1503119.00,20787575.00,-21083.00,-0.10,21546170.00,98291.00,0.46
1990:Q2,21064369.00,9664673.00,7573468.00,71145.00,27607.00,1992453.00,4095519.00,3579600.00,336730.00,37031.00,142158.00,4424.00,3588635.00,3134877.00,453758.00,1481690.00,631514.00,394175.00,456001.00,2486443.00,2357268.00,100258.00,28917.00,-257015.00,1550278.00,190890.00,1359388.00,1807293.00,269743.00,1537550.00,21064369.00,276794.00,1.33,21775805.00,229635.00,1.07
1990:Q3,20615754.00,9736900.00,7619635.00,72648.00,28399.00,2016218.00,4110258.00,3589676.00,338405.00,38282.00,143895.00,4149.00,3010696.00,2653601.00,357095.00,1500749.00,637356.00,401709.00,461684.00,2523599.00,2390516.00,103307.00,29776.00,-270597.00,1563906.00,166628.00,1397278.00,1834503.00,230043.00,1604460.00,20615754.00,-448615.00,-2.13,21541178.00,-234627.00,-1.08
1990:Q4,21062302.00,9747151.00,7604702.00,74319.00,29027.00,2039103.00,4113786.00,3587363.00,342211.00,39426.00,144787.00,3962.00,3333710.00,2955814.00,377896.00,1515540.00,641616.00,408171.00,465753.00,2541304.00,2404695.00,105972.00,30637.00,-193151.00,1638666.00,197596.00,1441070.00,1831817.00,242615.00,1589202.00,21062302.00,446549.00,2.17,22009625.00,468447.00,2.17
1991:Q1,21697870.00,9814858.00,7641121.00,75982.00,29954.00,2067801.00,4119287.00,3586604.00,344963.00,40789.00,146930.00,4197.00,3852473.00,3396441.00,456032.00,1533580.00,646710.00,414736.00,472134.00,2557245.00,2417077.00,108595.00,31573.00,-183770.00,1684696.00,220890.00,1463806.00,1868466.00,276092.00,1592374.00,21697870.00,635567.00,3.02,22609070.00,599445.00,2.72
1991:Q2,21707922.00,9866225.00,7674856.00,76826.00,30859.00,2083684.00,4102500.00,3575772.00,344997.00,41559.00,140171.00,4294.00,3824240.00,3354319.00,469921.00,1550165.00,652475.00,420590.00,477100.00,2589601.00,2447369.00,109890.00,32342.00,-229103.00,1661804.00,224206.00,1437598.00,1890907.00,276334.00,1614573.00,21707922.00,10052.00,0.05,22607706.00,-1364.00,-0.01
1991:Q3,21994998.00,9899142.00,7686281.00,77695.00,31744.00,2103422.00,4063361.00,3543594.00,343895.00,42607.00,133265.00,4629.00,4047899.00,3536308.00,511591.00,1569910.00,662505.00,426130.00,481275.00,2614645.00,2470358.00,111230.00,33057.00,-204588.00,1711075.00,258216.00,1452859.00,1915663.00,282180.00,1633483.00,21994998.00,287076.00,1.32,22860421.00,252714.00,1.12
1991:Q4,22547486.00,9957863.00,7729384.00,78767.00,32339.00,2117373.00,4040979.00,3521915.00,343092.00,42883.00,133089.00,4691.00,4568797.00,3998481.00,570316.00,1574949.00,661103.00,431931.00,481915.00,2620985.00,2473844.00,113442.00,33699.00,-220778.00,1734814.00,278976.00,1455838.00,1955592.00,291200.00,1664392.00,22547486.00,552488.00,2.51,23435219.00,574798.00,2.51
1992:Q1,22440589.00,10056865.00,7811679.00,80073.00,33006.00,2132107.00,4042881.00,3509767.00,350007.00,43237.00,139870.00,4700.00,4501369.00,3908353.00,593016.00,1581929.00,663961.00,435228.00,482740.00,2637904.00,2488493.00,115118.00,34293.00,-385059.00,1722205.00,257473.00,1464732.00,2107264.00,279172.00,1828092.00,22440589.00,-106898.00,-0.47,23484123.00,48904.00,0.21
1992:Q2,22489219.00,10099547.00,7831476.00,80954.00,33999.00,2153118.00,4014233.00,3480287.00,350317.00,44138.00,139491.00,4576.00,4484320.00,3870341.00,613979.00,1597187.00,669730.00,441050.00,486407.00,2674782.00,2522864.00,116875.00,35043.00,-385426.00,1766295.00,272908.00,1493387.00,2151721.00,280355.00,1871366.00,22489219.00,48630.00,0.22,23570686.00,86563.00,0.37
1992:Q3,22728219.00,10188309.00,7899710.00,82043.00,34949.00,2171607.00,4002723.00,3468374.00,348551.00,45348.00,140450.00,5042.00,4604121.00,3966349.00,637772.00,1610102.00,675448.00,444753.00,489901.00,2704060.00,2550030.00,118175.00,35855.00,-386138.00,1806318.00,296190.00,1510128.00,2192456.00,285368.00,1907088.00,22728219.00,239000.00,1.06,23848708.00,278022.00,1.18
1992:Q4,23310183.00,10274263.00,7961953.00,82840.00,36119.00,2193351.00,3990682.00,3459626.00,343344.00,46239.00,141474.00,5062.00,5107703.00,4361179.00,746524.00,1632816.00,686452.00,451276.00,495088.00,2738900.00,2582317.00,119851.00,36732.00,-439243.00,1790993.00,314266.00,1476727.00,2230236.00,308847.00,1921389.00,23310183.00,581964.00,2.56,24454043.00,605336.00,2.54
1993:Q1,23635518.00,10296724.00,7970374.00,83414.00,36428.00,2206508.00,4013011.00,3470607.00,348335.00,47046.00,147023.00,5959.00,5304972.00,4481787.00,823185.00,1646517.00,693888.00,457137.00,495492.00,2778853.00,2619579.00,121737.00,37537.00,-410518.00,1862069.00,365074.00,1496995.00,2272587.00,323329.00,1949258.00,23635518.00,325335.00,1.40,24794884.00,340841.00,1.39
1993:Q2,23902717.00,10410583.00,8053286.00,83929.00,37023.00,2236345.00,4036330.00,3494675.00,350383.00,47748.00,143523.00,5661.00,5331916.00,4502439.00,829477.00,1659133.00,700276.00,460462.00,498395.00,2816695.00,2655100.00,123373.00,38222.00,-357601.00,1956222.00,426520.00,1529702.00,2313823.00,320431.00,1993392.00,23902717.00,267198.00,1.13,25061324.00,266441.00,1.07
1993:Q3,24288291.00,10526192.00,8138471.00,84401.00,37349.00,2265971.00,4058596.00,3519347.00,351554.00,48303.00,139392.00,6396.00,5533278.00,4628385.00,904893.00,1668603.00,704869.00,464530.00,499204.00,2839835.00,2675970.00,125052.00,38813.00,-344609.00,2060071.00,491186.00,1568885.00,2404680.00,327673.00,2077007.00,24288291.00,385574.00,1.61,25411887.00,350563.00,1.40
1993:Q4,24726998.00,10651356.00,8225743.00,85115.00,38341.00,2302157.00,4086388.00,3547399.00,349650.00,49442.00,139898.00,6195.00,5753004.00,4842338.00,910666.00,1684169.00,711182.00,468120.00,504867.00,2879215.00,2713711.00,126113.00,39391.00,-333329.00,2177268.00,543862.00,1633406.00,2510597.00,340997.00,2169600.00,24726998.00,438708.00,1.81,25851021.00,439133.00,1.73
1994:Q1,24637293.00,10747174.00,8296275.00,86055.00,38743.00,2326101.00,4141950.00,3590465.00,355288.00,50814.00,145383.00,6175.00,5509287.00,4630536.00,878751.00,1693794.00,716733.00,470718.00,506343.00,2919471.00,2750773.00,128765.00,39933.00,-380558.00,2212050.00,578653.00,1633397.00,2592608.00,330689.00,2261919.00,24637293.00,-89705.00,-0.36,26001991.00,150970.00,0.58
1994:Q2,24823153.00,10874773.00,8389047.00,86834.00,39304.00,2359588.00,4195400.00,3640162.00,361827.00,51874.00,141537.00,5565.00,5434452.00,4541826.00,892626.00,1716343.00,723750.00,482966.00,509627.00,2953686.00,2782083.00,131069.00,40534.00,-357066.00,2291284.00,616744.00,1674540.00,2648350.00,328840.00,2319510.00,24823153.00,185860.00,0.75,26182465.00,180474.00,0.69
1994:Q3,25237916.00,10994603.00,8470700.00,87310.00,40082.00,2396511.00,4226025.00,3666155.00,365494.00,52494.00,141882.00,5605.00,5683732.00,4800739.00,882993.00,1731527.00,732870.00,484231.00,514426.00,3005656.00,2831288.00,133168.00,41200.00,-409232.00,2329292.00,626046.00,1703246.00,2738524.00,351444.00,2387080.00,25237916.00,414763.00,1.67,26530829.00,348363.00,1.33
1994:Q4,25548734.00,11089782.00,8537041.00,87566.00,41038.00,2424137.00,4269090.00,3707382.00,362130.00,52844.00,146734.00,5076.00,5690731.00,4796829.00,893902.00,1751350.00,742524.00,488121.00,520705.00,3060478.00,2884484.00,134054.00,41940.00,-317773.00,2418032.00,626762.00,1791270.00,2735805.00,352812.00,2382993.00,25548734.00,310818.00,1.23,26783271.00,252442.00,0.95
1995:Q1,26142429.00,11177405.00,8586315.00,88129.00,42266.00,2460695.00,4308725.00,3740448.00,363297.00,55702.00,149278.00,5321.00,6155864.00,5167983.00,987881.00,1765927.00,750945.00,485315.00,529667.00,3112683.00,2933383.00,136613.00,42687.00,-383496.00,2493356.00,644382.00,1848974.00,2876852.00,377573.00,2499279.00,26142429.00,593695.00,2.32,27348709.00,565438.00,2.11
1995:Q2,26806524.00,11275117.00,8659034.00,89139.00,42614.00,2484330.00,4341288.00,3769727.00,368579.00,57046.00,145935.00,5101.00,6678120.00,5594356.00,1083764.00,1777768.00,758969.00,486974.00,531825.00,3157153.00,2974780.00,139143.00,43230.00,-428023.00,2583908.00,668010.00,1915898.00,3011931.00,412156.00,2599775.00,26806524.00,664094.00,2.54,27900631.00,551922.00,2.02
1995:Q3,27534718.00,11389826.00,8751798.00,89696.00,43333.00,2504999.00,4391472.00,3818768.00,373583.00,57614.00,141508.00,5799.00,7228248.00,6024123.00,1204125.00,1786299.00,767193.00,483527.00,535579.00,3198390.00,3013622.00,141117.00,43651.00,-465316.00,2684011.00,728149.00,1955862.00,3149327.00,448511.00,2700816.00,27534718.00,728195.00,2.72,28554872.00,654241.00,2.34
1995:Q4,28234668.00,11497350.00,8834732.00,90118.00,43235.00,2529265.00,4438849.00,3861496.00,377289.00,56629.00,143435.00,5375.00,7690711.00,6406754.00,1283957.00,1794106.00,774337.00,486615.00,533154.00,3240832.00,3053520.00,143434.00,43878.00,-432555.00,2874215.00,790615.00,2083600.00,3306770.00,484180.00,2822590.00,28234668.00,699950.00,2.54,29213213.00,658341.00,2.31
1996:Q1,28850615.00,11636811.00,8940229.00,90217.00,43961.00,2562404.00,4487363.00,3903655.00,381767.00,59023.00,142918.00,5957.00,8060457.00,6683652.00,1376805.00,1822213.00,783488.00,502680.00,536045.00,3281285.00,3092006.00,145112.00,44167.00,-443471.00,2994803.00,849842.00,2144961.00,3438274.00,512003.00,2926271.00,28850615.00,615947.00,2.18,29854134.00,640921.00,2.19
1996:Q2,29282530.00,11739580.00,9026069.00,90251.00,44454.00,2578806.00,4497091.00,3897365.00,388600.00,60618.00,150508.00,5827.00,8375107.00,6988156.00,1386951.00,1809145.00,790337.00,481475.00,537333.00,3311052.00,3120280.00,146321.00,44451.00,-455272.00,3076339.00,903587.00,2172752.00,3531611.00,534464.00,2997147.00,29282530.00,431915.00,1.50,30276889.00,422756.00,1.42
1996:Q3,29619155.00,11859125.00,9118159.00,90890.00,44910.00,2605166.00,4523695.00,3918484.00,390345.00,60848.00,154018.00,6194.00,8535640.00,7047824.00,1487816.00,1818390.00,799090.00,480764.00,538536.00,3355173.00,3162493.00,147910.00,44770.00,-479062.00,3190683.00,939758.00,2250925.00,3669745.00,543271.00,3126474.00,29619155.00,336625.00,1.15,30568383.00,291494.00,0.96
1996:Q4,30073370.00,11985994.00,9221358.00,91444.00,45262.00,2627930.00,4597329.00,3963919.00,393407.00,59863.00,180140.00,6507.00,8699543.00,6760150.00,1939393.00,1823481.00,804075.00,480393.00,539013.00,3394805.00,3200343.00,149329.00,45133.00,-434289.00,3385450.00,1006135.00,2379315.00,3819739.00,585280.00,3234459.00,30073370.00,454215.00,1.53,30931149.00,362766.00,1.19
1997:Q1,30411032.00,12172863.00,9377410.00,92080.00,46337.00,2657036.00,4745176.00,4101955.00,399088.00,62122.00,182011.00,7451.00,8706996.00,6728324.00,1978672.00,1829008.00,808562.00,477114.00,543332.00,3431656.00,3235358.00,150617.00,45681.00,-482118.00,3475134.00,1019624.00,2455510.00,3957252.00,601272.00,3355980.00,30411032.00,337662.00,1.12,31326596.00,395447.00,1.28
1997:Q2,32156058.00,12311283.00,9503946.00,92858.00,47502.00,2666977.00,4814298.00,4165451.00,403250.00,63490.00,182107.00,8533.00,10180181.00,7879461.00,2300720.00,1836451.00,814434.00,474287.00,547730.00,3484309.00,3286181.00,151823.00,46305.00,-478997.00,3708549.00,1192191.00,2516358.00,4187546.00,723832.00,3463714.00,32156058.00,1745026.00,5.74,32775642.00,1449045.00,4.63
1997:Q3,33415140.00,12475767.00,9643343.00,93923.00,48470.00,2690031.00,4904123.00,4253833.00,403294.00,64301.00,182695.00,9520.00,11208221.00,8617920.00,2590301.00,1842786.00,822491.00,470167.00,550128.00,3522042.00,3322475.00,152685.00,46882.00,-547319.00,3843555.00,1244738.00,2598817.00,4390874.00,803708.00,3587166.00,33415140.00,1259082.00,3.92,33883762.00,1108121.00,3.38
1997:Q4,33858195.00,12688393.00,9826922.00,94610.00,48876.00,2717985.00,5039346.00,4386937.00,405817.00,64586.00,182006.00,9452.00,11343345.00,8609602.00,2733743.00,1850176.00,833332.00,468177.00,548667.00,3576562.00,3375149.00,153959.00,47454.00,-649079.00,3841350.00,1207787.00,2633563.00,4490429.00,838216.00,3652213.00,33858195.00,443055.00,1.33,34352325.00,468562.00,1.38
1998:Q1,35860145.00,12947862.00,10061749.00,96610.00,49401.00,2740102.00,5177225.00,4522091.00,408192.00,67289.00,179653.00,10023.00,12883816.00,9849182.00,3034634.00,1849846.00,835927.00,465258.00,548661.00,3611459.00,3408217.00,155202.00,48040.00,-620086.00,4080176.00,1385867.00,2694309.00,4700262.00,1004540.00,3695722.00,35860145.00,2001950.00,5.91,36153998.00,1801673.00,5.24
1998:Q2,36387492.00,13194560.00,10277602.00,98819.00,50416.00,2767723.00,5204897.00,4550242.00,411559.00,68842.00,174254.00,9794.00,13151577.00,10074675.00,3076902.00,1858147.00,840965.00,465161.00,552021.00,3646356.00,3440640.00,156918.00,48798.00,-677839.00,4152068.00,1370021.00,2782047.00,4829907.00,1045407.00,3784500.00,36387492.00,527347.00,1.47,36698804.00,544806.00,1.51
1998:Q3,35068845.00,13476283.00,10527020.00,101159.00,51379.00,2796725.00,5286528.00,4627334.00,420233.00,70225.00,168737.00,9525.00,11470857.00,8950465.00,2520392.00,1868380.00,850366.00,463598.00,554416.00,3707605.00,3499138.00,158879.00,49588.00,-750333.00,3996733.00,1167450.00,2829283.00,4747066.00,933205.00,3813861.00,35068845.00,-1318646.00,-3.62,35759785.00,-939019.00,-2.56
1998:Q4,37849947.00,13777899.00,10787652.00,103614.00,52882.00,2833751.00,5361349.00,4701281.00,420127.00,71955.00,167986.00,9561.00,13799973.00,10887494.00,2912479.00,1883318.00,858337.00,465261.00,559720.00,3766536.00,3555117.00,161051.00,50368.00,-748689.00,4299024.00,1474983.00,2824041.00,5047713.00,1108661.00,3939052.00,37849947.00,2781101.00,7.93,38146658.00,2386873.00,6.67
1999:Q1,38553732.00,14028581.00,11007361.00,106423.00,53545.00,2861252.00,5433601.00,4759641.00,426553.00,76711.00,170696.00,9414.00,14146435.00,11139050.00,3007385.00,1897297.00,865898.00,470364.00,561035.00,3820739.00,3606723.00,162860.00,51156.00,-782335.00,4441799.00,1527668.00,2914131.00,5224134.00,1216610.00,4007524.00,38553732.00,703786.00,1.86,38782776.00,636118.00,1.67
1999:Q2,40039427.00,14290774.00,11222218.00,108926.00,54793.00,2904837.00,5467996.00,4788392.00,428840.00,80082.00,170683.00,9911.00,15333179.00,12099669.00,3233510.00,1912613.00,876131.00,470240.00,566242.00,3891102.00,3674057.00,164993.00,52052.00,-866148.00,4629488.00,1656976.00,2972512.00,5495636.00,1327123.00,4168513.00,40039427.00,1485695.00,3.85,39987272.00,1204495.00,3.11
1999:Q3,39581535.00,14633508.00,11515748.00,111451.00,55630.00,2950679.00,5586230.00,4905441.00,428482.00,81356.00,170951.00,10076.00,14263343.00,11482816.00,2780527.00,1922907.00,883772.00,470257.00,568878.00,3945953.00,3725619.00,167342.00,52992.00,-780482.00,4772830.00,1701560.00,3071270.00,5553312.00,1245527.00,4307785.00,39581535.00,-457892.00,-1.14,39737656.00,-249616.00,-0.62
1999:Q4,43242250.00,14967348.00,11804471.00,114287.00,57501.00,2991089.00,5719243.00,5026862.00,433927.00,83547.00,174907.00,11546.00,17143528.00,14225332.00,2918196.00,1943793.00,892799.00,473534.00,577460.00,4020288.00,3795745.00,170556.00,53987.00,-563496.00,5057658.00,2003716.00,3053942.00,5621154.00,1435081.00,4186073.00,43242250.00,3660715.00,9.25,42870216.00,3132560.00,7.88
2000:Q1,44946217.00,15422303.00,12198073.00,117663.00,58644.00,3047923.00,5801695.00,5097222.00,439914.00,86642.00,177917.00,11520.00,18134178.00,15172813.00,2961365.00,1956534.00,901691.00,472629.00,582214.00,4092827.00,3864988.00,172828.00,55011.00,-472840.00,5270602.00,2089143.00,3181459.00,5743442.00,1521314.00,4222128.00,44946217.00,1703967.00,3.94,44214524.00,1344308.00,3.14
2000:Q2,44514263.00,15889689.00,12604041.00,121090.00,59853.00,3104705.00,5871205.00,5162041.00,441939.00,89588.00,177637.00,12202.00,17256344.00,14389447.00,2866897.00,1967239.00,911818.00,468503.00,586918.00,4181172.00,3949787.00,175271.00,56114.00,-663588.00,5280341.00,2054063.00,3226278.00,5943929.00,1522179.00,4421750.00,44514263.00,-431954.00,-0.96,43777023.00,-437501.00,-0.99
2000:Q3,45230016.00,16419723.00,13085983.00,124508.00,61048.00,3148184.00,6104320.00,5389460.00,446471.00,93006.00,175382.00,11845.00,17378574.00,14136341.00,3242233.00,1978482.00,919769.00,467356.00,591357.00,4244381.00,4009334.00,177758.00,57289.00,-907309.00,5193016.00,1942786.00,3250230.00,6100325.00,1552667.00,4547658.00,45230016.00,715752.00,1.61,44411845.00,634822.00,1.45
2000:Q4,43918907.00,16916054.00,13524901.00,127346.00,62039.00,3201768.00,6270741.00,5536291.00,453208.00,96434.00,184807.00,11655.00,15446277.00,12173189.00,3273088.00,1987742.00,926982.00,465825.00,594935.00,4309913.00,4071951.00,179720.00,58242.00,-1023475.00,5180541.00,1852842.00,3327699.00,6204016.00,1482537.00,4721479.00,43918907.00,-1311109.00,-2.90,43521514.00,-890331.00,-2.00
2001:Q1,42626924.00,17363134.00,13922916.00,130720.00,62740.00,3246758.00,6330053.00,5600152.00,445633.00,96435.00,187833.00,13441.00,13495027.00,10492411.00,3002616.00,1992626.00,934479.00,461148.00,596999.00,4383149.00,4143542.00,180435.00,59172.00,-950506.00,5207549.00,1654541.00,3553008.00,6158055.00,1350833.00,4807222.00,42626924.00,-1291983.00,-2.94,42603580.00,-917934.00,-2.11
2001:Q2,44046547.00,17747355.00,14271066.00,134234.00,63259.00,3278796.00,6398180.00,5664995.00,449871.00,97933.00,185381.00,14713.00,14634771.00,11396983.00,3237788.00,2000379.00,939086.00,462286.00,599007.00,4432456.00,4189463.00,182912.00,60081.00,-1181307.00,5237649.00,1718095.00,3519554.00,6418956.00,1473625.00,4945331.00,44046547.00,1419623.00,3.33,43838011.00,1234431.00,2.90
2001:Q3,42102404.00,18170735.00,14658807.00,137170.00,63386.00,3311372.00,6495278.00,5758950.00,456347.00,99643.00,180338.00,15084.00,12290488.00,9377992.00,2912496.00,2008240.00,945619.00,461842.00,600779.00,4480914.00,4234908.00,185382.00,60624.00,-1358335.00,4951543.00,1433884.00,3517659.00,6309878.00,1281358.00,5028520.00,42102404.00,-1944143.00,-4.41,42405538.00,-1432473.00,-3.27
2001:Q4,44024468.00,18432769.00,14864495.00,140185.00,63754.00,3364335.00,6519667.00,5769530.00,470151.00,105302.00,174685.00,6178.00,13930899.00,10781402.00,3149497.00,2011276.00,950890.00,456477.00,603909.00,4553459.00,4306631.00,185523.00,61305.00,-1429780.00,5222360.00,1612673.00,3609687.00,6652140.00,1441451.00,5210689.00,44024468.00,1922064.00,4.57,43967517.00,1561979.00,3.68
2002:Q1,44647965.00,18769171.00,15161881.00,144419.00,64753.00,3398118.00,6620268.00,5865682.00,470424.00,108156.00,176005.00,5237.00,14110597.00,10828872.00,3281725.00,2017742.00,953687.00,455834.00,608221.00,4617771.00,4368379.00,187485.00,61907.00,-1492821.00,5239029.00,1607025.00,3632004.00,6731850.00,1477303.00,5254547.00,44647965.00,623496.00,1.42,44633632.00,666115.00,1.52
2002:Q2,43503355.00,19178750.00,15521199.00,148315.00,65445.00,3443791.00,6693582.00,5934698.00,474004.00,111002.00,173879.00,5965.00,12342850.00,9214983.00,3127867.00,2029487.00,960378.00,457388.00,611721.00,4689519.00,4437855.00,189243.00,62421.00,-1436798.00,5272283.00,1521874.00,3750409.00,6709081.00,1280216.00,5428865.00,43503355.00,-1144609.00,-2.56,43605710.00,-1027922.00,-2.30
2002:Q3,41766797.00,19623579.00,15912585.00,152011.00,66558.00,3492425.00,6809651.00,6041302.00,478128.00,113453.00,176768.00,6050.00,10220717.00,7524481.00,2696236.00,2043503.00,966118.00,460064.00,617321.00,4748760.00,4495407.00,190057.00,63296.00,-1685463.00,5050102.00,1235475.00,3814627.00,6735565.00,1088781.00,5646784.00,41766797.00,-1736558.00,-3.99,42358702.00,-1247008.00,-2.86
2002:Q4,43311413.00,20035469.00,16285059.00,155868.00,67080.00,3527462.00,6959711.00,6175698.00,485481.00,115489.00,183043.00,4950.00,11011245.00,8157248.00,2853997.00,2059455.00,974455.00,463650.00,621350.00,4798468.00,4542954.00,191477.00,64037.00,-1557885.00,5401620.00,1373980.00,4027640.00,6959505.00,1229421.00,5730084.00,43311413.00,1544615.00,3.70,43505402.00,1146700.00,2.71
2003:Q1,43430957.00,20442602.00,16665095.00,158747.00,67800.00,3550960.00,7149021.00,6351314.00,493751.00,120025.00,183931.00,11906.00,10597507.00,7869687.00,2727820.00,2079029.00,986606.00,464793.00,627630.00,4884480.00,4627163.00,192606.00,64711.00,-1733588.00,5417738.00,1293453.00,4124285.00,7151326.00,1208832.00,5942494.00,43430957.00,119544.00,0.28,43810136.00,304734.00,0.70
2003:Q2,45840372.00,20854847.00,17035652.00,162473.00,69178.00,3587544.00,7280353.00,6473877.00,498409.00,124277.00,183790.00,12556.00,12386236.00,9198170.00,3188066.00,2094192.00,989494.00,467657.00,637041.00,4927937.00,4669161.00,193134.00,65642.00,-1715749.00,5846272.00,1581419.00,4264853.00,7562021.00,1448104.00,6113917.00,45840372.00,2409415.00,5.55,45567025.00,1756889.00,4.01
2003:Q3,46994230.00,21356568.00,17486486.00,166970.00,70552.00,3632560.00,7397704.00,6575754.00,501197.00,126142.00,194611.00,12680.00,12896964.00,9577415.00,3319549.00,2111895.00,993244.00,471586.00,647065.00,4972525.00,4711331.00,194620.00,66574.00,-1754106.00,6022778.00,1755385.00,4267393.00,7776884.00,1483137.00,6293747.00,46994230.00,1153858.00,2.52,46540439.00,973414.00,2.14
2003:Q4,49540127.00,21933407.00,18010895.00,171754.00,71588.00,3679170.00,7513681.00,6689721.00,501844.00,125887.00,196229.00,12951.00,14508037.00,10796040.00,3711997.00,2130360.00,999089.00,474927.00,656344.00,5024416.00,4760369.00,196561.00,67486.00,-1582725.00,6668665.00,2079422.00,4589243.00,8251390.00,1696233.00,6555157.00,49540127.00,2545897.00,5.42,48855353.00,2314914.00,4.97
2004:Q1,51039232.00,22638691.00,18651522.00,175589.00,72577.00,3739003.00,7773983.00,6924089.00,516374.00,131434.00,202085.00,11898.00,14970142.00,10998558.00,3971584.00,2154325.00,1010216.00,479641.00,664468.00,5102681.00,4835721.00,198418.00,68542.00,-1612488.00,6913094.00,2138460.00,4774634.00,8525582.00,1725986.00,6799596.00,51039232.00,1499105.00,3.03,51154390.00,2299037.00,4.71
2004:Q2,52209001.00,23452095.00,19400254.00,180626.00,73408.00,3797807.00,8093903.00,7219160.00,529431.00,136034.00,209278.00,11655.00,15065430.00,11204298.00,3861132.00,2188808.00,1030779.00,485833.00,672196.00,5254635.00,4984535.00,200579.00,69521.00,-1857525.00,7070428.00,2161543.00,4908885.00,8927953.00,1769673.00,7158280.00,52209001.00,1169769.00,2.29,52262357.00,1107967.00,2.17
2004:Q3,53257217.00,24238242.00,20148764.00,184682.00,74254.00,3830542.00,8436434.00,7560966.00,533546.00,137110.00,204811.00,12267.00,14747811.00,10825172.00,3922639.00,2229649.00,1059564.00,490197.00,679888.00,5466189.00,5194305.00,201351.00,70533.00,-1873375.00,7260261.00,2212356.00,5047905.00,9133636.00,1738936.00,7394700.00,53257217.00,1048216.00,2.01,53216563.00,954206.00,1.83
2004:Q4,56373556.00,25066814.00,20902388.00,189433.00,75501.00,3899492.00,8699499.00,7821868.00,535989.00,135321.00,206322.00,11194.00,16319864.00,12033723.00,4286141.00,2277131.00,1088246.00,498306.00,690579.00,5662768.00,5388052.00,203331.00,71385.00,-1663714.00,8035347.00,2560418.00,5474929.00,9699061.00,1952173.00,7746888.00,56373556.00,3116340.00,5.85,55880771.00,2664208.00,5.01
2005:Q1,57451502.00,25951782.00,21724031.00,194504.00,76394.00,3956853.00,8939922.00,8033337.00,554516.00,141631.00,210438.00,11538.00,16078573.00,11980205.00,4098368.00,2311268.00,1106119.00,505912.00,699237.00,5755168.00,5477578.00,205182.00,72408.00,-1596749.00,8307994.00,2649905.00,5658089.00,9904743.00,1933352.00,7971391.00,57451502.00,1077945.00,1.91,56951844.00,1071073.00,1.92
2005:Q2,59206687.00,26903508.00,22605890.00,198945.00,77585.00,4021088.00,9250994.00,8330026.00,567771.00,145471.00,207726.00,11598.00,16470611.00,12159752.00,4310859.00,2348993.00,1129462.00,509852.00,709679.00,5924264.00,5644363.00,206488.00,73413.00,-1703281.00,8439568.00,2704402.00,5735166.00,10142849.00,1972261.00,8170588.00,59206687.00,1755185.00,3.06,58462796.00,1510953.00,2.65
2005:Q3,61260084.00,27796479.00,23456323.00,202185.00,78374.00,4059597.00,9567104.00,8637722.00,570099.00,146619.00,212664.00,11725.00,17057781.00,12664344.00,4393437.00,2387167.00,1154326.00,514333.00,718508.00,6110313.00,5828189.00,207818.00,74306.00,-1670485.00,8843531.00,3078670.00,5764861.00,10514016.00,2062442.00,8451574.00,61260084.00,2053397.00,3.47,60178995.00,1716199.00,2.94
2005:Q4,62926218.00,28688567.00,24295201.00,206077.00,79492.00,4107797.00,9908298.00,8967783.00,574445.00,147638.00,218432.00,11715.00,17282836.00,12653130.00,4629706.00,2426527.00,1176508.00,520749.00,729270.00,6258965.00,5976793.00,206910.00,75262.00,-1650690.00,9027412.00,3317705.00,5709707.00,10678102.00,2117753.00,8560349.00,62926218.00,1666134.00,2.72,61936223.00,1757228.00,2.92
2006:Q1,65124242.00,29292496.00,24838326.00,210756.00,80572.00,4162842.00,10068901.00,9118349.00,583158.00,154150.00,213244.00,13125.00,18437846.00,13686947.00,4750899.00,2464269.00,1197221.00,528084.00,738964.00,6360738.00,6075891.00,208469.00,76378.00,-1513133.00,9752923.00,3682411.00,6070512.00,11266056.00,2256912.00,9009144.00,65124242.00,2198024.00,3.49,64015567.00,2079343.00,3.36
2006:Q2,65097933.00,29447826.00,24940085.00,215088.00,81087.00,4211566.00,10189653.00,9225335.00,591256.00,158297.00,214765.00,13013.00,17892712.00,13113252.00,4779460.00,2504736.00,1222683.00,536661.00,745392.00,6585858.00,6298793.00,209497.00,77568.00,-1535865.00,9999296.00,3673580.00,6325716.00,11535161.00,2233733.00,9301428.00,65097933.00,-26309.00,-0.04,63873282.00,-142285.00,-0.22
2006:Q3,65908271.00,29515116.00,24952175.00,220501.00,81792.00,4260648.00,10326314.00,9340106.00,604446.00,159605.00,222157.00,13138.00,18519626.00,13463770.00,5055856.00,2539870.00,1242070.00,544953.00,752847.00,6760883.00,6472487.00,209540.00,78856.00,-1766676.00,10429863.00,3828619.00,6601244.00,12196539.00,2387389.00,9809150.00,65908271.00,810338.00,1.24,64334198.00,460917.00,0.72
2006:Q4,67594741.00,29588314.00,24978966.00,226007.00,82823.00,4300518.00,10391038.00,9388190.00,620486.00,159523.00,222839.00,9680.00,19764256.00,14358011.00,5406245.00,2579758.00,1266625.00,550748.00,762385.00,7008006.00,6715135.00,212667.00,80204.00,-1746311.00,11056888.00,4328960.00,6727928.00,12803199.00,2558411.00,10244788.00,67594741.00,1686470.00,2.56,66231098.00,1896900.00,2.95
2007:Q1,68665041.00,29565533.00,24903431.00,232119.00,84195.00,4345788.00,10570995.00,9541248.00,632316.00,163827.00,233604.00,11101.00,20253280.00,14869345.00,5383935.00,2615919.00,1284095.00,557013.00,774811.00,7244736.00,6947845.00,215117.00,81774.00,-1596523.00,11704421.00,4536363.00,7168058.00,13300944.00,2600690.00,10700254.00,68665041.00,1070300.00,1.58,67267487.00,1036389.00,1.56
2007:Q2,69538581.00,29127254.00,24410530.00,237978.00,85483.00,4393263.00,10624620.00,9579693.00,644415.00,167225.00,233287.00,11387.00,21214219.00,15866816.00,5347403.00,2646383.00,1297393.00,561946.00,787044.00,7366219.00,7065653.00,217165.00,83401.00,-1451501.00,12569382.00,4958299.00,7611083.00,14020883.00,2861097.00,11159786.00,69538581.00,873540.00,1.27,67743510.00,476023.00,0.71
2007:Q3,69523806.00,28652558.00,23893769.00,242037.00,86696.00,4430056.00,10651292.00,9588406.00,652833.00,169688.00,240365.00,11387.00,21170453.00,16112181.00,5058272.00,2679185.00,1310653.00,569328.00,799204.00,7487173.00,7183531.00,218515.00,85127.00,-1128242.00,13254661.00,5262469.00,7992192.00,14382903.00,2943882.00,11439021.00,69523806.00,-14775.00,-0.02,67676264.00,-67246.00,-0.10
2007:Q4,67891822.00,28072864.00,23263384.00,245798.00,87643.00,4476039.00,10555584.00,9478774.00,659421.00,170100.00,247289.00,12630.00,20080970.00,15474983.00,4605987.00,2711299.00,1325382.00,576654.00,809263.00,7623135.00,7314764.00,221450.00,86921.00,-1164660.00,13407273.00,5247990.00,8159283.00,14571933.00,2953999.00,11617934.00,67891822.00,-1631984.00,-2.35,66485312.00,-1190952.00,-1.76
2008:Q1,64697066.00,27190756.00,22326232.00,248915.00,89051.00,4526558.00,10256322.00,9175979.00,650356.00,171221.00,258766.00,11071.00,18176958.00,14061497.00,4115461.00,2742414.00,1336130.00,584243.00,822041.00,7738035.00,7424806.00,224316.00,88913.00,-1418490.00,13219286.00,4786880.00,8432406.00,14637776.00,2747026.00,11890750.00,64697066.00,-3194756.00,-4.71,63975932.00,-2509379.00,-3.77
2008:Q2,62783565.00,26141432.00,21248273.00,252063.00,90331.00,4550765.00,9892095.00,8799972.00,646165.00,171566.00,274391.00,10078.00,17633013.00,13960694.00,3672319.00,2772491.00,1346804.00,593640.00,832047.00,7837534.00,7518651.00,228084.00,90799.00,-1503078.00,12988929.00,4701709.00,8287220.00,14492007.00,2701219.00,11790788.00,62783565.00,-1913502.00,-2.96,62321015.00,-1654918.00,-2.59
2008:Q3,59676972.00,25399942.00,20464004.00,257691.00,91473.00,4586774.00,9783825.00,8683518.00,659565.00,174173.00,266569.00,6577.00,16017825.00,12329348.00,3688477.00,2803875.00,1358611.00,604660.00,840604.00,7990665.00,7666114.00,232078.00,92473.00,-2325737.00,11745718.00,3636110.00,8109608.00,14071455.00,2490107.00,11581348.00,59676972.00,-3106592.00,-4.95,60066404.00,-2254610.00,-3.62
2008:Q4,54246621.00,24376882.00,19442649.00,263997.00,91624.00,4578612.00,9422881.00,8305027.00,699595.00,178630.00,239630.00,10669.00,12489109.00,9609437.00,2879672.00,2829206.00,1369788.00,616172.00,843246.00,8193292.00,7863341.00,236380.00,93571.00,-3075418.00,10623977.00,2748428.00,7875549.00,13699395.00,1929859.00,11769536.00,54246621.00,-5430351.00,-9.10,55763334.00,-4303070.00,-7.16
2009:Q1,52016592.00,23733393.00,18807859.00,267511.00,91912.00,4566111.00,9055689.00,7943713.00,699990.00,179884.00,232103.00,13014.00,10916192.00,8560848.00,2355344.00,2835121.00,1368593.00,621932.00,844596.00,8298974.00,7966598.00,237835.00,94541.00,-2835791.00,10309969.00,2456973.00,7852996.00,13145760.00,1712381.00,11433379.00,52016592.00,-2230029.00,-4.11,54439616.00,-1323719.00,-2.37
2009:Q2,53605647.00,23433185.00,18501612.00,269660.00,92666.00,4569247.00,8595872.00,7486063.00,703631.00,180508.00,225670.00,12237.00,12842521.00,9955428.00,2887093.00,2825112.00,1345974.00,630846.00,848292.00,8257506.00,7923389.00,238457.00,95660.00,-2360786.00,11109298.00,3162209.00,7947089.00,13470084.00,2037931.00,11432153.00,53605647.00,1589055.00,3.05,55432748.00,993132.00,1.82
2009:Q3,55594576.00,23274466.00,18352827.00,271331.00,93732.00,4556576.00,8265447.00,7159367.00,703211.00,183010.00,219859.00,12493.00,15096116.00,11532543.00,3563573.00,2821441.00,1328321.00,639501.00,853619.00,8212970.00,7876772.00,239359.00,96839.00,-2088357.00,12179012.00,3836151.00,8342861.00,14267369.00,2444023.00,11823346.00,55594576.00,1988928.00,3.71,56925752.00,1493004.00,2.69
2009:Q4,56343559.00,23387960.00,18431544.00,271906.00,96394.00,4588116.00,8266724.00,7164671.00,696325.00,183190.00,222538.00,14802.00,15806461.00,12223833.00,3582628.00,2842106.00,1326091.00,649770.00,866245.00,8242982.00,7903581.00,240865.00,98536.00,-2217476.00,12144789.00,3995295.00,8149494.00,14362265.00,2657426.00,11704839.00,56343559.00,748984.00,1.35,57825057.00,899306.00,1.58
2010:Q1,57021153.00,23340986.00,18385575.00,270574.00,97577.00,4587260.00,8246902.00,7125948.00,704156.00,185578.00,231219.00,15352.00,16671567.00,12692061.00,3979506.00,2867115.00,1331121.00,656338.00,879656.00,8310987.00,7968040.00,242939.00,100008.00,-2431756.00,12388840.00,4135014.00,8253826.00,14820596.00,2860612.00,11959984.00,57021153.00,677594.00,1.20,58888781.00,1063724.00,1.84
2010:Q2,55409682.00,23401396.00,18447649.00,272700.00,99118.00,4581929.00,8466871.00,7336665.00,710938.00,189547.00,229721.00,15136.00,14822131.00,11204225.00,3617906.00,2894334.00,1334184.00,663908.00,896242.00,8395303.00,8049600.00,244132.00,101571.00,-2585489.00,12101648.00,3734612.00,8367036.00,14687137.00,2540483.00,12146654.00,55409682.00,-1611471.00,-2.83,57951930.00,-936851.00,-1.59
2010:Q3,57171070.00,23115545.00,18162027.00,276215.00,99680.00,4577623.00,8556148.00,7412670.00,713548.00,190387.00,239544.00,15527.00,16460079.00,12555486.00,3904593.00,2922226.00,1343161.00,670638.00,908427.00,8470561.00,8122777.00,244971.00,102813.00,-2369016.00,13259590.00,4475807.00,8783783.00,15628606.00,2863550.00,12765056.00,57171070.00,1761388.00,3.18,59610424.00,1658493.00,2.86
2010:Q4,59307556.00,23044767.00,18076215.00,280125.00,101759.00,4586668.00,8687059.00,7531170.00,709154.00,189865.00,256870.00,15944.00,18336122.00,13995728.00,4340394.00,2957476.00,1352481.00,680922.00,924073.00,8557532.00,8207688.00,245407.00,104437.00,-2291344.00,13762708.00,4900246.00,8862462.00,16054052.00,3213464.00,12840588.00,59307556.00,2136485.00,3.74,62066560.00,2456136.00,4.12
2011:Q1,60375483.00,23010338.00,18002289.00,282516.00,104131.00,4621402.00,8815254.00,7619202.00,723160.00,194821.00,278071.00,14541.00,19488644.00,14916342.00,4572302.00,2993631.00,1364086.00,694755.00,934790.00,8653854.00,8302862.00,244848.00,106144.00,-2600779.00,14193553.00,5159980.00,9033573.00,16794332.00,3437937.00,13356395.00,60375483.00,1067927.00,1.80,63503634.00,1437074.00,2.32
2011:Q2,60468199.00,22994863.00,17924572.00,285606.00,106128.00,4678557.00,8827596.00,7612353.00,737410.00,197908.00,279924.00,13915.00,19344717.00,14816149.00,4528568.00,3020832.00,1378680.00,700280.00,941872.00,8788199.00,8435185.00,245332.00,107682.00,-2521923.00,14599774.00,5204875.00,9394899.00,17121697.00,3459824.00,13661873.00,60468199.00,92716.00,0.15,63832632.00,328998.00,0.52
2011:Q3,56943749.00,23120044.00,18017306.00,288939.00,107951.00,4705848.00,8929063.00,7705264.00,740282.00,198646.00,284871.00,12017.00,16201361.00,12491673.00,3709688.00,3048489.00,1393978.00,707933.00,946578.00,8938486.00,8583491.00,245933.00,109062.00,-3305711.00,13736434.00,4287221.00,9449213.00,17042145.00,3027699.00,14014446.00,56943749.00,-3524450.00,-5.83,61732362.00,-2100270.00,-3.29
2011:Q4,58900229.00,23274394.00,18148764.00,292961.00,109363.00,4723306.00,9118870.00,7890174.00,740737.00,196630.00,291330.00,11859.00,17939755.00,13887164.00,4052591.00,3066814.00,1406898.00,711008.00,948908.00,9068603.00,8711905.00,246464.00,110234.00,-3580066.00,13932899.00,4501438.00,9431461.00,17512965.00,3397174.00,14115791.00,58900229.00,1956481.00,3.44,63510128.00,1777766.00,2.88
2012:Q1,61605724.00,23513379.00,18342806.00,295444.00,111532.00,4763597.00,9194770.00,7950186.00,751541.00,201376.00,291667.00,16530.00,20320704.00,15598891.00,4721813.00,3092674.00,1414767.00,719890.00,958017.00,9167229.00,8808607.00,246899.00,111723.00,-3699562.00,14487881.00,5005403.00,9482478.00,18187443.00,3845867.00,14341576.00,61605724.00,2705495.00,4.59,66014474.00,2504346.00,3.94
2012:Q2,61180494.00,23978171.00,18776048.00,297203.00,113402.00,4791518.00,9355030.00,8105407.00,756802.00,204286.00,288535.00,16410.00,19534391.00,15021395.00,4512996.00,3114247.00,1425264.00,724562.00,964421.00,9274699.00,8914485.00,247161.00,113053.00,-4092454.00,14167413.00,4673015.00,9494398.00,18259867.00,3716431.00,14543436.00,61180494.00,-425231.00,-0.69,66152719.00,138245.00,0.21
2012:Q3,63233699.00,24441888.00,19213103.00,299323.00,115164.00,4814298.00,9644361.00,8379939.00,765988.00,206511.00,291923.00,16912.00,20602933.00,15824980.00,4777953.00,3133046.00,1434565.00,728346.00,970135.00,9351966.00,8990417.00,247347.00,114202.00,-3957407.00,14876135.00,5048350.00,9827785.00,18833542.00,3940042.00,14893500.00,63233699.00,2053206.00,3.36,68196905.00,2044186.00,3.09
2012:Q4,64078665.00,24870421.00,19603834.00,301784.00,115900.00,4848903.00,9813206.00,8546506.00,772644.00,204734.00,289321.00,17246.00,20526464.00,15579414.00,4947050.00,3137177.00,1439773.00,726642.00,970762.00,9384749.00,9022908.00,246690.00,115151.00,-3670598.00,15272628.00,5321857.00,9950771.00,18943226.00,3952993.00,14990233.00,64078665.00,844965.00,1.34,69421780.00,1224874.00,1.80
2013:Q1,66945120.00,25430162.00,20122960.00,304495.00,117611.00,4885096.00,9992464.00,8716937.00,780727.00,206800.00,287999.00,17946.00,23039920.00,17545555.00,5494365.00,3151362.00,1449885.00,727901.00,973576.00,9456138.00,9094088.00,245691.00,116359.00,-4142872.00,15585490.00,5546349.00,10039141.00,19728362.00,4393282.00,15335080.00,66945120.00,2866455.00,4.47,72352033.00,2930254.00,4.22
2013:Q2,68232355.00,26085269.00,20754659.00,307203.00,120196.00,4903211.00,10273749.00,8988000.00,790303.00,210620.00,284827.00,17861.00,23475435.00,17748627.00,5726808.00,3170138.00,1459482.00,729009.00,981647.00,9530391.00,9166603.00,245970.00,117818.00,-4320488.00,15603390.00,5541381.00,10062009.00,19923878.00,4463414.00,15460464.00,68232355.00,1287236.00,1.92,73805026.00,1452992.00,2.01
2013:Q3,70910384.00,26715890.00,21364142.00,310121.00,122629.00,4918998.00,10601443.00,9299208.00,806434.00,213060.00,282741.00,16071.00,24799452.00,18860742.00,5938710.00,3186485.00,1467942.00,729064.00,989479.00,9611220.00,9245267.00,246619.00,119334.00,-4020177.00,16406234.00,6084914.00,10321320.00,20426411.00,4775690.00,15650721.00,70910384.00,2678029.00,3.92,76223246.00,2418220.00,3.28
2013:Q4,73546782.00,27228027.00,21849192.00,311621.00,125993.00,4941221.00,10847985.00,9536127.00,810707.00,214340.00,286811.00,16255.00,26988983.00,20560584.00,6428399.00,3217070.00,1481410.00,734405.00,1001255.00,9710329.00,9341510.00,247655.00,121164.00,-4461867.00,16635625.00,6472877.00,10162748.00,21097492.00,5204383.00,15893109.00,73546782.00,2636397.00,3.72,78908864.00,2685618.00,3.52
2014:Q1,74234511.00,27555560.00,22150572.00,313622.00,127585.00,4963781.00,10947190.00,9602316.00,824308.00,220175.00,300391.00,17201.00,27475820.00,20906662.00,6569158.00,3233377.00,1489347.00,738200.00,1005830.00,9787372.00,9416624.00,248087.00,122661.00,-4782009.00,16940141.00,6647696.00,10292445.00,21722150.00,5378203.00,16343947.00,74234511.00,687730.00,0.94,80151158.00,1242294.00,1.57
2014:Q2,76125661.00,27849211.00,22406189.00,316057.00,128815.00,4998150.00,11124121.00,9765224.00,835847.00,223727.00,299323.00,17279.00,28780219.00,21993890.00,6786329.00,3240890.00,1493300.00,740384.00,1007206.00,9851608.00,9479150.00,248684.00,123774.00,-4737667.00,17655851.00,7101816.00,10554035.00,22393518.00,5634127.00,16759391.00,76125661.00,1891149.00,2.55,81772883.00,1621725.00,2.02
2014:Q3,76176590.00,28230025.00,22752065.00,318360.00,130511.00,5029089.00,11304297.00,9942767.00,839626.00,224562.00,297342.00,17860.00,28623789.00,21817732.00,6806057.00,3255381.00,1503630.00,742681.00,1009070.00,9921290.00,9547375.00,249250.00,124665.00,-5176052.00,17472817.00,6828948.00,10643869.00,22648869.00,5708046.00,16940823.00,76176590.00,50929.00,0.07,82104296.00,331414.00,0.41
2014:Q4,77778932.00,28701193.00,23195073.00,320424.00,132834.00,5052862.00,11548911.00,10180814.00,849125.00,222685.00,296287.00,17874.00,29960412.00,22679703.00,7280709.00,3269329.00,1511635.00,745667.00,1012027.00,9969036.00,9594338.00,249505.00,125193.00,-5687823.00,17286042.00,6770629.00,10515413.00,22973865.00,5921510.00,17052355.00,77778932.00,1602342.00,2.10,83943955.00,1839659.00,2.24
2015:Q1,79284476.00,29190246.00,23639226.00,323908.00,134865.00,5092247.00,11822795.00,10446145.00,859613.00,228579.00,288458.00,17636.00,30481340.00,23067040.00,7414300.00,3273399.00,1510753.00,747131.00,1015515.00,9991948.00,9615451.00,250066.00,126431.00,-5492888.00,17831351.00,7188489.00,10642862.00,23324239.00,5972550.00,17351689.00,79284476.00,1505544.00,1.94,85825355.00,1881400.00,2.24
2015:Q2,79739548.00,29597253.00,23979455.00,326193.00,136694.00,5154911.00,11986144.00,10603207.00,868665.00,231545.00,282727.00,16788.00,30173486.00,22699809.00,7473677.00,3268974.00,1508695.00,742525.00,1017754.00,10078682.00,9701017.00,250031.00,127634.00,-5381779.00,17948311.00,7353305.00,10595006.00,23330090.00,5888371.00,17441719.00,79739548.00,455072.00,0.57,86403012.00,577657.00,0.67
2015:Q3,77621944.00,30008407.00,24350484.00,328698.00,138119.00,5191106.00,12160796.00,10785792.00,872976.00,233187.00,268840.00,17457.00,27608314.00,20654623.00,6953691.00,3269051.00,1508785.00,742335.00,1017931.00,10130513.00,9751264.00,250135.00,129114.00,-5572594.00,17183800.00,6605553.00,10578247.00,22756394.00,5393322.00,17363072.00,77621944.00,-2117605.00,-2.66,85088769.00,-1314243.00,-1.52
2015:Q4,79623120.00,30462635.00,24755992.00,330971.00,138896.00,5236776.00,12352641.00,10979145.00,879504.00,233035.00,260957.00,14673.00,28927952.00,21681394.00,7246558.00,3267968.00,1508182.00,743341.00,1016445.00,10135669.00,9755787.00,249479.00,130403.00,-5538418.00,17237088.00,6828231.00,10408857.00,22775506.00,5522194.00,17253312.00,79623120.00,2001177.00,2.58,87170248.00,2081479.00,2.45
2016:Q1,79887731.00,30896673.00,25120795.00,333011.00,140935.00,5301932.00,12413047.00,11062572.00,874832.00,217574.00,258068.00,12267.00,28833811.00,21781325.00,7052486.00,3263297.00,1499491.00,742939.00,1020867.00,10132928.00,9752144.00,249000.00,131784.00,-5664292.00,17448099.00,6737250.00,10710849.00,23112391.00,5421945.00,17690446.00,79887731.00,264610.00,0.33,87987720.00,817472.00,0.94
2016:Q2,81130804.00,31419840.00,25594704.00,334606.00,143175.00,5347355.00,12563507.00,11233575.00,873440.00,198553.00,257939.00,10891.00,29408261.00,22151958.00,7256303.00,3275331.00,1506956.00,742783.00,1025592.00,10256860.00,9874302.00,249438.00,133120.00,-5803886.00,17673042.00,6703470.00,10969572.00,23476928.00,5488452.00,17988476.00,81130804.00,1243073.00,1.56,89062720.00,1075000.00,1.22
