date,LA384104005.Q,LA154104005.Q,LA153165105.Q,LA153166000.Q,LA144104005.Q,LA104104005.Q,LA314104005.Q,LA214104005.Q,LA794104005.Q,LA264104005.Q
1945:Q4,352402.00,29442.00,18706.00,6800.00,55940.00,44652.67,254385.00,12635.00,5692.00,5667.00
1946:Q1,ND,ND,ND,ND,ND,ND,ND,ND,ND,ND
1946:Q2,ND,ND,ND,ND,ND,ND,ND,ND,ND,ND
1946:Q3,ND,ND,ND,ND,ND,ND,ND,ND,ND,ND
1946:Q4,343964.00,36067.00,23100.00,9777.00,63908.00,49889.00,231306.00,12683.00,5245.00,8313.00
1947:Q1,ND,ND,ND,ND,ND,ND,ND,ND,ND,ND
1947:Q2,ND,ND,ND,ND,ND,ND,ND,ND,ND,ND
1947:Q3,ND,ND,ND,ND,ND,ND,ND,ND,ND,ND
1947:Q4,356685.00,44913.00,28267.00,13298.00,72561.00,56780.00,224898.00,14313.00,5260.00,12289.00
1948:Q1,ND,ND,ND,ND,ND,ND,ND,ND,ND,ND
1948:Q2,ND,ND,ND,ND,ND,ND,ND,ND,ND,ND
1948:Q3,ND,ND,ND,ND,ND,ND,ND,ND,ND,ND
1948:Q4,369120.00,53423.00,33422.00,16332.00,79968.00,62811.00,220012.00,15717.00,7301.00,13703.00
1949:Q1,ND,ND,ND,ND,ND,ND,ND,ND,ND,ND
1949:Q2,ND,ND,ND,ND,ND,ND,ND,ND,ND,ND
1949:Q3,ND,ND,ND,ND,ND,ND,ND,ND,ND,ND
1949:Q4,384801.00,61621.00,37754.00,19374.00,82933.00,64394.00,223629.00,16618.00,8617.00,13797.00
1950:Q1,ND,ND,ND,ND,ND,ND,ND,ND,ND,ND
1950:Q2,ND,ND,ND,ND,ND,ND,ND,ND,ND,ND
1950:Q3,ND,ND,ND,ND,ND,ND,ND,ND,ND,ND
1950:Q4,411471.00,74943.00,45348.00,23947.00,92084.00,70439.00,223234.00,21210.00,11335.00,13916.00
1951:Q1,ND,ND,ND,ND,ND,ND,ND,ND,ND,ND
1951:Q2,ND,ND,ND,ND,ND,ND,ND,ND,ND,ND
1951:Q3,ND,ND,ND,ND,ND,ND,ND,ND,ND,ND
1951:Q4,434345.00,83447.00,51792.00,25350.00,103806.00,78868.00,223506.00,23586.00,12151.00,14568.00
1952:Q1,443433.00,86033.00,53438.00,25947.00,105429.00,79984.00,226303.00,25668.00,11526.00,14774.00
1952:Q2,452899.00,89298.00,55034.00,27542.00,107712.00,81411.00,227523.00,28366.00,12900.00,14949.00
1952:Q3,461009.00,92197.00,56702.00,28678.00,110118.00,83192.00,229137.00,29557.00,12646.00,15014.00
1952:Q4,468826.00,95665.00,58486.00,30522.00,112537.00,85098.00,229829.00,30795.00,14027.00,15044.00
1953:Q1,477339.00,100097.00,60363.00,32496.00,114297.00,86711.00,230931.00,32014.00,13616.00,15214.00
1953:Q2,485200.00,103452.00,62452.00,33379.00,116105.00,87961.00,232382.00,33261.00,14360.00,15387.00
1953:Q3,495283.00,105910.00,64249.00,34153.00,117753.00,89017.00,237102.00,34518.00,15478.00,15776.00
1953:Q4,498997.00,108223.00,66003.00,34614.00,117609.00,89252.00,237379.00,35786.00,16019.00,16153.00
1954:Q1,503920.00,110338.00,67712.00,34429.00,119137.00,90351.00,237381.00,37064.00,15003.00,16285.00
1954:Q2,510260.00,113490.00,70407.00,34742.00,120313.00,90726.00,238068.00,38389.00,15990.00,16158.00
1954:Q3,516382.00,116259.00,72313.00,35068.00,122482.00,91873.00,237933.00,39708.00,16085.00,16149.00
1954:Q4,525508.00,120453.00,75356.00,35963.00,123758.00,92843.00,240195.00,41102.00,16636.00,16435.00
1955:Q1,533634.00,126070.00,78550.00,37501.00,125485.00,93897.00,239601.00,42478.00,16687.00,16262.00
1955:Q2,544090.00,131870.00,81889.00,39544.00,128878.00,95914.00,239587.00,43755.00,17807.00,16330.00
1955:Q3,553506.00,137180.00,85009.00,41438.00,131806.00,97630.00,239535.00,44985.00,18669.00,16304.00
1955:Q4,563842.00,141563.00,87936.00,42949.00,136054.00,101216.00,240077.00,46148.00,19865.00,16428.00
1956:Q1,571511.00,146010.00,90695.00,44298.00,139223.00,103790.00,239012.00,47266.00,20358.00,16553.00
1956:Q2,576429.00,149752.00,93542.00,45160.00,143001.00,106470.00,235303.00,48373.00,20916.00,16841.00
1956:Q3,583188.00,152972.00,96144.00,45898.00,146132.00,108574.00,234687.00,49397.00,21319.00,16933.00
1956:Q4,590711.00,156401.00,98745.00,46580.00,148890.00,110961.00,235039.00,50381.00,21920.00,17275.00
1957:Q1,600081.00,160458.00,101230.00,47379.00,151976.00,113755.00,236274.00,51373.00,22053.00,17604.00
1957:Q2,604209.00,163914.00,103275.00,48136.00,155694.00,116775.00,232121.00,52480.00,22777.00,17801.00
1957:Q3,613347.00,166850.00,105360.00,48878.00,158445.00,118733.00,234373.00,53679.00,23902.00,17898.00
1957:Q4,617864.00,168575.00,107374.00,49217.00,161010.00,120632.00,233240.00,55039.00,24937.00,18547.00
1958:Q1,625795.00,170790.00,109399.00,48901.00,163417.00,122618.00,235182.00,56406.00,25326.00,18940.00
1958:Q2,635474.00,172675.00,111384.00,48625.00,165493.00,123711.00,239506.00,57800.00,26409.00,19492.00
1958:Q3,641957.00,176000.00,113984.00,48820.00,168230.00,125299.00,238587.00,59140.00,24364.00,19929.00
1958:Q4,656559.00,180371.00,117177.00,49490.00,172145.00,127965.00,243374.00,60669.00,25670.00,20504.00
1959:Q1,668509.00,185935.00,120392.00,51130.00,174820.00,129228.00,245641.00,62113.00,26024.00,20618.00
1959:Q2,682621.00,191129.00,123584.00,52825.00,179937.00,132391.00,247894.00,63661.00,28357.00,21013.00
1959:Q3,696315.00,197117.00,126952.00,54859.00,183278.00,134054.00,250546.00,65374.00,30187.00,21311.00
1959:Q4,707085.00,202315.00,130099.00,57213.00,186894.00,136645.00,251180.00,66696.00,32324.00,21406.00
1960:Q1,715720.00,206930.00,133068.00,58070.00,190620.00,139269.00,249998.00,68172.00,33041.00,21759.00
1960:Q2,725489.00,211625.00,135591.00,59599.00,194599.00,141908.00,249677.00,69588.00,34772.00,22178.00
1960:Q3,734027.00,216118.00,138516.00,60582.00,197125.00,143162.00,249804.00,70980.00,35817.00,22540.00
1960:Q4,742760.00,219861.00,141378.00,61248.00,200616.00,145592.00,250072.00,72211.00,37709.00,23185.00
1961:Q1,751561.00,224638.00,144160.00,61669.00,203006.00,146194.00,250311.00,73606.00,35794.00,23830.00
1961:Q2,761774.00,228354.00,146813.00,61540.00,206357.00,148193.00,252356.00,74707.00,37235.00,23840.00
1961:Q3,775397.00,232682.00,150112.00,62079.00,209874.00,149680.00,256548.00,76293.00,38072.00,24531.00
1961:Q4,788596.00,237901.00,154027.00,63435.00,214704.00,152987.00,258176.00,77815.00,40940.00,25426.00
1962:Q1,801650.00,243416.00,157045.00,64323.00,217937.00,154534.00,260736.00,79561.00,39917.00,26336.00
1962:Q2,814466.00,247809.00,160432.00,66340.00,223073.00,157690.00,262629.00,80955.00,41317.00,26815.00
1962:Q3,826115.00,254279.00,164276.00,67648.00,227384.00,160111.00,262285.00,82167.00,43018.00,26699.00
1962:Q4,842334.00,259752.00,168307.00,69344.00,232768.00,163466.00,266044.00,83770.00,46345.00,27514.00
1963:Q1,856946.00,267192.00,171943.00,71309.00,236659.00,165589.00,268037.00,85058.00,44018.00,28278.00
1963:Q2,871929.00,273473.00,175979.00,73129.00,241366.00,167940.00,270284.00,86806.00,47671.00,29565.00
1963:Q3,884428.00,281467.00,180605.00,75440.00,245710.00,170147.00,269330.00,87921.00,50338.00,29875.00
1963:Q4,900618.00,288211.00,185106.00,77870.00,252156.00,174184.00,271008.00,89243.00,54125.00,30765.00
1964:Q1,916026.00,296926.00,189423.00,80555.00,256242.00,176586.00,272343.00,90515.00,53177.00,31526.00
1964:Q2,930730.00,302540.00,193536.00,82769.00,262031.00,179977.00,273916.00,92243.00,57749.00,32444.00
1964:Q3,947411.00,309552.00,198037.00,85288.00,267787.00,183446.00,276082.00,93990.00,58175.00,33186.00
1964:Q4,965255.00,317130.00,202335.00,87352.00,274192.00,187925.00,278309.00,95624.00,61043.00,34905.00
1965:Q1,982834.00,324887.00,206582.00,90344.00,281383.00,193184.00,279189.00,97375.00,60637.00,36390.00
1965:Q2,997775.00,330041.00,210488.00,93294.00,288848.00,197971.00,279373.00,99513.00,66508.00,36617.00
1965:Q3,1012260.00,337149.00,215035.00,95625.00,296181.00,202866.00,277467.00,101463.00,65816.00,36722.00
1965:Q4,1034076.00,345863.00,219449.00,97489.00,303787.00,208193.00,281252.00,103174.00,70150.00,37423.00
1966:Q1,1053716.00,352721.00,224085.00,100006.00,313349.00,214562.00,282763.00,104883.00,70819.00,38046.00
1966:Q2,1070723.00,357371.00,227381.00,101373.00,323869.00,222356.00,282469.00,107014.00,77287.00,38603.00
1966:Q3,1084213.00,361503.00,230299.00,102281.00,331871.00,228547.00,282300.00,108539.00,76635.00,38701.00
1966:Q4,1102733.00,368393.00,232742.00,103422.00,338202.00,232924.00,286101.00,110037.00,81898.00,39526.00
1967:Q1,1118526.00,371065.00,234956.00,104389.00,346563.00,239688.00,289406.00,111492.00,80112.00,40855.00
1967:Q2,1128452.00,373105.00,237210.00,105421.00,355873.00,246045.00,285886.00,113588.00,79412.00,41634.00
1967:Q3,1151909.00,379861.00,241614.00,106874.00,364078.00,251640.00,292284.00,115686.00,81315.00,42532.00
1967:Q4,1190912.00,402322.00,245974.00,108567.00,370856.00,255245.00,300362.00,117372.00,85926.00,43299.00
1968:Q1,1203501.00,396573.00,250119.00,110508.00,380822.00,263576.00,306990.00,119116.00,85809.00,44212.00
1968:Q2,1223709.00,403692.00,253803.00,112911.00,390904.00,270242.00,308055.00,121058.00,91596.00,44607.00
1968:Q3,1249700.00,412000.00,258280.00,115599.00,401071.00,277802.00,313637.00,122992.00,94393.00,45308.00
1968:Q4,1279692.00,426692.00,262934.00,119324.00,412656.00,286074.00,314219.00,126125.00,99722.00,46034.00
1969:Q1,1297091.00,427990.00,265603.00,122479.00,423624.00,294256.00,315342.00,130135.00,98004.00,46841.00
1969:Q2,1312111.00,433499.00,269871.00,125419.00,437807.00,303762.00,307375.00,133430.00,107424.00,47924.00
1969:Q3,1336314.00,439972.00,274629.00,127326.00,450239.00,312057.00,309983.00,136120.00,111123.00,48491.00
1969:Q4,1364896.00,453272.00,278689.00,129231.00,460784.00,318879.00,312583.00,138257.00,124190.00,49216.00
1970:Q1,1383353.00,454743.00,277740.00,130530.00,473750.00,338845.00,314500.00,140360.00,128581.00,49888.00
1970:Q2,1404252.00,454821.00,278865.00,131338.00,488703.00,349441.00,317154.00,143574.00,133925.00,50327.00
1970:Q3,1432775.00,462108.00,281771.00,132924.00,501097.00,357036.00,323589.00,145981.00,134200.00,50881.00
1970:Q4,1456448.00,467163.00,286015.00,133660.00,511941.00,363384.00,327027.00,150317.00,141493.00,52024.00
1971:Q1,1485826.00,479214.00,291470.00,138226.00,522999.00,370451.00,328923.00,154690.00,139567.00,52988.00
1971:Q2,1522201.00,486221.00,295430.00,141017.00,537847.00,378233.00,339263.00,158870.00,139600.00,53984.00
1971:Q3,1560722.00,498739.00,302126.00,144770.00,551889.00,386805.00,347468.00,162626.00,142548.00,55452.00
1971:Q4,1596200.00,511310.00,309454.00,149243.00,563398.00,392236.00,354745.00,166747.00,153065.00,56551.00
1972:Q1,1634462.00,527747.00,317906.00,153380.00,579276.00,403333.00,356270.00,171169.00,154498.00,58034.00
1972:Q2,1670156.00,540898.00,324324.00,158564.00,596705.00,411260.00,358194.00,174359.00,160530.00,58034.00
1972:Q3,1710318.00,555453.00,333264.00,162799.00,613216.00,420541.00,364207.00,177442.00,164566.00,59203.00
1972:Q4,1759092.00,571267.00,343552.00,168757.00,634365.00,431815.00,372750.00,180710.00,180771.00,61097.00
1973:Q1,1815688.00,593828.00,353598.00,176766.00,659441.00,446414.00,378186.00,184233.00,182143.00,63025.00
1973:Q2,1857531.00,605466.00,361862.00,183161.00,685410.00,461449.00,379668.00,186987.00,196630.00,65217.00
1973:Q3,1903057.00,623265.00,371042.00,187983.00,710306.00,481201.00,379074.00,190412.00,209106.00,64939.00
1973:Q4,1940863.00,636677.00,382218.00,192980.00,727578.00,497437.00,381829.00,194779.00,223936.00,67368.00
1974:Q1,1984856.00,652427.00,392321.00,196565.00,751318.00,512155.00,381929.00,199182.00,225560.00,69114.00
1974:Q2,2032709.00,664990.00,400813.00,199933.00,779452.00,529291.00,385635.00,202632.00,241114.00,75588.00
1974:Q3,2079585.00,680994.00,410404.00,202348.00,802156.00,541863.00,390234.00,206201.00,258084.00,77454.00
1974:Q4,2115657.00,690672.00,419339.00,201926.00,820315.00,553066.00,396457.00,208213.00,270774.00,81295.00
1975:Q1,2158117.00,703087.00,427459.00,202454.00,831801.00,558834.00,412756.00,210473.00,265991.00,83427.00
1975:Q2,2203504.00,708692.00,435481.00,199092.00,841543.00,562444.00,440620.00,212649.00,265588.00,86853.00
1975:Q3,2255785.00,725589.00,445509.00,202035.00,851525.00,568023.00,464591.00,214080.00,261647.00,90157.00
1975:Q4,2311028.00,745477.00,459087.00,206996.00,860266.00,572665.00,485926.00,219359.00,277293.00,95421.00
1976:Q1,2374567.00,769695.00,474026.00,211812.00,873896.00,577948.00,505967.00,225009.00,277453.00,99764.00
1976:Q2,2439166.00,788180.00,485633.00,216337.00,891345.00,588836.00,528227.00,231414.00,283587.00,104279.00
1976:Q3,2502003.00,809240.00,500528.00,221278.00,910679.00,600863.00,546903.00,235181.00,289359.00,107341.00
1976:Q4,2562899.00,833929.00,517073.00,228961.00,931428.00,614346.00,559712.00,237830.00,308835.00,115750.00
1977:Q1,2639968.00,866845.00,536389.00,236168.00,960388.00,632301.00,572404.00,240331.00,306303.00,115741.00
1977:Q2,2713273.00,898177.00,556489.00,246398.00,988022.00,648520.00,580529.00,246545.00,322633.00,118821.00
1977:Q3,2806705.00,932030.00,579584.00,255421.00,1015394.00,665925.00,607628.00,251653.00,332245.00,124486.00
1977:Q4,2892827.00,963923.00,602997.00,264892.00,1050133.00,690322.00,622606.00,256165.00,362898.00,128603.00
1978:Q1,2988993.00,1004569.00,627038.00,274811.00,1081920.00,710784.00,637105.00,265399.00,365847.00,133706.00
1978:Q2,3090473.00,1047316.00,650880.00,289868.00,1117332.00,731047.00,650943.00,274882.00,391522.00,137453.00
1978:Q3,3194463.00,1089170.00,678732.00,301165.00,1148272.00,745665.00,672723.00,284298.00,405527.00,141931.00
1978:Q4,3286725.00,1124744.00,708641.00,311305.00,1184262.00,766056.00,682118.00,295601.00,439642.00,157916.00
1979:Q1,3379898.00,1170356.00,740030.00,322611.00,1221343.00,789843.00,685071.00,303128.00,448216.00,156885.00
1979:Q2,3479366.00,1209475.00,766252.00,333789.00,1266458.00,811542.00,693719.00,309714.00,479885.00,162071.00
1979:Q3,3593092.00,1252799.00,795664.00,345271.00,1308984.00,833769.00,714755.00,316554.00,502944.00,174970.00
1979:Q4,3682178.00,1290264.00,826724.00,354616.00,1343789.00,851773.00,725909.00,322216.00,538064.00,177190.00
1980:Q1,3784653.00,1333726.00,860063.00,359093.00,1383614.00,873560.00,739509.00,327804.00,553005.00,178432.00
1980:Q2,3853445.00,1348826.00,875720.00,352773.00,1404259.00,880652.00,767360.00,333000.00,570548.00,186356.00
1980:Q3,3939954.00,1378358.00,900209.00,354263.00,1431479.00,892677.00,791355.00,338762.00,586505.00,193283.00
1980:Q4,4045118.00,1413827.00,926526.00,358044.00,1474673.00,919612.00,812184.00,344434.00,620152.00,202120.00
1981:Q1,4144108.00,1441423.00,944614.00,363365.00,1509028.00,935219.00,842366.00,351291.00,621863.00,205525.00
1981:Q2,4256185.00,1473296.00,966081.00,369096.00,1566302.00,976519.00,860707.00,355880.00,659168.00,213865.00
1981:Q3,4355823.00,1497330.00,980800.00,376062.00,1617642.00,1014379.00,876789.00,364062.00,696737.00,219362.00
1981:Q4,4459363.00,1521194.00,998261.00,377882.00,1658457.00,1038680.00,907658.00,372054.00,723581.00,229445.00
1982:Q1,4568131.00,1543318.00,1012723.00,383538.00,1700124.00,1067945.00,941829.00,382860.00,730787.00,202587.00
1982:Q2,4670203.00,1563187.00,1021850.00,388711.00,1746192.00,1098087.00,967057.00,393767.00,770594.00,206370.00
1982:Q3,4783279.00,1565826.00,1017038.00,391153.00,1789873.00,1124827.00,1024123.00,403457.00,787521.00,212344.00
1982:Q4,4895638.00,1593247.00,1031175.00,396718.00,1807588.00,1129933.00,1081029.00,413774.00,823425.00,224064.00
1983:Q1,5033907.00,1605035.00,1033170.00,402687.00,1858041.00,1161482.00,1146269.00,424562.00,827243.00,227417.00
1983:Q2,5190851.00,1646840.00,1057024.00,412172.00,1896473.00,1185232.00,1207253.00,440285.00,859156.00,232026.00
1983:Q3,5350734.00,1696410.00,1085787.00,425395.00,1945750.00,1217534.00,1258653.00,449921.00,889085.00,235026.00
1983:Q4,5492125.00,1754013.00,1116384.00,444878.00,1996223.00,1247242.00,1280780.00,461109.00,931135.00,228209.00
1984:Q1,5700309.00,1811953.00,1153101.00,464733.00,2071525.00,1295249.00,1344109.00,472722.00,948948.00,230889.00
1984:Q2,5902342.00,1867373.00,1182190.00,489551.00,2158678.00,1352746.00,1389644.00,486647.00,996404.00,244542.00
1984:Q3,6101869.00,1910895.00,1210049.00,507427.00,2235208.00,1400349.00,1450932.00,504834.00,1044202.00,236715.00
1984:Q4,6302340.00,1971633.00,1243294.00,526584.00,2320616.00,1457968.00,1496457.00,513634.00,1104498.00,228122.00
1985:Q1,6560512.00,2075858.00,1316829.00,551452.00,2377928.00,1489462.00,1567286.00,539440.00,1132137.00,226372.00
1985:Q2,6778030.00,2138125.00,1348447.00,571290.00,2443881.00,1529107.00,1628224.00,567800.00,1191743.00,225312.00
1985:Q3,6995871.00,2217154.00,1402267.00,592622.00,2500359.00,1572171.00,1688195.00,590163.00,1256590.00,229851.00
1985:Q4,7334597.00,2322662.00,1450249.00,610574.00,2571990.00,1638943.00,1762014.00,677931.00,1338196.00,334967.00
1986:Q1,7508328.00,2379136.00,1489804.00,624425.00,2636246.00,1683409.00,1811367.00,681579.00,1395189.00,341825.00
1986:Q2,7741173.00,2430703.00,1529839.00,641290.00,2708912.00,1736961.00,1885675.00,715883.00,1479415.00,340821.00
1986:Q3,7969224.00,2506272.00,1589114.00,657442.00,2784841.00,1797050.00,1949671.00,728439.00,1567090.00,346133.00
1986:Q4,8212565.00,2586892.00,1649024.00,666355.00,2865996.00,1865801.00,2007547.00,752130.00,1679837.00,346060.00
1987:Q1,8385478.00,2627666.00,1694524.00,662981.00,2928834.00,1909989.00,2044222.00,784756.00,1751312.00,346797.00
1987:Q2,8586747.00,2703275.00,1757670.00,674860.00,2980456.00,1949741.00,2101468.00,801548.00,1842097.00,343206.00
1987:Q3,8766786.00,2767706.00,1804085.00,688353.00,3045039.00,2000781.00,2132373.00,821668.00,1916928.00,345985.00
1987:Q4,8930589.00,2788857.00,1828608.00,698640.00,3117442.00,2059211.00,2181714.00,842576.00,1959918.00,357180.00
1988:Q1,9139373.00,2866664.00,1887603.00,713264.00,3188485.00,2109421.00,2231681.00,852543.00,1997944.00,357261.00
1988:Q2,9345441.00,2937470.00,1945778.00,725994.00,3265739.00,2163681.00,2277616.00,864616.00,2071974.00,357017.00
1988:Q3,9535703.00,3003472.00,1999188.00,735994.00,3330957.00,2204713.00,2324952.00,876322.00,2126148.00,351923.00
1988:Q4,9747858.00,3079786.00,2054832.00,745206.00,3405468.00,2263524.00,2369615.00,892989.00,2213675.00,393132.00
1989:Q1,9933953.00,3142768.00,2092082.00,773653.00,3473199.00,2317885.00,2417116.00,900870.00,2320298.00,395130.00
1989:Q2,10120025.00,3211933.00,2143370.00,787208.00,3544286.00,2376516.00,2454316.00,909489.00,2375895.00,384611.00
1989:Q3,10282057.00,3276345.00,2205094.00,796149.00,3584223.00,2405111.00,2500028.00,921461.00,2409149.00,385863.00
1989:Q4,10482852.00,3347649.00,2260115.00,809285.00,3644318.00,2454124.00,2550522.00,940363.00,2479072.00,389152.00
1990:Q1,10713107.00,3437311.00,2341358.00,813793.00,3698371.00,2502277.00,2618661.00,958764.00,2517849.00,384150.00
1990:Q2,10879326.00,3496289.00,2395950.00,818310.00,3732195.00,2537969.00,2681731.00,969112.00,2567283.00,395086.00
1990:Q3,11042889.00,3555911.00,2443875.00,826225.00,3758024.00,2563996.00,2753929.00,975024.00,2607801.00,397722.00
1990:Q4,11198601.00,3606609.00,2489255.00,824391.00,3773802.00,2583285.00,2830770.00,987420.00,2694509.00,396190.00
1991:Q1,11292817.00,3653636.00,2538672.00,824860.00,3750337.00,2564082.00,2889145.00,999699.00,2732815.00,409468.00
1991:Q2,11437741.00,3710750.00,2594093.00,822851.00,3750409.00,2564232.00,2961398.00,1015185.00,2763723.00,393271.00
1991:Q3,11572475.00,3749819.00,2614390.00,818093.00,3719483.00,2550027.00,3062723.00,1040450.00,2803043.00,400236.00
1991:Q4,11722456.00,3810087.00,2667356.00,815581.00,3686411.00,2524448.00,3147363.00,1078595.00,2884420.00,406185.00
1992:Q1,11865017.00,3860250.00,2716521.00,817269.00,3688446.00,2531063.00,3238034.00,1078287.00,2939420.00,405074.00
1992:Q2,11993208.00,3898636.00,2745225.00,815377.00,3682001.00,2532165.00,3328872.00,1083699.00,3017008.00,421199.00
1992:Q3,12152562.00,3947048.00,2791385.00,818575.00,3684035.00,2542702.00,3423745.00,1097733.00,3087730.00,425314.00
1992:Q4,12278172.00,4012830.00,2840356.00,824769.00,3679116.00,2543603.00,3491131.00,1095095.00,3129876.00,425807.00
1993:Q1,12416046.00,4058394.00,2864936.00,832774.00,3696281.00,2570412.00,3550017.00,1111355.00,3202760.00,434167.00
1993:Q2,12622018.00,4118935.00,2914439.00,843397.00,3730710.00,2608857.00,3641160.00,1131213.00,3265904.00,448869.00
1993:Q3,12826021.00,4198179.00,2956935.00,860654.00,3766852.00,2650470.00,3709639.00,1151351.00,3371825.00,479888.00
1993:Q4,13020044.00,4277444.00,2999034.00,886169.00,3805227.00,2690367.00,3784333.00,1153040.00,3461980.00,520572.00
1994:Q1,13173074.00,4349339.00,3041439.00,912689.00,3865825.00,2749813.00,3809948.00,1147963.00,3614215.00,488114.00
1994:Q2,13344376.00,4422974.00,3081681.00,946409.00,3912161.00,2792910.00,3879588.00,1129654.00,3707391.00,485698.00
1994:Q3,13519949.00,4497893.00,3118152.00,980405.00,3963167.00,2838188.00,3930823.00,1128066.00,3804846.00,486719.00
1994:Q4,13701942.00,4600087.00,3165543.00,1021168.00,4016534.00,2887244.00,3977825.00,1107497.00,3932745.00,500437.00
1995:Q1,13865906.00,4672909.00,3203318.00,1058385.00,4086236.00,2945565.00,4014760.00,1092002.00,4021047.00,515929.00
1995:Q2,14109863.00,4754038.00,3244071.00,1095019.00,4160670.00,3011176.00,4117882.00,1077272.00,4125029.00,531123.00
1995:Q3,14271517.00,4850588.00,3285125.00,1133141.00,4208114.00,3045407.00,4149242.00,1063573.00,4247386.00,553925.00
1995:Q4,14382789.00,4923143.00,3319182.00,1168160.00,4269835.00,3095195.00,4143079.00,1046732.00,4399423.00,630708.00
1996:Q1,14612523.00,5040367.00,3395741.00,1197356.00,4315514.00,3125373.00,4215265.00,1041378.00,4512163.00,644698.00
1996:Q2,14832204.00,5125755.00,3448496.00,1224879.00,4388682.00,3181250.00,4279858.00,1037909.00,4672280.00,660367.00
1996:Q3,15007269.00,5199951.00,3489511.00,1247457.00,4450654.00,3223201.00,4327646.00,1029017.00,4777123.00,688358.00
1996:Q4,15136032.00,5276768.00,3537293.00,1273878.00,4489992.00,3244910.00,4343083.00,1026189.00,4970164.00,720897.00
1997:Q1,15333854.00,5367859.00,3596938.00,1284329.00,4564770.00,3296769.00,4369736.00,1031489.00,5056966.00,731637.00
1997:Q2,15543123.00,5452934.00,3642626.00,1302783.00,4655288.00,3363693.00,4395842.00,1039059.00,5241049.00,754864.00
1997:Q3,15793953.00,5543261.00,3714715.00,1321301.00,4777469.00,3459899.00,4415850.00,1057373.00,5354985.00,784400.00
1997:Q4,15974088.00,5620392.00,3753196.00,1344165.00,4870258.00,3523248.00,4406492.00,1076946.00,5553484.00,801660.00
1998:Q1,16244938.00,5731525.00,3833368.00,1352528.00,5013176.00,3624008.00,4407670.00,1092568.00,5811264.00,827029.00
1998:Q2,16568129.00,5856573.00,3900466.00,1393784.00,5165824.00,3729376.00,4435299.00,1110433.00,6088611.00,852087.00
1998:Q3,16763809.00,5935761.00,3960842.00,1417348.00,5296312.00,3815545.00,4405501.00,1126235.00,6382476.00,844251.00
1998:Q4,17021868.00,6054221.00,4054655.00,1441272.00,5428808.00,3902781.00,4395086.00,1143753.00,6650504.00,842394.00
1999:Q1,17324274.00,6192383.00,4159484.00,1471714.00,5592396.00,4019067.00,4380185.00,1159310.00,6949620.00,843587.00
1999:Q2,17568666.00,6325561.00,4244463.00,1500711.00,5699675.00,4090369.00,4378872.00,1164558.00,7212430.00,839162.00
1999:Q3,17905320.00,6463916.00,4347018.00,1533015.00,5906114.00,4244112.00,4356927.00,1178363.00,7497071.00,854101.00
1999:Q4,18180059.00,6603194.00,4431564.00,1553622.00,6030856.00,4311016.00,4365000.00,1181009.00,7763764.00,803857.00
2000:Q1,18486205.00,6789064.00,4521434.00,1584412.00,6196657.00,4430330.00,4314730.00,1185755.00,7979506.00,826631.00
2000:Q2,18679402.00,6920302.00,4617498.00,1632955.00,6365264.00,4539937.00,4214690.00,1179146.00,8188589.00,811585.00
2000:Q3,18894193.00,7091515.00,4717399.00,1692853.00,6468857.00,4605914.00,4143885.00,1189936.00,8401373.00,836511.00
2000:Q4,19064720.00,7194685.00,4813874.00,1741267.00,6582118.00,4669859.00,4090025.00,1197892.00,8674121.00,867648.00
2001:Q1,19285590.00,7305396.00,4927434.00,1784759.00,6627732.00,4675359.00,4122911.00,1229551.00,8948450.00,880980.00
2001:Q2,19500451.00,7486820.00,5071112.00,1816504.00,6734994.00,4739696.00,4030300.00,1248336.00,9107359.00,861149.00
2001:Q3,19904075.00,7726483.00,5214394.00,1838308.00,6809861.00,4777166.00,4096886.00,1270846.00,9469084.00,835315.00
2001:Q4,20150587.00,7822047.00,5322036.00,1891827.00,6879952.00,4804213.00,4145237.00,1303350.00,9688228.00,849388.00
2002:Q1,20438235.00,8009608.00,5485949.00,1918895.00,6942819.00,4828411.00,4156460.00,1329349.00,9885891.00,865903.00
2002:Q2,20755117.00,8157710.00,5628918.00,1951616.00,6972591.00,4819928.00,4260360.00,1364455.00,10056337.00,890395.00
2002:Q3,21099525.00,8341864.00,5816738.00,1975317.00,6998493.00,4808669.00,4357679.00,1401488.00,10255401.00,888881.00
2002:Q4,21503195.00,8585976.00,6028047.00,1997008.00,7041990.00,4814381.00,4427328.00,1447900.00,10530797.00,955731.00
2003:Q1,21789608.00,8820589.00,6207295.00,2026273.00,7070530.00,4822255.00,4423583.00,1474906.00,10824950.00,938246.00
2003:Q2,22403929.00,9164219.00,6436474.00,2058502.00,7082162.00,4817446.00,4638594.00,1518954.00,11138302.00,954953.00
2003:Q3,22831138.00,9407837.00,6673651.00,2082493.00,7127942.00,4846387.00,4752624.00,1542735.00,11397420.00,925860.00
2003:Q4,23198388.00,9654970.00,6909820.00,2102932.00,7126947.00,4825439.00,4848035.00,1568435.00,11537252.00,1156570.00
2004:Q1,24432747.00,9902542.00,7092888.00,2135867.00,7277921.00,4906340.00,4912016.00,2340267.00,11787563.00,1184512.00
2004:Q2,25007721.00,10198474.00,7346576.00,2154712.00,7331040.00,4899681.00,5081330.00,2396877.00,12042442.00,1179070.00
2004:Q3,25519694.00,10445392.00,7588422.00,2187446.00,7454476.00,4961068.00,5173475.00,2446351.00,12284234.00,1223302.00
2004:Q4,26115649.00,10812837.00,7859078.00,2220119.00,7568710.00,5012461.00,5250883.00,2483219.00,12644118.00,1285201.00
2005:Q1,26644802.00,11043558.00,8065305.00,2248511.00,7712675.00,5076910.00,5352908.00,2535661.00,12889502.00,1304194.00
2005:Q2,27241082.00,11363102.00,8342462.00,2276583.00,7850478.00,5129202.00,5446929.00,2580572.00,13194745.00,1331591.00
2005:Q3,27783448.00,11674591.00,8628944.00,2300822.00,7984139.00,5175365.00,5502074.00,2622644.00,13279136.00,1356077.00
2005:Q4,28364072.00,11957910.00,8912714.00,2320555.00,8171301.00,5273267.00,5584775.00,2650086.00,13706769.00,1350547.00
2006:Q1,29077700.00,12352646.00,9206227.00,2385808.00,8382753.00,5381624.00,5690834.00,2651466.00,14065353.00,1374002.00
2006:Q2,29739580.00,12704439.00,9513277.00,2395813.00,8577462.00,5470986.00,5769608.00,2688071.00,14457672.00,1451609.00
2006:Q3,30191899.00,12983137.00,9748101.00,2426814.00,8709481.00,5499740.00,5773590.00,2725690.00,14713581.00,1550474.00
2006:Q4,30797898.00,13237780.00,9910254.00,2456716.00,8989441.00,5676010.00,5803923.00,2766754.00,15095079.00,1657889.00
2007:Q1,31431290.00,13457857.00,10111968.00,2488297.00,9245471.00,5815085.00,5907940.00,2820021.00,15661244.00,1703828.00
2007:Q2,32097965.00,13763059.00,10315598.00,2522996.00,9536314.00,5992262.00,5930572.00,2868020.00,16110001.00,1819049.00
2007:Q3,32713592.00,13961778.00,10497346.00,2571129.00,9848373.00,6188963.00,6001473.00,2901968.00,16765588.00,1912616.00
2007:Q4,33277625.00,14157012.00,10613076.00,2609880.00,10112981.00,6337857.00,6074315.00,2933317.00,17277177.00,1996631.00
2008:Q1,33848756.00,14321215.00,10682620.00,2649579.00,10346041.00,6484024.00,6229902.00,2951597.00,17651377.00,2011824.00
2008:Q2,34079989.00,14252718.00,10684326.00,2665615.00,10542417.00,6594276.00,6325304.00,2959549.00,17888738.00,1936259.00
2008:Q3,34820445.00,14345070.00,10660738.00,2659134.00,10685007.00,6664721.00,6822181.00,2968187.00,18182204.00,1699926.00
2008:Q4,35081450.00,14031570.00,10595560.00,2644184.00,10704764.00,6610772.00,7376817.00,2968299.00,17995675.00,1604415.00
2009:Q1,35320570.00,13891076.00,10588750.00,2624140.00,10648465.00,6567063.00,7791835.00,2989194.00,17899830.00,1607985.00
2009:Q2,35710447.00,13875329.00,10556931.00,2592514.00,10541549.00,6491138.00,8266574.00,3026996.00,17332635.00,1748657.00
2009:Q3,35907911.00,13835164.00,10496699.00,2574614.00,10391355.00,6373286.00,8624222.00,3057170.00,16919077.00,1899151.00
2009:Q4,35952150.00,13807600.00,10453634.00,2555390.00,10164180.00,6178799.00,8882645.00,3097725.00,16545640.00,2005944.00
2010:Q1,36307481.00,13723133.00,10314151.00,2537813.00,10148704.00,6173938.00,9314558.00,3121086.00,15769911.00,2066982.00
2010:Q2,36668423.00,13693484.00,10257581.00,2520871.00,10060534.00,6093155.00,9792693.00,3121712.00,15493429.00,2055516.00
2010:Q3,37051394.00,13628491.00,10176834.00,2520131.00,10109624.00,6145351.00,10178962.00,3134317.00,15302007.00,2194428.00
2010:Q4,37283436.00,13572578.00,9970939.00,2647203.00,10010198.00,6059336.00,10528562.00,3172098.00,15331153.00,2257908.00
2011:Q1,37500026.00,13568361.00,9916615.00,2672782.00,10041218.00,6106113.00,10739838.00,3150609.00,15270700.00,2348682.00
2011:Q2,37613020.00,13493395.00,9866468.00,2695366.00,10112408.00,6194830.00,10884478.00,3122739.00,15152384.00,2476915.00
2011:Q3,38082962.00,13382708.00,9809837.00,2720459.00,10196691.00,6296846.00,11381015.00,3122548.00,15062793.00,2456760.00
2011:Q4,38443205.00,13368270.00,9755997.00,2758267.00,10281906.00,6395297.00,11667250.00,3125779.00,14916443.00,2484936.00
2012:Q1,38909018.00,13402877.00,9706918.00,2791401.00,10370833.00,6442151.00,12013310.00,3121999.00,14829366.00,2526054.00
2012:Q2,39385493.00,13423664.00,9654147.00,2836999.00,10458497.00,6484536.00,12369510.00,3133822.00,14660956.00,2555333.00
2012:Q3,39755554.00,13359778.00,9596538.00,2873262.00,10623260.00,6606752.00,12637858.00,3134657.00,14767744.00,2718482.00
2012:Q4,40195315.00,13425320.00,9549772.00,2920354.00,10801659.00,6744317.00,12847828.00,3120508.00,14705395.00,2834013.00
2013:Q1,40619041.00,13437977.00,9515676.00,2965729.00,10899754.00,6820709.00,13160986.00,3120324.00,14677955.00,2891228.00
2013:Q2,40794613.00,13446893.00,9484525.00,3003456.00,11018755.00,6911611.00,13223191.00,3105774.00,14715136.00,2825995.00
2013:Q3,41125897.00,13528078.00,9479666.00,3051935.00,11203051.00,7069073.00,13309404.00,3085364.00,14698908.00,2897832.00
2013:Q4,41632051.00,13573319.00,9466819.00,3096199.00,11288851.00,7126780.00,13705127.00,3064754.00,14895569.00,2957824.00
2014:Q1,42067618.00,13633549.00,9456672.00,3148528.00,11461283.00,7231758.00,13925460.00,3047326.00,14866896.00,3035802.00
2014:Q2,42491567.00,13788558.00,9451828.00,3208646.00,11604222.00,7304620.00,14054299.00,3044489.00,14943019.00,3209136.00
2014:Q3,43016978.00,13875248.00,9445146.00,3265270.00,11786559.00,7416069.00,14331087.00,3024084.00,15079458.00,3158717.00
2014:Q4,43392216.00,13944416.00,9461074.00,3317991.00,11977253.00,7533709.00,14441054.00,3029493.00,15194986.00,3206161.00
2015:Q1,43671341.00,13999012.00,9452301.00,3368960.00,12197546.00,7692274.00,14431571.00,3043212.00,15150210.00,3228043.00
2015:Q2,44142590.00,14126969.00,9491480.00,3435620.00,12438915.00,7851328.00,14529356.00,3047350.00,15220310.00,3195439.00
2015:Q3,44428157.00,14167018.00,9517643.00,3496646.00,12607816.00,7959698.00,14604414.00,3048908.00,15285654.00,3118273.00
2015:Q4,45272977.00,14287771.00,9547191.00,3535728.00,12779513.00,8026276.00,15165626.00,3040067.00,15241815.00,3079905.00
2016:Q1,45876034.00,14373468.00,9586999.00,3585499.00,13078353.00,8249307.00,15378611.00,3045603.00,15385165.00,3144209.00
2016:Q2,46366672.00,14521240.00,9637860.00,3643129.00,13211932.00,8308618.00,15571224.00,3062275.00,15514406.00,3161054.00
2016:Q3,47003638.00,14633803.00,9700870.00,3711281.00,13408863.00,8440965.00,15892377.00,3068595.00,15628978.00,3111557.00
