date,FA544090075.Q,FA543020073.Q,FA543034073.Q,FA542051073.Q,FA544022075.Q,FA543069170.Q,FA543061173.Q,FA543061773.Q,FA543062073.Q,FA543063075.Q,FA544023075.Q,FA543069075.Q,FA543065070.Q,FA543064175.Q,FA543064273.Q,FA543092073.Q,FA543090075.Q,FA544190075.Q,FA542151073.Q,FA543164173.Q,FA543169373.Q,FA543140073.Q,FA543150075.Q,FA543178073.Q,FA543192073.Q,FA543190075.Q
1945:Q4,ND,ND,ND,ND,ND,ND,ND,ND,ND,ND,ND,ND,ND,ND,ND,ND,ND,ND,ND,ND,ND,ND,ND,ND,ND,ND
1946:Q1,ND,ND,ND,ND,ND,ND,ND,ND,ND,ND,ND,ND,ND,ND,ND,ND,ND,ND,ND,ND,ND,ND,ND,ND,ND,ND
1946:Q2,ND,ND,ND,ND,ND,ND,ND,ND,ND,ND,ND,ND,ND,ND,ND,ND,ND,ND,ND,ND,ND,ND,ND,ND,ND,ND
1946:Q3,ND,ND,ND,ND,ND,ND,ND,ND,ND,ND,ND,ND,ND,ND,ND,ND,ND,ND,ND,ND,ND,ND,ND,ND,ND,ND
1946:Q4,3531.00,-6.00,0.00,0.00,2743.00,0.00,1046.00,0.00,-108.00,1805.00,451.00,-68.00,519.00,267.00,0.00,4.00,72.00,3331.00,0.00,0.00,0.00,2635.00,400.00,-4.00,1.00,299.00
1947:Q1,ND,ND,ND,ND,ND,ND,ND,ND,ND,ND,ND,ND,ND,ND,ND,ND,ND,ND,ND,ND,ND,ND,ND,ND,ND,ND
1947:Q2,ND,ND,ND,ND,ND,ND,ND,ND,ND,ND,ND,ND,ND,ND,ND,ND,ND,ND,ND,ND,ND,ND,ND,ND,ND,ND
1947:Q3,ND,ND,ND,ND,ND,ND,ND,ND,ND,ND,ND,ND,ND,ND,ND,ND,ND,ND,ND,ND,ND,ND,ND,ND,ND,ND
1947:Q4,3449.00,246.00,0.00,0.00,1420.00,0.00,-1595.00,0.00,-5.00,3020.00,1563.00,43.00,1520.00,150.00,0.00,4.00,66.00,3420.00,0.00,0.00,0.00,2545.00,500.00,-20.00,1.00,394.00
1948:Q1,ND,ND,ND,ND,ND,ND,ND,ND,ND,ND,ND,ND,ND,ND,ND,ND,ND,ND,ND,ND,ND,ND,ND,ND,ND,ND
1948:Q2,ND,ND,ND,ND,ND,ND,ND,ND,ND,ND,ND,ND,ND,ND,ND,ND,ND,ND,ND,ND,ND,ND,ND,ND,ND,ND
1948:Q3,ND,ND,ND,ND,ND,ND,ND,ND,ND,ND,ND,ND,ND,ND,ND,ND,ND,ND,ND,ND,ND,ND,ND,ND,ND,ND
1948:Q4,3626.00,-105.00,0.00,0.00,1268.00,0.00,-3228.00,0.00,263.00,4233.00,2278.00,120.00,2158.00,44.00,0.00,4.00,137.00,3496.00,0.00,0.00,0.00,2630.00,600.00,0.00,2.00,264.00
1949:Q1,ND,ND,ND,ND,ND,ND,ND,ND,ND,ND,ND,ND,ND,ND,ND,ND,ND,ND,ND,ND,ND,ND,ND,ND,ND,ND
1949:Q2,ND,ND,ND,ND,ND,ND,ND,ND,ND,ND,ND,ND,ND,ND,ND,ND,ND,ND,ND,ND,ND,ND,ND,ND,ND,ND
1949:Q3,ND,ND,ND,ND,ND,ND,ND,ND,ND,ND,ND,ND,ND,ND,ND,ND,ND,ND,ND,ND,ND,ND,ND,ND,ND,ND
1949:Q4,3806.00,-7.00,0.00,0.00,1239.00,0.00,-1514.00,0.00,180.00,2573.00,2256.00,183.00,2073.00,226.00,0.00,4.00,88.00,3725.00,0.00,0.00,0.00,2667.00,625.00,45.00,2.00,386.00
1950:Q1,ND,ND,ND,ND,ND,ND,ND,ND,ND,ND,ND,ND,ND,ND,ND,ND,ND,ND,ND,ND,ND,ND,ND,ND,ND,ND
1950:Q2,ND,ND,ND,ND,ND,ND,ND,ND,ND,ND,ND,ND,ND,ND,ND,ND,ND,ND,ND,ND,ND,ND,ND,ND,ND,ND
1950:Q3,ND,ND,ND,ND,ND,ND,ND,ND,ND,ND,ND,ND,ND,ND,ND,ND,ND,ND,ND,ND,ND,ND,ND,ND,ND,ND
1950:Q4,4141.00,97.00,0.00,0.00,109.00,0.00,-1812.00,0.00,100.00,1821.00,3369.00,173.00,3196.00,317.00,0.00,6.00,243.00,3716.00,0.00,0.00,0.00,2636.00,775.00,29.00,3.00,273.00
1951:Q1,ND,ND,ND,ND,ND,ND,ND,ND,ND,ND,ND,ND,ND,ND,ND,ND,ND,ND,ND,ND,ND,ND,ND,ND,ND,ND
1951:Q2,ND,ND,ND,ND,ND,ND,ND,ND,ND,ND,ND,ND,ND,ND,ND,ND,ND,ND,ND,ND,ND,ND,ND,ND,ND,ND
1951:Q3,ND,ND,ND,ND,ND,ND,ND,ND,ND,ND,ND,ND,ND,ND,ND,ND,ND,ND,ND,ND,ND,ND,ND,ND,ND,ND
1951:Q4,3971.00,80.00,0.00,0.00,257.00,0.00,-2452.00,0.00,-10.00,2719.00,3389.00,177.00,3212.00,55.00,0.00,7.00,183.00,3978.00,0.00,0.00,0.00,2555.00,975.00,57.00,3.00,388.00
1952:Q1,4772.00,-280.00,0.00,0.00,2180.00,0.00,-864.00,0.00,-36.00,3080.00,2448.00,148.00,2300.00,248.00,0.00,0.00,176.00,4284.00,0.00,0.00,0.00,2612.00,1080.00,128.00,0.00,464.00
1952:Q2,3704.00,248.00,0.00,0.00,1152.00,0.00,-1820.00,0.00,-40.00,3012.00,1976.00,136.00,1840.00,160.00,0.00,8.00,160.00,4544.00,0.00,0.00,0.00,2752.00,1136.00,-68.00,4.00,720.00
1952:Q3,5548.00,-48.00,0.00,0.00,3348.00,0.00,368.00,0.00,160.00,2820.00,1996.00,144.00,1852.00,88.00,0.00,8.00,156.00,4760.00,0.00,0.00,0.00,2924.00,1152.00,44.00,4.00,636.00
1952:Q4,5076.00,324.00,0.00,0.00,2628.00,0.00,-812.00,0.00,-40.00,3480.00,1820.00,64.00,1756.00,160.00,0.00,8.00,136.00,4820.00,0.00,0.00,0.00,3092.00,1132.00,-40.00,4.00,632.00
1953:Q1,4648.00,-624.00,0.00,0.00,2868.00,0.00,-528.00,0.00,200.00,3196.00,2140.00,180.00,1960.00,116.00,0.00,8.00,140.00,4792.00,0.00,0.00,0.00,3064.00,1120.00,-40.00,4.00,644.00
1953:Q2,4576.00,-168.00,0.00,0.00,2256.00,0.00,-120.00,0.00,60.00,2316.00,2240.00,192.00,2048.00,116.00,0.00,8.00,124.00,4636.00,0.00,0.00,0.00,2968.00,1116.00,-56.00,8.00,600.00
1953:Q3,4596.00,328.00,0.00,0.00,1964.00,0.00,-412.00,0.00,160.00,2216.00,2108.00,176.00,1932.00,56.00,0.00,8.00,132.00,4560.00,0.00,0.00,0.00,2852.00,1120.00,140.00,8.00,440.00
1953:Q4,6208.00,740.00,0.00,0.00,2624.00,0.00,-632.00,0.00,160.00,3096.00,2600.00,256.00,2344.00,84.00,0.00,16.00,144.00,4568.00,0.00,0.00,0.00,2748.00,1144.00,284.00,8.00,384.00
1954:Q1,4764.00,-620.00,0.00,0.00,2780.00,0.00,-436.00,0.00,660.00,2556.00,2212.00,232.00,1980.00,212.00,0.00,8.00,172.00,4692.00,0.00,0.00,0.00,2820.00,1152.00,-184.00,8.00,896.00
1954:Q2,5152.00,164.00,0.00,0.00,1664.00,0.00,-1284.00,0.00,776.00,2172.00,2700.00,240.00,2460.00,424.00,0.00,12.00,188.00,4836.00,0.00,0.00,0.00,2952.00,1152.00,-180.00,8.00,904.00
1954:Q3,4888.00,40.00,0.00,0.00,1544.00,0.00,-1044.00,0.00,536.00,2052.00,2812.00,208.00,2604.00,284.00,0.00,12.00,196.00,4860.00,0.00,0.00,0.00,3076.00,1176.00,112.00,8.00,488.00
1954:Q4,6196.00,516.00,0.00,0.00,1580.00,0.00,-272.00,0.00,220.00,1632.00,3744.00,172.00,3572.00,160.00,0.00,8.00,188.00,4652.00,0.00,0.00,0.00,3156.00,1220.00,60.00,8.00,208.00
1955:Q1,5224.00,-716.00,0.00,0.00,2268.00,0.00,264.00,0.00,552.00,1452.00,3412.00,244.00,3168.00,76.00,0.00,12.00,172.00,4852.00,0.00,0.00,0.00,3124.00,1288.00,24.00,8.00,408.00
1955:Q2,4756.00,112.00,0.00,0.00,1224.00,0.00,-200.00,0.00,0.00,1424.00,3148.00,148.00,3000.00,100.00,0.00,12.00,160.00,5032.00,0.00,0.00,0.00,3044.00,1364.00,-132.00,8.00,748.00
1955:Q3,5688.00,284.00,0.00,0.00,1956.00,0.00,312.00,0.00,128.00,1516.00,3204.00,168.00,3036.00,60.00,0.00,12.00,172.00,5176.00,0.00,0.00,0.00,3028.00,1364.00,168.00,8.00,608.00
1955:Q4,5784.00,420.00,0.00,0.00,340.00,0.00,-2352.00,0.00,88.00,2604.00,4764.00,92.00,4672.00,24.00,0.00,12.00,224.00,5148.00,0.00,0.00,0.00,3084.00,1284.00,96.00,8.00,676.00
1956:Q1,4720.00,-860.00,0.00,0.00,1268.00,0.00,-1996.00,0.00,620.00,2644.00,4028.00,224.00,3804.00,0.00,0.00,12.00,272.00,5192.00,0.00,0.00,0.00,3168.00,1196.00,-72.00,8.00,892.00
1956:Q2,5428.00,144.00,0.00,0.00,1088.00,0.00,-492.00,0.00,-28.00,1608.00,3856.00,272.00,3584.00,0.00,0.00,12.00,328.00,5068.00,0.00,0.00,0.00,3276.00,1084.00,-200.00,4.00,904.00
1956:Q3,5848.00,-8.00,0.00,0.00,2088.00,0.00,-480.00,0.00,260.00,2308.00,3424.00,144.00,3280.00,0.00,0.00,12.00,332.00,4972.00,0.00,0.00,0.00,3220.00,1120.00,360.00,4.00,268.00
1956:Q4,5888.00,788.00,0.00,0.00,1020.00,0.00,-1116.00,0.00,88.00,2048.00,3784.00,276.00,3508.00,-8.00,0.00,12.00,292.00,4936.00,0.00,0.00,0.00,3004.00,1300.00,72.00,4.00,556.00
1957:Q1,4832.00,-828.00,0.00,0.00,2272.00,0.00,-308.00,0.00,64.00,2516.00,3064.00,304.00,2760.00,52.00,0.00,12.00,260.00,4892.00,0.00,0.00,0.00,2792.00,1472.00,-4.00,4.00,628.00
1957:Q2,4860.00,272.00,0.00,0.00,1992.00,0.00,-520.00,0.00,132.00,2380.00,2340.00,332.00,2008.00,0.00,0.00,12.00,244.00,4768.00,0.00,0.00,0.00,2580.00,1644.00,-304.00,4.00,844.00
1957:Q3,5456.00,32.00,0.00,0.00,2684.00,0.00,-236.00,0.00,104.00,2816.00,2408.00,352.00,2056.00,88.00,0.00,12.00,232.00,4832.00,0.00,0.00,0.00,2548.00,1684.00,156.00,4.00,440.00
1957:Q4,5456.00,568.00,0.00,0.00,2048.00,0.00,-1040.00,0.00,112.00,2976.00,2576.00,412.00,2164.00,32.00,0.00,16.00,216.00,5132.00,0.00,0.00,0.00,2684.00,1600.00,160.00,4.00,684.00
1958:Q1,5008.00,-488.00,0.00,0.00,2972.00,0.00,232.00,0.00,336.00,2404.00,2232.00,404.00,1828.00,76.00,0.00,12.00,204.00,5228.00,0.00,0.00,0.00,2856.00,1500.00,492.00,4.00,376.00
1958:Q2,4780.00,160.00,0.00,0.00,2668.00,0.00,-48.00,0.00,296.00,2420.00,1696.00,352.00,1344.00,76.00,0.00,16.00,164.00,5408.00,0.00,0.00,0.00,3056.00,1404.00,-348.00,0.00,1296.00
1958:Q3,5620.00,28.00,0.00,0.00,3412.00,0.00,880.00,0.00,316.00,2216.00,1904.00,268.00,1636.00,80.00,0.00,12.00,184.00,5280.00,0.00,0.00,0.00,3112.00,1452.00,140.00,0.00,576.00
1958:Q4,6336.00,596.00,0.00,0.00,2656.00,68.00,-448.00,200.00,272.00,2564.00,2748.00,252.00,2496.00,80.00,0.00,16.00,240.00,4748.00,0.00,0.00,0.00,3044.00,1644.00,52.00,0.00,8.00
1959:Q1,4820.00,-592.00,0.00,0.00,2976.00,332.00,116.00,44.00,588.00,1896.00,1936.00,340.00,1596.00,176.00,0.00,16.00,308.00,5032.00,0.00,0.00,0.00,3076.00,1872.00,128.00,0.00,-44.00
1959:Q2,5736.00,-48.00,0.00,0.00,3324.00,340.00,64.00,52.00,652.00,2216.00,1928.00,376.00,1552.00,144.00,0.00,12.00,376.00,5272.00,0.00,0.00,0.00,3084.00,2136.00,-164.00,4.00,212.00
1959:Q3,5000.00,-192.00,0.00,0.00,1904.00,-104.00,-180.00,32.00,628.00,1528.00,2684.00,428.00,2256.00,200.00,0.00,16.00,388.00,5772.00,0.00,0.00,0.00,3332.00,2108.00,316.00,4.00,12.00
1959:Q4,6336.00,604.00,0.00,0.00,1408.00,-164.00,-1260.00,-40.00,208.00,2664.00,3712.00,576.00,3136.00,248.00,0.00,16.00,348.00,6316.00,0.00,0.00,0.00,3756.00,1784.00,64.00,4.00,708.00
1960:Q1,4944.00,-728.00,0.00,0.00,1668.00,-104.00,-160.00,4.00,336.00,1592.00,3504.00,672.00,2832.00,168.00,0.00,16.00,316.00,6172.00,0.00,0.00,0.00,3672.00,1484.00,-232.00,4.00,1244.00
1960:Q2,5336.00,244.00,0.00,0.00,1360.00,184.00,-1016.00,108.00,292.00,1792.00,3172.00,720.00,2452.00,256.00,0.00,16.00,288.00,5624.00,0.00,0.00,0.00,3436.00,1208.00,-156.00,8.00,1128.00
1960:Q3,5780.00,-20.00,0.00,0.00,2156.00,164.00,12.00,20.00,612.00,1348.00,2816.00,584.00,2232.00,524.00,0.00,16.00,288.00,5052.00,0.00,0.00,0.00,3000.00,1136.00,184.00,8.00,724.00
1960:Q4,6916.00,588.00,0.00,0.00,2292.00,460.00,-600.00,-16.00,312.00,2136.00,3256.00,476.00,2780.00,460.00,0.00,16.00,304.00,4596.00,0.00,0.00,0.00,2500.00,1272.00,140.00,8.00,676.00
1961:Q1,5592.00,-392.00,0.00,0.00,2428.00,-28.00,464.00,-40.00,420.00,1612.00,2768.00,568.00,2200.00,444.00,0.00,16.00,328.00,4972.00,0.00,0.00,0.00,2668.00,1364.00,24.00,8.00,908.00
1961:Q2,6028.00,152.00,0.00,0.00,2228.00,-24.00,-540.00,-40.00,140.00,2692.00,3080.00,600.00,2480.00,204.00,0.00,16.00,348.00,5628.00,0.00,0.00,0.00,3084.00,1412.00,-268.00,4.00,1396.00
1961:Q3,5828.00,156.00,0.00,0.00,2680.00,-200.00,80.00,88.00,320.00,2392.00,2204.00,444.00,1760.00,428.00,0.00,16.00,344.00,6068.00,0.00,0.00,0.00,3596.00,1424.00,88.00,4.00,956.00
1961:Q4,7296.00,332.00,0.00,0.00,2172.00,-152.00,-1176.00,28.00,320.00,3152.00,3684.00,396.00,3288.00,784.00,0.00,20.00,304.00,5980.00,0.00,0.00,0.00,4068.00,1400.00,28.00,4.00,480.00
1962:Q1,5728.00,-692.00,0.00,0.00,3672.00,872.00,692.00,44.00,604.00,1460.00,2072.00,460.00,1612.00,364.00,16.00,16.00,280.00,6080.00,0.00,0.00,0.00,4012.00,1364.00,436.00,4.00,264.00
1962:Q2,6564.00,-24.00,0.00,0.00,2900.00,276.00,-112.00,-24.00,-60.00,2820.00,2640.00,588.00,2052.00,748.00,40.00,20.00,240.00,5908.00,0.00,0.00,0.00,3828.00,1316.00,-264.00,4.00,1024.00
1962:Q3,6312.00,304.00,0.00,0.00,2848.00,196.00,208.00,108.00,196.00,2140.00,2720.00,516.00,2204.00,156.00,28.00,20.00,236.00,5972.00,0.00,0.00,0.00,3516.00,1352.00,168.00,4.00,932.00
1962:Q4,8452.00,672.00,0.00,0.00,1740.00,-728.00,-644.00,-148.00,-188.00,3448.00,5368.00,440.00,4928.00,364.00,16.00,16.00,276.00,6388.00,0.00,0.00,0.00,3212.00,1468.00,-124.00,4.00,1828.00
1963:Q1,5740.00,-908.00,0.00,0.00,2936.00,548.00,-592.00,-20.00,12.00,2988.00,2956.00,456.00,2500.00,428.00,0.00,20.00,308.00,6080.00,0.00,0.00,0.00,3696.00,1564.00,692.00,4.00,124.00
1963:Q2,6532.00,64.00,0.00,0.00,2236.00,-124.00,-1104.00,72.00,-360.00,3752.00,3640.00,496.00,3144.00,252.00,-20.00,20.00,340.00,6280.00,0.00,0.00,0.00,3956.00,1644.00,-644.00,0.00,1324.00
1963:Q3,7280.00,416.00,0.00,0.00,2300.00,208.00,380.00,12.00,-252.00,1952.00,3952.00,380.00,3572.00,256.00,-12.00,20.00,348.00,6632.00,0.00,0.00,0.00,4248.00,1716.00,-36.00,0.00,704.00
1963:Q4,8572.00,464.00,0.00,0.00,1972.00,-500.00,-112.00,72.00,-96.00,2608.00,5704.00,352.00,5352.00,68.00,12.00,20.00,332.00,6972.00,0.00,0.00,0.00,4524.00,1776.00,-36.00,0.00,708.00
1964:Q1,6576.00,-688.00,0.00,0.00,2344.00,68.00,-100.00,-72.00,-36.00,2484.00,4132.00,488.00,3644.00,388.00,64.00,20.00,316.00,6932.00,0.00,0.00,0.00,4224.00,1856.00,416.00,0.00,436.00
1964:Q2,7440.00,-60.00,0.00,0.00,2016.00,-468.00,-292.00,60.00,-164.00,2880.00,4672.00,536.00,4136.00,384.00,108.00,20.00,300.00,7092.00,0.00,0.00,0.00,4252.00,1944.00,-256.00,4.00,1148.00
1964:Q3,7776.00,140.00,0.00,0.00,2068.00,96.00,500.00,12.00,80.00,1380.00,4612.00,472.00,4140.00,528.00,96.00,24.00,308.00,7272.00,0.00,0.00,0.00,4332.00,1992.00,328.00,4.00,616.00
1964:Q4,9740.00,696.00,0.00,0.00,1092.00,-224.00,-984.00,-40.00,-192.00,2532.00,6956.00,444.00,6512.00,536.00,80.00,20.00,360.00,7336.00,0.00,0.00,0.00,4440.00,2008.00,-16.00,4.00,900.00
1965:Q1,7820.00,-808.00,0.00,0.00,2712.00,596.00,180.00,28.00,-112.00,2020.00,5176.00,516.00,4660.00,280.00,36.00,24.00,400.00,7740.00,0.00,0.00,0.00,4268.00,2348.00,56.00,4.00,1064.00
1965:Q2,7752.00,-28.00,0.00,0.00,2044.00,760.00,-1124.00,60.00,-288.00,2636.00,4720.00,600.00,4120.00,524.00,24.00,20.00,448.00,8100.00,0.00,0.00,0.00,4796.00,2016.00,-332.00,-4.00,1624.00
1965:Q3,9124.00,68.00,0.00,0.00,2924.00,492.00,-240.00,112.00,-316.00,2876.00,4832.00,568.00,4264.00,836.00,-24.00,24.00,464.00,8100.00,0.00,0.00,0.00,4956.00,1908.00,204.00,-4.00,1036.00
1965:Q4,10428.00,828.00,0.00,0.00,1076.00,-1668.00,-716.00,-48.00,-260.00,3768.00,6868.00,468.00,6400.00,1160.00,-4.00,24.00,476.00,7748.00,0.00,0.00,0.00,4744.00,2028.00,-8.00,-8.00,992.00
1966:Q1,8804.00,-1720.00,0.00,0.00,4908.00,-192.00,208.00,96.00,36.00,4760.00,5608.00,732.00,4876.00,156.00,16.00,24.00,-188.00,6668.00,0.00,0.00,0.00,4580.00,2084.00,416.00,-4.00,-408.00
1966:Q2,7344.00,96.00,0.00,0.00,736.00,-32.00,-1000.00,164.00,-692.00,2296.00,6356.00,1248.00,5108.00,176.00,36.00,24.00,-80.00,8476.00,0.00,0.00,0.00,4456.00,2084.00,-396.00,8.00,2324.00
1966:Q3,7972.00,248.00,0.00,0.00,1336.00,300.00,-276.00,36.00,-184.00,1460.00,6160.00,1936.00,4224.00,224.00,80.00,24.00,-100.00,9192.00,0.00,0.00,0.00,4524.00,2100.00,116.00,8.00,2444.00
1966:Q4,10464.00,1552.00,0.00,0.00,1272.00,272.00,276.00,-20.00,-240.00,984.00,6016.00,1840.00,4176.00,380.00,4.00,24.00,1216.00,7640.00,0.00,0.00,0.00,4788.00,2132.00,104.00,8.00,608.00
1967:Q1,10824.00,-956.00,0.00,0.00,3752.00,688.00,-264.00,4.00,-172.00,3496.00,4556.00,1116.00,3440.00,596.00,-16.00,32.00,2860.00,7704.00,0.00,0.00,0.00,4964.00,1264.00,844.00,8.00,624.00
1967:Q2,8528.00,304.00,0.00,0.00,3232.00,1340.00,-660.00,20.00,-240.00,2772.00,3724.00,1096.00,2628.00,1044.00,40.00,36.00,148.00,7512.00,0.00,0.00,0.00,4852.00,1424.00,-1288.00,4.00,2520.00
1967:Q3,9220.00,188.00,0.00,0.00,5060.00,1100.00,108.00,-16.00,-112.00,3980.00,2844.00,760.00,2084.00,964.00,16.00,36.00,112.00,8504.00,0.00,0.00,0.00,4888.00,1496.00,124.00,4.00,1992.00
1967:Q4,8748.00,580.00,0.00,0.00,2160.00,-2728.00,-136.00,-32.00,64.00,4992.00,4272.00,796.00,3476.00,1372.00,52.00,32.00,280.00,8532.00,0.00,0.00,0.00,4836.00,1800.00,-124.00,4.00,2016.00
1968:Q1,8816.00,-1648.00,0.00,0.00,5764.00,848.00,-20.00,144.00,120.00,4672.00,2936.00,1108.00,1828.00,1152.00,116.00,40.00,456.00,8524.00,0.00,0.00,0.00,4800.00,2236.00,648.00,4.00,836.00
1968:Q2,8228.00,244.00,0.00,0.00,2632.00,-44.00,-924.00,-56.00,-8.00,3664.00,3236.00,1444.00,1792.00,1592.00,-76.00,36.00,564.00,8388.00,0.00,0.00,0.00,4768.00,2296.00,-360.00,8.00,1676.00
1968:Q3,9468.00,836.00,0.00,0.00,3664.00,620.00,324.00,44.00,-16.00,2692.00,3324.00,1380.00,1944.00,964.00,12.00,40.00,628.00,7860.00,0.00,0.00,0.00,4788.00,1532.00,304.00,8.00,1228.00
1968:Q4,11192.00,992.00,0.00,0.00,2500.00,-1240.00,-288.00,124.00,100.00,3804.00,5328.00,1056.00,4272.00,1536.00,132.00,36.00,668.00,10036.00,0.00,0.00,0.00,4856.00,3140.00,56.00,8.00,1976.00
1969:Q1,10088.00,-1340.00,0.00,0.00,5388.00,1408.00,-468.00,92.00,144.00,4212.00,3304.00,1676.00,1628.00,1552.00,308.00,40.00,836.00,9080.00,0.00,0.00,0.00,4904.00,2668.00,652.00,8.00,848.00
1969:Q2,7256.00,-520.00,0.00,0.00,616.00,-684.00,-840.00,112.00,-24.00,2052.00,4448.00,2544.00,1904.00,1396.00,424.00,44.00,848.00,9460.00,0.00,0.00,0.00,4932.00,3068.00,-680.00,12.00,2128.00
1969:Q3,9980.00,248.00,0.00,0.00,2636.00,1396.00,-164.00,148.00,0.00,1256.00,5324.00,3284.00,2040.00,680.00,400.00,40.00,652.00,9564.00,0.00,0.00,0.00,4988.00,3116.00,348.00,12.00,1100.00
1969:Q4,10504.00,1420.00,0.00,0.00,828.00,1236.00,144.00,32.00,-12.00,-572.00,5208.00,2572.00,2636.00,1668.00,392.00,44.00,944.00,10372.00,0.00,0.00,0.00,5064.00,3628.00,-100.00,12.00,1768.00
1970:Q1,10060.00,-628.00,0.00,0.00,2152.00,-12.00,-176.00,232.00,56.00,2052.00,5460.00,2876.00,2584.00,1888.00,352.00,44.00,792.00,9212.00,0.00,0.00,0.00,5088.00,2612.00,744.00,12.00,756.00
1970:Q2,8760.00,-384.00,0.00,0.00,1228.00,-140.00,-264.00,-12.00,-24.00,1668.00,4804.00,2588.00,2216.00,1164.00,1128.00,44.00,776.00,9124.00,0.00,0.00,0.00,5056.00,2604.00,-792.00,8.00,2248.00
1970:Q3,7264.00,196.00,0.00,0.00,2252.00,668.00,532.00,172.00,172.00,708.00,3468.00,2048.00,1420.00,528.00,8.00,44.00,768.00,9656.00,0.00,0.00,0.00,5220.00,2876.00,396.00,8.00,1156.00
1970:Q4,13552.00,1312.00,0.00,0.00,3940.00,2592.00,-420.00,176.00,136.00,1456.00,4616.00,1444.00,3172.00,2912.00,-44.00,48.00,768.00,10788.00,0.00,0.00,0.00,5576.00,3440.00,152.00,8.00,1612.00
1971:Q1,12744.00,-836.00,0.00,0.00,6632.00,2120.00,-152.00,28.00,32.00,4604.00,1560.00,928.00,632.00,4908.00,-416.00,48.00,848.00,11876.00,0.00,0.00,0.00,5928.00,4200.00,500.00,8.00,1240.00
1971:Q2,10476.00,-268.00,0.00,0.00,5564.00,2604.00,-1128.00,0.00,100.00,3988.00,844.00,940.00,-96.00,3676.00,-284.00,48.00,896.00,12792.00,0.00,0.00,0.00,6264.00,4748.00,-532.00,12.00,2300.00
1971:Q3,10456.00,100.00,0.00,0.00,4132.00,-1284.00,116.00,296.00,108.00,4896.00,2092.00,1124.00,968.00,3504.00,-316.00,52.00,892.00,13244.00,0.00,0.00,0.00,6448.00,4900.00,320.00,12.00,1564.00
1971:Q4,17192.00,1024.00,0.00,0.00,7800.00,-928.00,308.00,56.00,-12.00,8376.00,3992.00,1012.00,2980.00,3908.00,-420.00,52.00,836.00,12964.00,0.00,0.00,0.00,6484.00,4632.00,-396.00,12.00,2232.00
1972:Q1,9108.00,-2396.00,0.00,0.00,5876.00,-260.00,648.00,356.00,-48.00,5180.00,416.00,808.00,-392.00,4588.00,-360.00,52.00,932.00,13464.00,0.00,0.00,0.00,6556.00,4332.00,576.00,12.00,1988.00
1972:Q2,14308.00,656.00,0.00,0.00,7388.00,560.00,-1072.00,-68.00,0.00,7968.00,1044.00,1020.00,24.00,4544.00,-352.00,52.00,976.00,13812.00,0.00,0.00,0.00,6668.00,3976.00,-804.00,8.00,3964.00
1972:Q3,14428.00,376.00,0.00,0.00,9200.00,2948.00,612.00,204.00,44.00,5392.00,1732.00,996.00,736.00,2400.00,-312.00,56.00,976.00,13960.00,0.00,0.00,0.00,6776.00,4220.00,384.00,8.00,2572.00
1972:Q4,19872.00,2236.00,0.00,0.00,6792.00,-2404.00,-192.00,-60.00,20.00,9428.00,6368.00,928.00,5440.00,3708.00,-216.00,56.00,928.00,13524.00,0.00,0.00,0.00,6892.00,5032.00,-96.00,8.00,1688.00
1973:Q1,13692.00,-1828.00,0.00,0.00,9100.00,4408.00,-12.00,116.00,-140.00,4728.00,1996.00,1124.00,872.00,3312.00,168.00,60.00,884.00,15496.00,0.00,0.00,0.00,7044.00,4916.00,728.00,8.00,2800.00
1973:Q2,16172.00,-88.00,0.00,0.00,5816.00,-1260.00,-1008.00,204.00,168.00,7712.00,4980.00,1716.00,3264.00,4228.00,324.00,60.00,852.00,14912.00,0.00,0.00,0.00,7232.00,5420.00,-828.00,32.00,3056.00
1973:Q3,15176.00,-264.00,0.00,0.00,3120.00,-3588.00,-424.00,376.00,88.00,6668.00,8356.00,3536.00,4820.00,2960.00,108.00,60.00,836.00,15160.00,0.00,0.00,0.00,7268.00,5996.00,348.00,32.00,1516.00
1973:Q4,22432.00,2540.00,0.00,0.00,4712.00,532.00,-88.00,-100.00,64.00,4304.00,11136.00,2408.00,8728.00,2736.00,392.00,60.00,856.00,15812.00,0.00,0.00,0.00,7148.00,6648.00,-104.00,32.00,2088.00
1974:Q1,14716.00,-2308.00,0.00,0.00,8436.00,1424.00,608.00,192.00,292.00,5920.00,5020.00,1776.00,3244.00,2060.00,280.00,64.00,1164.00,14780.00,0.00,0.00,0.00,7000.00,5264.00,708.00,32.00,1776.00
1974:Q2,14928.00,-168.00,0.00,0.00,4140.00,-892.00,-988.00,20.00,368.00,5632.00,6828.00,2648.00,4180.00,2348.00,408.00,64.00,1308.00,15444.00,0.00,0.00,0.00,6820.00,6172.00,-860.00,-264.00,3576.00
1974:Q3,13296.00,204.00,0.00,0.00,1232.00,-2144.00,-88.00,208.00,164.00,3092.00,8288.00,3480.00,4808.00,1308.00,796.00,68.00,1400.00,15884.00,0.00,0.00,0.00,6916.00,6436.00,304.00,-264.00,2492.00
1974:Q4,23320.00,1984.00,0.00,0.00,7864.00,5876.00,180.00,304.00,196.00,1308.00,9976.00,2748.00,7228.00,2072.00,-80.00,68.00,1436.00,16516.00,0.00,0.00,0.00,7288.00,6060.00,-200.00,-264.00,3632.00
1975:Q1,16532.00,-1540.00,0.00,0.00,8596.00,-1428.00,852.00,180.00,116.00,8876.00,5904.00,1856.00,4048.00,2248.00,-312.00,68.00,1568.00,18820.00,0.00,0.00,0.00,7612.00,8336.00,620.00,156.00,2096.00
1975:Q2,17240.00,-268.00,0.00,0.00,8640.00,1056.00,508.00,276.00,348.00,6452.00,4412.00,1528.00,2884.00,2924.00,-320.00,72.00,1780.00,18164.00,0.00,0.00,0.00,7884.00,7440.00,-932.00,156.00,3616.00
1975:Q3,19000.00,-1008.00,0.00,0.00,13460.00,4060.00,436.00,412.00,1528.00,7024.00,3020.00,1564.00,1456.00,1524.00,236.00,72.00,1696.00,19492.00,0.00,0.00,0.00,8080.00,8224.00,220.00,156.00,2812.00
1975:Q4,28968.00,2520.00,0.00,0.00,18892.00,-716.00,3660.00,548.00,1372.00,14028.00,4820.00,1472.00,3348.00,1508.00,-168.00,72.00,1324.00,22772.00,0.00,0.00,0.00,8208.00,10652.00,-268.00,152.00,4028.00
1976:Q1,23536.00,-1896.00,0.00,0.00,17880.00,-2012.00,1344.00,892.00,2024.00,15632.00,2220.00,1184.00,1036.00,4076.00,-256.00,76.00,1436.00,25100.00,0.00,0.00,0.00,8352.00,12880.00,772.00,220.00,2876.00
1976:Q2,24044.00,236.00,0.00,0.00,17484.00,3572.00,-464.00,24.00,728.00,13624.00,2608.00,1492.00,1116.00,2408.00,-80.00,80.00,1308.00,27908.00,0.00,0.00,0.00,8504.00,15024.00,-812.00,220.00,4972.00
1976:Q3,25936.00,-1316.00,0.00,0.00,19604.00,-2204.00,1852.00,1768.00,840.00,17348.00,3416.00,1432.00,1984.00,2836.00,4.00,80.00,1312.00,28976.00,0.00,0.00,0.00,8676.00,16024.00,512.00,220.00,3544.00
1976:Q4,39180.00,3288.00,0.00,0.00,24680.00,2288.00,-204.00,912.00,752.00,20932.00,6772.00,1360.00,5412.00,2976.00,-44.00,80.00,1428.00,28292.00,0.00,0.00,0.00,8864.00,15876.00,60.00,220.00,3272.00
1977:Q1,26156.00,-2320.00,96.00,0.00,21264.00,2252.00,696.00,916.00,472.00,16928.00,2812.00,1656.00,1156.00,1804.00,172.00,84.00,2244.00,29144.00,0.00,0.00,0.00,8992.00,15512.00,312.00,220.00,4108.00
1977:Q2,30144.00,-132.00,140.00,0.00,20860.00,1080.00,-820.00,552.00,372.00,19676.00,6204.00,1844.00,4360.00,796.00,-100.00,84.00,2292.00,30168.00,0.00,0.00,0.00,9064.00,16188.00,416.00,92.00,4408.00
1977:Q3,27928.00,260.00,172.00,0.00,17780.00,64.00,1528.00,1420.00,900.00,13868.00,6672.00,1728.00,4944.00,600.00,84.00,88.00,2272.00,31748.00,0.00,0.00,0.00,9348.00,17280.00,444.00,92.00,4584.00
1977:Q4,41088.00,2700.00,192.00,0.00,22168.00,-4708.00,-1616.00,3848.00,84.00,24560.00,12376.00,1660.00,10716.00,1348.00,56.00,88.00,2160.00,33524.00,0.00,0.00,0.00,9848.00,18308.00,388.00,92.00,4888.00
1978:Q1,31828.00,-2900.00,200.00,0.00,26472.00,7524.00,-960.00,2412.00,-196.00,17692.00,6096.00,1804.00,4292.00,-96.00,108.00,136.00,1812.00,33888.00,0.00,0.00,0.00,10412.00,18396.00,368.00,92.00,4620.00
1978:Q2,32680.00,244.00,196.00,0.00,19868.00,-1216.00,-604.00,1160.00,-236.00,20764.00,10196.00,2436.00,7760.00,260.00,-132.00,140.00,1908.00,35400.00,0.00,0.00,0.00,11052.00,19232.00,388.00,248.00,4480.00
1978:Q3,36228.00,-112.00,252.00,0.00,21812.00,2084.00,756.00,3744.00,520.00,14708.00,11764.00,2536.00,9228.00,476.00,-92.00,144.00,1984.00,35904.00,0.00,0.00,0.00,11192.00,19552.00,336.00,248.00,4576.00
1978:Q4,41560.00,3716.00,364.00,0.00,16456.00,-2580.00,-1164.00,2848.00,1316.00,16036.00,19576.00,3584.00,15992.00,-1216.00,244.00,152.00,2268.00,35380.00,0.00,0.00,0.00,10828.00,19352.00,224.00,252.00,4724.00
1979:Q1,33608.00,-4872.00,472.00,0.00,22976.00,2600.00,2140.00,2312.00,-1248.00,17172.00,12716.00,4076.00,8640.00,-488.00,88.00,152.00,2564.00,35108.00,0.00,0.00,0.00,10604.00,19124.00,132.00,248.00,5000.00
1979:Q2,38160.00,1468.00,568.00,0.00,19128.00,4052.00,-612.00,3468.00,-4.00,12224.00,14468.00,3896.00,10572.00,-664.00,176.00,160.00,2856.00,35060.00,0.00,0.00,0.00,10528.00,18848.00,60.00,648.00,4976.00
1979:Q3,35400.00,-1132.00,644.00,0.00,14452.00,-40.00,-216.00,4140.00,604.00,9964.00,16244.00,3688.00,12556.00,1996.00,116.00,164.00,2916.00,35100.00,0.00,0.00,0.00,10380.00,19248.00,-28.00,648.00,4852.00
1979:Q4,42652.00,5748.00,704.00,0.00,7896.00,-180.00,-1048.00,1432.00,752.00,6940.00,24308.00,7056.00,17252.00,884.00,204.00,172.00,2736.00,34888.00,0.00,0.00,0.00,10160.00,20324.00,-152.00,648.00,3908.00
1980:Q1,39312.00,-4980.00,600.00,0.00,14100.00,-6944.00,116.00,1956.00,136.00,18836.00,24172.00,8280.00,15892.00,2148.00,524.00,176.00,2572.00,34780.00,0.00,0.00,0.00,9964.00,20980.00,304.00,648.00,2884.00
1980:Q2,32908.00,2788.00,340.00,0.00,7836.00,3568.00,872.00,-524.00,-496.00,4416.00,22604.00,9928.00,12676.00,-3152.00,-84.00,184.00,2392.00,33744.00,0.00,0.00,0.00,9784.00,21196.00,516.00,1016.00,1232.00
1980:Q3,35880.00,-108.00,728.00,0.00,17624.00,6768.00,812.00,2256.00,512.00,7276.00,13308.00,3316.00,9992.00,1796.00,-124.00,188.00,2468.00,34944.00,0.00,0.00,0.00,9600.00,22460.00,500.00,536.00,1848.00
1980:Q4,43052.00,4460.00,1764.00,0.00,16076.00,5348.00,2000.00,3364.00,940.00,4424.00,16896.00,4820.00,12076.00,760.00,112.00,196.00,2788.00,37288.00,0.00,0.00,0.00,9408.00,24760.00,264.00,264.00,2592.00
1981:Q1,43644.00,-4100.00,2976.00,0.00,24808.00,6056.00,5472.00,4448.00,524.00,8308.00,14544.00,7200.00,7344.00,1892.00,392.00,204.00,2928.00,46416.00,0.00,0.00,0.00,9300.00,30740.00,24.00,152.00,6200.00
1981:Q2,44328.00,1444.00,4368.00,0.00,21608.00,5380.00,-1016.00,5644.00,496.00,11104.00,13880.00,6912.00,6968.00,-284.00,276.00,208.00,2828.00,41340.00,0.00,0.00,0.00,9268.00,24020.00,-204.00,532.00,7724.00
1981:Q3,47244.00,2288.00,4396.00,0.00,18152.00,8296.00,960.00,2620.00,352.00,5924.00,13920.00,8412.00,5508.00,4028.00,888.00,216.00,3356.00,52280.00,0.00,0.00,0.00,8928.00,34848.00,-228.00,444.00,8288.00
1981:Q4,48552.00,4644.00,3060.00,0.00,18192.00,9956.00,3900.00,-116.00,428.00,4024.00,13500.00,6656.00,6844.00,3836.00,568.00,224.00,4528.00,44276.00,0.00,0.00,0.00,8280.00,28440.00,-48.00,1832.00,5772.00
1982:Q1,42244.00,-9508.00,2092.00,0.00,30892.00,-872.00,11616.00,3456.00,1400.00,15292.00,9560.00,5228.00,4332.00,1776.00,1508.00,204.00,5720.00,45904.00,0.00,0.00,0.00,7536.00,31520.00,132.00,448.00,6268.00
1982:Q2,53656.00,5452.00,1488.00,0.00,28016.00,6192.00,-476.00,4468.00,1500.00,16332.00,8796.00,5428.00,3368.00,1212.00,1604.00,32.00,7056.00,51740.00,0.00,0.00,0.00,6688.00,38372.00,292.00,1028.00,5360.00
1982:Q3,52044.00,1400.00,788.00,0.00,28036.00,3600.00,7012.00,4132.00,1460.00,11832.00,7432.00,4212.00,3220.00,5860.00,892.00,-44.00,7680.00,61028.00,0.00,0.00,0.00,6548.00,47604.00,296.00,-148.00,6728.00
1982:Q4,73796.00,3988.00,0.00,0.00,52976.00,7764.00,15296.00,5308.00,3224.00,21384.00,8200.00,2152.00,6048.00,744.00,56.00,68.00,7764.00,56208.00,0.00,0.00,0.00,7112.00,41228.00,148.00,292.00,7428.00
1983:Q1,51572.00,-6252.00,-1212.00,0.00,41164.00,5292.00,12744.00,2740.00,688.00,19700.00,7224.00,1864.00,5360.00,5824.00,-260.00,-60.00,5144.00,41160.00,0.00,0.00,0.00,7552.00,25084.00,4.00,84.00,8436.00
1983:Q2,58468.00,256.00,-2844.00,0.00,40212.00,2576.00,9492.00,3784.00,2532.00,21828.00,6720.00,1136.00,5584.00,6392.00,-1152.00,204.00,8680.00,48544.00,0.00,0.00,0.00,7860.00,31400.00,-124.00,72.00,9336.00
1983:Q3,54700.00,-1760.00,-2700.00,0.00,35592.00,1372.00,9700.00,7544.00,680.00,16296.00,11120.00,596.00,10524.00,1108.00,-284.00,156.00,11468.00,47152.00,0.00,0.00,0.00,7976.00,29608.00,-144.00,80.00,9632.00
1983:Q4,71932.00,5164.00,-796.00,0.00,44832.00,4468.00,16492.00,14848.00,-144.00,9168.00,15384.00,812.00,14572.00,412.00,160.00,180.00,6596.00,62052.00,0.00,0.00,0.00,7896.00,44556.00,-64.00,212.00,9452.00
1984:Q1,48828.00,-4688.00,1060.00,0.00,48860.00,10124.00,9000.00,8924.00,-3888.00,24700.00,1692.00,484.00,1208.00,916.00,660.00,-108.00,436.00,56156.00,0.00,0.00,0.00,4700.00,38112.00,0.00,-664.00,14008.00
1984:Q2,64892.00,24.00,2832.00,0.00,46848.00,8144.00,3464.00,9776.00,-1208.00,26672.00,9484.00,564.00,8920.00,-896.00,228.00,24.00,6348.00,60544.00,0.00,0.00,0.00,4276.00,40192.00,8.00,-80.00,16148.00
1984:Q3,59148.00,-464.00,3120.00,0.00,42452.00,-2076.00,13132.00,10740.00,-1072.00,21728.00,7820.00,456.00,7364.00,1988.00,-44.00,132.00,4144.00,63452.00,0.00,0.00,0.00,5224.00,42284.00,68.00,-404.00,16280.00
1984:Q4,94144.00,7796.00,1916.00,0.00,62476.00,384.00,24676.00,14588.00,1076.00,21752.00,5572.00,264.00,5308.00,-968.00,956.00,812.00,15584.00,94288.00,0.00,0.00,0.00,5664.00,75156.00,168.00,4844.00,8456.00
1985:Q1,77868.00,-7552.00,932.00,0.00,59928.00,8432.00,5844.00,12112.00,712.00,32828.00,14803.00,-100.00,14903.00,6352.00,1736.00,-220.00,1889.00,59032.00,0.00,404.00,0.00,8308.00,35248.00,272.00,-568.00,15368.00
1985:Q2,93672.00,1980.00,156.00,0.00,61044.00,1740.00,9416.00,11852.00,92.00,37944.00,14482.00,-208.00,14690.00,5132.00,2236.00,364.00,8278.00,82508.00,0.00,460.00,0.00,9512.00,56408.00,360.00,396.00,15372.00
1985:Q3,79952.00,1896.00,16.00,0.00,56496.00,-4916.00,6384.00,18828.00,520.00,35680.00,13079.00,-308.00,13387.00,1196.00,3060.00,60.00,4149.00,69432.00,0.00,-600.00,0.00,11044.00,49024.00,436.00,1764.00,7764.00
1985:Q4,112736.00,5672.00,7216.00,0.00,68728.00,-6228.00,20340.00,7200.00,2656.00,44760.00,17484.00,72.00,17412.00,6608.00,-2628.00,96.00,9560.00,103924.00,0.00,-584.00,0.00,12900.00,81828.00,500.00,1128.00,8152.00
1986:Q1,74984.00,-6516.00,1976.00,0.00,67464.00,-5756.00,7708.00,16528.00,1260.00,47724.00,20329.00,-4.00,20333.00,-17264.00,11588.00,-220.00,-2373.00,74780.00,0.00,-308.00,0.00,15600.00,23028.00,616.00,-1592.00,37436.00
1986:Q2,94076.00,2680.00,660.00,0.00,58500.00,6080.00,-3316.00,9540.00,3072.00,43124.00,22249.00,4.00,22245.00,-9928.00,10012.00,-1380.00,11283.00,88728.00,0.00,2056.00,0.00,16400.00,58368.00,776.00,648.00,10480.00
1986:Q3,122668.00,-48.00,1200.00,0.00,61984.00,8148.00,8936.00,3340.00,3428.00,38132.00,24452.00,-96.00,24548.00,17184.00,6920.00,304.00,10672.00,107440.00,0.00,-1192.00,0.00,18000.00,81888.00,756.00,5988.00,2000.00
1986:Q4,126312.00,6488.00,-72.00,0.00,76600.00,13212.00,16004.00,13024.00,44.00,34316.00,19894.00,-1160.00,21054.00,1748.00,12432.00,232.00,8990.00,135936.00,0.00,1724.00,0.00,18884.00,90344.00,552.00,3680.00,20752.00
1987:Q1,102244.00,-3784.00,-5960.00,0.00,67104.00,-7796.00,8880.00,11120.00,-4004.00,58904.00,13055.00,-1376.00,14431.00,25788.00,-6100.00,44.00,12097.00,117456.00,0.00,-984.00,0.00,27512.00,24220.00,352.00,2096.00,64260.00
1987:Q2,90640.00,-3184.00,-1540.00,0.00,62996.00,-6016.00,-14448.00,7952.00,1144.00,74364.00,17974.00,-704.00,18678.00,3668.00,-3696.00,48.00,14374.00,90912.00,0.00,-632.00,0.00,23588.00,27696.00,152.00,1576.00,38532.00
1987:Q3,116964.00,308.00,-704.00,0.00,85400.00,7820.00,-1580.00,11640.00,-2944.00,70464.00,18359.00,568.00,17791.00,148.00,-4224.00,136.00,17541.00,125852.00,0.00,-892.00,0.00,25132.00,37476.00,128.00,532.00,63476.00
1987:Q4,93284.00,3100.00,-4208.00,0.00,66608.00,4212.00,-672.00,-2576.00,1892.00,63752.00,23028.00,-204.00,23232.00,-6644.00,5184.00,-8.00,6224.00,80700.00,0.00,-908.00,0.00,18712.00,42368.00,268.00,-800.00,21060.00
1988:Q1,115412.00,-3332.00,-880.00,0.00,76876.00,-5892.00,-448.00,6220.00,-480.00,77476.00,17775.00,-1936.00,19711.00,1304.00,712.00,340.00,22617.00,126248.00,0.00,-472.00,0.00,22900.00,86356.00,356.00,1000.00,16108.00
1988:Q2,101764.00,728.00,400.00,0.00,74708.00,1816.00,4588.00,9736.00,-2132.00,60700.00,18851.00,2040.00,16811.00,-1524.00,3064.00,-156.00,5693.00,102172.00,0.00,444.00,0.00,22304.00,60632.00,388.00,-1232.00,19636.00
1988:Q3,95960.00,-1184.00,692.00,0.00,72684.00,6176.00,680.00,6076.00,-2104.00,61856.00,21336.00,1252.00,20084.00,-4416.00,3960.00,372.00,2516.00,81892.00,0.00,-232.00,0.00,20728.00,56044.00,472.00,1848.00,3032.00
1988:Q4,109908.00,3052.00,-8.00,0.00,94572.00,11140.00,-144.00,11804.00,-1516.00,73288.00,24598.00,1084.00,23514.00,-3532.00,1880.00,-504.00,-10150.00,124600.00,0.00,-272.00,0.00,28288.00,76556.00,620.00,3424.00,15984.00
1989:Q1,66244.00,-2496.00,-1284.00,0.00,57093.00,-3343.00,-6988.00,22528.00,-1208.00,46104.00,22805.00,2944.00,19861.00,-2764.00,-2292.00,-396.00,-4422.00,66684.00,0.00,-792.00,0.00,12584.00,26920.00,808.00,3624.00,23540.00
1989:Q2,100636.00,1620.00,-3160.00,0.00,85505.00,-8687.00,-9160.00,30796.00,-96.00,72652.00,22498.00,3608.00,18890.00,-1004.00,-5584.00,-392.00,1152.00,105660.00,0.00,-364.00,0.00,29432.00,55556.00,1036.00,-184.00,20184.00
1989:Q3,77760.00,1008.00,-1684.00,0.00,54999.00,191.00,-9924.00,24884.00,576.00,39272.00,25733.00,2428.00,23305.00,228.00,-5120.00,-708.00,3304.00,73116.00,0.00,-680.00,0.00,20504.00,30184.00,1040.00,1656.00,20412.00
1989:Q4,111376.00,2440.00,3124.00,0.00,95187.00,29863.00,-196.00,19216.00,148.00,46156.00,28772.00,3136.00,25636.00,-5848.00,-76.00,1052.00,-13275.00,109876.00,0.00,-700.00,0.00,39624.00,42256.00,820.00,700.00,27176.00
1990:Q1,94240.00,-448.00,8220.00,0.00,72547.00,-15197.00,23436.00,14780.00,1112.00,48416.00,40530.00,14600.00,25930.00,-2136.00,3148.00,320.00,-27941.00,86464.00,0.00,-1428.00,0.00,22972.00,58564.00,596.00,1616.00,4144.00
1990:Q2,130696.00,-24.00,140.00,0.00,85688.00,6136.00,-2384.00,14224.00,6500.00,61212.00,22940.00,8088.00,14852.00,-2092.00,2272.00,-56.00,21828.00,153124.00,0.00,-936.00,0.00,27164.00,121060.00,360.00,-784.00,6260.00
1990:Q3,64024.00,-100.00,140.00,0.00,95440.00,10516.00,2132.00,24488.00,3352.00,54952.00,-3573.00,-10012.00,6439.00,-7840.00,8352.00,1580.00,-29975.00,31592.00,0.00,-1780.00,0.00,23456.00,9412.00,384.00,60.00,60.00
1990:Q4,91380.00,40.00,140.00,0.00,66797.00,5837.00,-4572.00,22112.00,1904.00,41516.00,11611.00,3640.00,7971.00,12356.00,-13540.00,504.00,13471.00,93312.00,0.00,-1276.00,0.00,21924.00,62656.00,660.00,6720.00,2628.00
1991:Q1,123736.00,652.00,136.00,0.00,87446.00,6174.00,12088.00,29076.00,6636.00,33472.00,16698.00,12904.00,3794.00,1840.00,-5256.00,604.00,21615.00,124856.00,0.00,-444.00,0.00,27516.00,53900.00,896.00,1108.00,41880.00
1991:Q2,96796.00,484.00,140.00,0.00,111411.00,2255.00,4588.00,63168.00,-10840.00,52240.00,6411.00,2256.00,4155.00,-2024.00,-828.00,-44.00,-18754.00,83552.00,0.00,-248.00,0.00,26788.00,13560.00,1084.00,428.00,41940.00
1991:Q3,72528.00,1148.00,140.00,0.00,63645.00,11525.00,25476.00,10488.00,2192.00,13964.00,-1318.00,5044.00,-6362.00,-3076.00,-2788.00,-652.00,15428.00,58508.00,0.00,-316.00,0.00,14688.00,21404.00,1196.00,5180.00,16356.00
1991:Q4,5736.00,184.00,140.00,0.00,25973.00,-20671.00,18684.00,58624.00,-6852.00,-23812.00,-38411.00,-1276.00,-37135.00,10572.00,-1980.00,2300.00,6958.00,24512.00,0.00,644.00,0.00,15160.00,-14676.00,1236.00,-2788.00,24936.00
1992:Q1,66460.00,-148.00,140.00,0.00,77761.00,-3191.00,8148.00,28172.00,-444.00,45076.00,-4258.00,2140.00,-6398.00,6616.00,-528.00,696.00,-13820.00,69452.00,0.00,-28.00,4.00,27044.00,17764.00,1288.00,1272.00,22108.00
1992:Q2,64736.00,-472.00,136.00,0.00,85438.00,-1786.00,5924.00,18960.00,480.00,61860.00,-17569.00,4276.00,-21845.00,-324.00,-352.00,744.00,-2864.00,73628.00,0.00,-236.00,12.00,12852.00,47192.00,1368.00,1908.00,10532.00
1992:Q3,78656.00,-864.00,140.00,0.00,92920.00,-4616.00,13092.00,33552.00,1748.00,49144.00,-14718.00,5764.00,-20482.00,1336.00,-1740.00,-148.00,1730.00,88256.00,0.00,2224.00,180.00,34520.00,34824.00,1436.00,-700.00,15772.00
1992:Q4,75984.00,-1020.00,140.00,0.00,88221.00,-2947.00,7672.00,26960.00,2432.00,54104.00,-9507.00,10392.00,-19899.00,-1112.00,-1872.00,4.00,1130.00,90024.00,0.00,480.00,-168.00,23356.00,53196.00,1492.00,2388.00,9280.00
1993:Q1,101380.00,108.00,140.00,0.00,126568.00,1112.00,26596.00,23160.00,400.00,75300.00,-10158.00,3248.00,-13406.00,-9268.00,-828.00,344.00,-5526.00,98300.00,0.00,1612.00,128.00,27376.00,35612.00,1600.00,-4280.00,36252.00
1993:Q2,99088.00,100.00,136.00,0.00,116415.00,6847.00,19828.00,37572.00,4080.00,48088.00,-10371.00,3908.00,-14279.00,-5024.00,-876.00,-972.00,-320.00,87844.00,0.00,252.00,580.00,29068.00,31272.00,1772.00,2632.00,22268.00
1993:Q3,93280.00,84.00,140.00,0.00,117873.00,-7755.00,25648.00,28420.00,5304.00,66256.00,-10158.00,7360.00,-17518.00,904.00,-968.00,-180.00,-14414.00,81240.00,0.00,-4140.00,-140.00,30036.00,26868.00,1720.00,1336.00,25560.00
1993:Q4,70912.00,76.00,140.00,0.00,81656.00,6300.00,3244.00,22244.00,3240.00,46628.00,-19345.00,8032.00,-27377.00,14044.00,-1084.00,228.00,-4804.00,39252.00,0.00,-1072.00,388.00,29544.00,-7252.00,1448.00,1232.00,14964.00
1994:Q1,105580.00,372.00,140.00,0.00,79826.00,-4306.00,-13332.00,23644.00,-508.00,74328.00,-7432.00,5748.00,-13180.00,4208.00,92.00,396.00,27978.00,70108.00,0.00,-836.00,36.00,22276.00,25728.00,1152.00,2004.00,19748.00
1994:Q2,14836.00,364.00,136.00,0.00,34900.00,-1032.00,10696.00,-6484.00,-6300.00,38020.00,-2580.00,9440.00,-12020.00,5132.00,44.00,1040.00,-24200.00,20172.00,0.00,-952.00,24.00,20184.00,-15824.00,836.00,112.00,15792.00
1994:Q3,131440.00,364.00,140.00,0.00,84632.00,5368.00,13740.00,3080.00,-1720.00,64164.00,4529.00,7136.00,-2607.00,2984.00,-40.00,-468.00,39299.00,96084.00,0.00,-2128.00,32.00,64192.00,10840.00,828.00,1156.00,21164.00
1994:Q4,59344.00,364.00,140.00,0.00,78730.00,14354.00,-23120.00,24672.00,952.00,61872.00,-321.00,6912.00,-7233.00,2352.00,-124.00,1380.00,-23178.00,69360.00,0.00,-3068.00,1292.00,18976.00,10600.00,1140.00,532.00,39888.00
1995:Q1,94528.00,-408.00,140.00,0.00,95218.00,-10090.00,11428.00,28036.00,-4600.00,70444.00,5885.00,5120.00,765.00,-6312.00,-448.00,100.00,353.00,95796.00,0.00,-2668.00,-28.00,41888.00,8268.00,1452.00,900.00,45984.00
1995:Q2,104284.00,-416.00,136.00,0.00,108480.00,300.00,-2668.00,3092.00,5488.00,102268.00,2025.00,5640.00,-3615.00,-6412.00,-580.00,1044.00,6.00,98888.00,0.00,-6216.00,148.00,45676.00,17900.00,1652.00,704.00,39024.00
1995:Q3,68088.00,-412.00,140.00,0.00,34850.00,4322.00,-3640.00,10684.00,-1968.00,25452.00,23556.00,8112.00,15444.00,-1744.00,-716.00,-468.00,12882.00,50996.00,0.00,-540.00,-52.00,24120.00,2848.00,1744.00,1476.00,21400.00
1995:Q4,51148.00,-412.00,144.00,0.00,58815.00,-9953.00,-19624.00,-22188.00,-3436.00,114016.00,-5586.00,18196.00,-23782.00,-1672.00,-844.00,960.00,-257.00,21740.00,0.00,-4800.00,-388.00,27336.00,-23064.00,1540.00,4300.00,16816.00
1996:Q1,25212.00,-1132.00,136.00,0.00,35729.00,17773.00,-8596.00,-14604.00,1776.00,39380.00,7751.00,7076.00,675.00,-8460.00,-452.00,872.00,-9232.00,-7484.00,0.00,-8860.00,2524.00,10888.00,-21680.00,460.00,776.00,8408.00
1996:Q2,12588.00,-752.00,140.00,0.00,-2231.00,8481.00,-19512.00,-17092.00,-844.00,26736.00,721.00,4520.00,-3799.00,1380.00,-528.00,732.00,13126.00,4356.00,0.00,-1124.00,280.00,22452.00,-29412.00,440.00,424.00,11296.00
1996:Q3,88488.00,-736.00,140.00,0.00,109756.00,-17052.00,3072.00,29952.00,1024.00,92760.00,3336.00,11364.00,-8028.00,-176.00,-580.00,1012.00,-24263.00,51396.00,0.00,-3072.00,-404.00,51116.00,-23104.00,600.00,1740.00,24520.00
1996:Q4,111916.00,-1724.00,140.00,0.00,111602.00,-10890.00,-34128.00,5524.00,3724.00,147372.00,-12840.00,-5948.00,-6892.00,-16744.00,-688.00,740.00,31430.00,118088.00,0.00,-22180.00,1952.00,53844.00,62588.00,484.00,1112.00,20288.00
1997:Q1,39772.00,-2700.00,-604.00,0.00,79960.00,28864.00,-1888.00,-5548.00,468.00,58064.00,4958.00,6800.00,-1842.00,-3108.00,-424.00,2956.00,-41266.00,17040.00,0.00,-2332.00,752.00,42456.00,20184.00,1100.00,3380.00,-48500.00
1997:Q2,197744.00,1896.00,-276.00,0.00,140227.00,15671.00,-928.00,7384.00,680.00,117420.00,6645.00,7764.00,-1119.00,-1312.00,-580.00,492.00,50652.00,168952.00,0.00,2144.00,136.00,47472.00,58132.00,1220.00,14768.00,45080.00
1997:Q3,124140.00,-1140.00,-348.00,0.00,62233.00,7085.00,8748.00,11508.00,1328.00,33564.00,2379.00,3940.00,-1561.00,1972.00,-736.00,-600.00,60380.00,98096.00,0.00,-2316.00,180.00,52384.00,28784.00,1312.00,4008.00,13744.00
1997:Q4,-26904.00,14632.00,-112.00,0.00,15104.00,10672.00,-42888.00,-84840.00,9360.00,122800.00,-5790.00,-1848.00,-3942.00,5412.00,-808.00,4468.00,-59811.00,-22176.00,0.00,-13372.00,-336.00,27932.00,-24336.00,2020.00,5772.00,-19856.00
1998:Q1,103732.00,-18980.00,204.00,0.00,74106.00,15426.00,-7324.00,-6888.00,1408.00,71484.00,4252.00,1240.00,3012.00,-104.00,104.00,2568.00,41583.00,89816.00,0.00,-3612.00,8.00,12188.00,-40860.00,-2372.00,1024.00,123440.00
1998:Q2,46156.00,4832.00,252.00,0.00,24762.00,-1482.00,-8992.00,-12228.00,1028.00,46436.00,6440.00,5888.00,552.00,5948.00,52.00,3576.00,293.00,47840.00,0.00,2336.00,-612.00,19280.00,2104.00,444.00,2992.00,21296.00
1998:Q3,92620.00,-1180.00,-40.00,0.00,32227.00,9751.00,-9336.00,-13188.00,980.00,44020.00,7935.00,4404.00,3531.00,7968.00,32.00,-2812.00,48490.00,73972.00,0.00,-4396.00,1620.00,21696.00,51884.00,440.00,1112.00,1616.00
1998:Q4,-34692.00,6164.00,408.00,0.00,14069.00,-13911.00,-9248.00,-12576.00,1060.00,48744.00,16229.00,-2288.00,18517.00,564.00,48.00,-380.00,-71794.00,-10588.00,0.00,-13152.00,1752.00,66872.00,-87608.00,452.00,5700.00,15396.00
1999:Q1,174868.00,-10952.00,604.00,0.00,103726.00,2418.00,-2556.00,12408.00,2424.00,89032.00,4862.00,-16788.00,21650.00,2188.00,-244.00,1472.00,73212.00,136008.00,0.00,-4504.00,3252.00,29976.00,10104.00,-764.00,2892.00,95052.00
1999:Q2,85720.00,4948.00,772.00,0.00,44540.00,-12636.00,-4372.00,5948.00,1872.00,53728.00,17505.00,-2944.00,20449.00,1844.00,-268.00,1960.00,14419.00,67352.00,0.00,-3160.00,2980.00,40856.00,-24052.00,-756.00,39216.00,12268.00
1999:Q3,62508.00,-244.00,356.00,0.00,24759.00,-2613.00,-5552.00,1568.00,1484.00,29872.00,12270.00,1856.00,10414.00,11932.00,-316.00,2624.00,11126.00,54456.00,0.00,-6828.00,1096.00,17240.00,-3316.00,-748.00,1284.00,45728.00
1999:Q4,28888.00,5860.00,344.00,0.00,2543.00,27487.00,-7712.00,-7424.00,636.00,-10444.00,14483.00,3440.00,11043.00,432.00,-288.00,-236.00,5750.00,20164.00,0.00,-9488.00,-4428.00,45136.00,-45584.00,-748.00,3516.00,31760.00
2000:Q1,109760.00,-5616.00,1088.00,0.00,80250.00,-4230.00,-5428.00,11232.00,-76.00,78752.00,946.00,-16.00,962.00,2204.00,196.00,3272.00,27420.00,39700.00,0.00,-6180.00,-736.00,30112.00,-94460.00,-1568.00,7860.00,104672.00
2000:Q2,80876.00,6348.00,520.00,0.00,23879.00,7403.00,-6560.00,2740.00,-1100.00,21396.00,14511.00,4864.00,9647.00,3276.00,204.00,1720.00,30418.00,71120.00,0.00,12864.00,-1080.00,15556.00,44384.00,-1568.00,12816.00,-11852.00
2000:Q3,112936.00,-7944.00,548.00,0.00,67867.00,4799.00,-5224.00,9360.00,-504.00,59436.00,16207.00,7972.00,8235.00,3624.00,204.00,1744.00,30685.00,89748.00,0.00,-4936.00,-348.00,35532.00,47028.00,-1572.00,45380.00,-31336.00
2000:Q4,22476.00,5508.00,1376.00,0.00,26600.00,-11676.00,-7064.00,4740.00,-792.00,41392.00,1876.00,3412.00,-1536.00,-17684.00,192.00,-2348.00,6956.00,113508.00,0.00,-4756.00,-712.00,34920.00,73920.00,-1568.00,54436.00,-42732.00
2001:Q1,368364.00,54840.00,-1804.00,5384.00,113852.00,-44576.00,-200.00,16328.00,-160.00,142460.00,6230.00,4804.00,1426.00,7540.00,44.00,2464.00,179814.00,209416.00,10600.00,-6780.00,-2388.00,91140.00,188860.00,49904.00,9968.00,-131888.00
2001:Q2,180464.00,22764.00,768.00,6660.00,119585.00,-3191.00,-544.00,12148.00,-320.00,111492.00,8742.00,1540.00,7202.00,5956.00,36.00,-44.00,15997.00,173136.00,-1016.00,-5040.00,96.00,34640.00,3780.00,2924.00,10180.00,127572.00
2001:Q3,180732.00,6452.00,-480.00,-5604.00,138820.00,13912.00,-112.00,12916.00,-120.00,112224.00,13998.00,5928.00,8070.00,12956.00,28.00,824.00,13737.00,202880.00,1724.00,-10908.00,3460.00,26720.00,244824.00,1720.00,5188.00,-69848.00
2001:Q4,20784.00,4924.00,-3520.00,-1700.00,64591.00,-62453.00,19512.00,7088.00,-1372.00,101816.00,7898.00,-240.00,8138.00,-42332.00,-4628.00,2048.00,-6497.00,77096.00,-6192.00,19240.00,1384.00,23144.00,-90656.00,15964.00,-11904.00,126116.00
2002:Q1,294792.00,-7096.00,5948.00,22288.00,220170.00,-1014.00,26392.00,66556.00,1788.00,126448.00,8596.00,1528.00,7068.00,6184.00,660.00,564.00,37478.00,280400.00,58380.00,-7420.00,2388.00,57224.00,-84932.00,2164.00,6120.00,246476.00
2002:Q2,195672.00,-1844.00,3992.00,8004.00,149648.00,12740.00,22140.00,48708.00,920.00,65140.00,6329.00,916.00,5413.00,2912.00,660.00,7832.00,18139.00,228728.00,5724.00,-9152.00,1236.00,64072.00,184136.00,3740.00,1872.00,-22900.00
2002:Q3,302368.00,36236.00,5400.00,8944.00,205744.00,-22972.00,30316.00,71576.00,1764.00,125060.00,6392.00,2656.00,3736.00,12776.00,660.00,1588.00,24628.00,270988.00,-9652.00,-9200.00,1972.00,94192.00,210908.00,9164.00,3024.00,-29420.00
2002:Q4,201436.00,-33364.00,-6136.00,-25528.00,229922.00,20538.00,28968.00,87064.00,1292.00,92060.00,14218.00,4296.00,9922.00,-216.00,660.00,1548.00,20332.00,47572.00,-4020.00,-180.00,2496.00,-50164.00,162100.00,25948.00,3816.00,-92424.00
2003:Q1,354292.00,33856.00,10596.00,29920.00,216547.00,-21169.00,3508.00,30156.00,5820.00,198232.00,9749.00,-1200.00,10949.00,7056.00,1132.00,-96.00,45532.00,339860.00,23236.00,-6480.00,4432.00,67748.00,136596.00,-117708.00,28.00,232008.00
2003:Q2,234816.00,-1580.00,1392.00,-9704.00,217371.00,-8657.00,-5644.00,28452.00,6204.00,197016.00,11909.00,1764.00,10145.00,6640.00,1132.00,1464.00,6192.00,194064.00,312.00,-3724.00,1476.00,40164.00,-23948.00,132.00,-6940.00,186592.00
2003:Q3,153812.00,5424.00,10204.00,-4980.00,118783.00,-2697.00,-2948.00,10160.00,5016.00,109252.00,9758.00,-1392.00,11150.00,1316.00,1132.00,788.00,11387.00,135272.00,12260.00,-6160.00,3144.00,44628.00,88.00,1120.00,-1952.00,82144.00
2003:Q4,17652.00,-5712.00,-20248.00,-25380.00,89731.00,-21861.00,-23656.00,11284.00,5388.00,118576.00,12348.00,1320.00,11028.00,-26760.00,1132.00,1364.00,-8823.00,18176.00,-32636.00,576.00,2500.00,-5608.00,16380.00,2172.00,-11792.00,46584.00
2004:Q1,260144.00,-5212.00,13536.00,6472.00,168212.00,392.00,1572.00,18840.00,3760.00,143648.00,10832.00,964.00,9868.00,11120.00,56.00,-728.00,55856.00,253500.00,2588.00,-4260.00,-364.00,-8812.00,106316.00,11916.00,272.00,145844.00
2004:Q2,178784.00,16572.00,2328.00,-752.00,133108.00,-8804.00,-5476.00,14436.00,3784.00,129168.00,7884.00,4080.00,3804.00,10888.00,56.00,3792.00,4909.00,123968.00,8728.00,-32716.00,2704.00,36000.00,64128.00,-6044.00,55456.00,-4288.00
2004:Q3,166948.00,-1200.00,10660.00,-1736.00,143533.00,4409.00,-2284.00,13096.00,3752.00,124560.00,18546.00,5200.00,13346.00,5544.00,56.00,3548.00,-12003.00,144112.00,-2732.00,-18268.00,96.00,32800.00,108192.00,-408.00,15732.00,8700.00
2004:Q4,122400.00,-852.00,-6048.00,2308.00,99639.00,-20241.00,-7096.00,8408.00,3980.00,114588.00,21999.00,3772.00,18227.00,-20104.00,56.00,604.00,24798.00,85588.00,-13380.00,-13920.00,9696.00,30480.00,14684.00,5320.00,11776.00,40932.00
2005:Q1,224364.00,-27112.00,6580.00,28032.00,174050.00,-30478.00,18328.00,36088.00,4348.00,145764.00,13273.00,2080.00,11193.00,3108.00,672.00,1456.00,24305.00,182120.00,25816.00,-13792.00,-1608.00,36112.00,83292.00,-1976.00,2128.00,52148.00
2005:Q2,98200.00,28948.00,-11456.00,-8544.00,74097.00,-3675.00,16052.00,2252.00,2184.00,57284.00,14430.00,7208.00,7222.00,-27812.00,672.00,2372.00,25493.00,104244.00,-128.00,-5032.00,2260.00,41448.00,-12900.00,-3136.00,4400.00,77332.00
2005:Q3,134556.00,4744.00,-1356.00,-10636.00,111522.00,12022.00,18380.00,5208.00,2440.00,73472.00,8746.00,2348.00,6398.00,11728.00,672.00,6156.00,2980.00,93832.00,3256.00,-5604.00,380.00,41676.00,-20884.00,-3392.00,4984.00,73416.00
2005:Q4,-22352.00,-22988.00,-8112.00,-12792.00,41527.00,5191.00,9908.00,-6548.00,1280.00,31696.00,27380.00,8676.00,18704.00,-6044.00,672.00,-4416.00,-37578.00,-31512.00,832.00,-7440.00,492.00,19036.00,56276.00,-1460.00,-10104.00,-89144.00
2006:Q1,122864.00,5676.00,8256.00,-2940.00,101207.00,-2581.00,-2996.00,24828.00,4820.00,77136.00,25879.00,7624.00,18255.00,17492.00,-2576.00,-2348.00,-27782.00,121016.00,12544.00,-23120.00,2816.00,53984.00,-75888.00,5992.00,6560.00,138128.00
2006:Q2,102116.00,-416.00,5916.00,-548.00,17420.00,-920.00,-8364.00,-30512.00,5680.00,51536.00,35408.00,12684.00,22724.00,1484.00,-2576.00,-348.00,45776.00,66016.00,-2416.00,-29248.00,1320.00,-17044.00,25124.00,-6960.00,39968.00,55272.00
2006:Q3,118032.00,-552.00,14936.00,872.00,14925.00,12797.00,-5264.00,-27384.00,-2332.00,37108.00,22242.00,10332.00,11910.00,12788.00,-2576.00,3264.00,52132.00,77180.00,-12396.00,-13008.00,2468.00,37184.00,-53284.00,2476.00,12612.00,101128.00
2006:Q4,-24968.00,17808.00,13120.00,2308.00,-78093.00,-13.00,-19044.00,-37248.00,1576.00,-23364.00,25775.00,8612.00,17163.00,-9824.00,-2576.00,2644.00,3870.00,-7424.00,3536.00,-14712.00,4428.00,28524.00,-122848.00,15812.00,-1700.00,79536.00
2007:Q1,63580.00,10576.00,-5292.00,-2432.00,49650.00,-678.00,-12332.00,5124.00,4632.00,52904.00,30307.00,14084.00,16223.00,7856.00,1224.00,6268.00,-34576.00,34880.00,-13512.00,-20820.00,4964.00,9768.00,-31748.00,-2752.00,-1636.00,90616.00
2007:Q2,83676.00,-10208.00,-508.00,3440.00,36068.00,1940.00,-12844.00,3504.00,4684.00,38784.00,36957.00,17072.00,19885.00,10680.00,1224.00,4416.00,1606.00,65164.00,2156.00,-21564.00,12608.00,17996.00,-33644.00,-5760.00,9888.00,83484.00
2007:Q3,117160.00,17376.00,-7764.00,396.00,47334.00,6226.00,-10636.00,4956.00,3764.00,43024.00,27395.00,13816.00,13579.00,5104.00,1224.00,6440.00,19655.00,98268.00,3036.00,-29676.00,24116.00,3504.00,-42432.00,-1160.00,-2212.00,143092.00
2007:Q4,21480.00,-3548.00,7380.00,-540.00,-36967.00,15021.00,-17192.00,-8264.00,3712.00,-30244.00,47480.00,8072.00,39408.00,1808.00,1224.00,6060.00,-1417.00,-54252.00,4064.00,-50476.00,13208.00,19248.00,-3904.00,916.00,-10012.00,-27296.00
2008:Q1,269508.00,19444.00,25012.00,1228.00,43709.00,10037.00,26528.00,-17316.00,3004.00,21456.00,43511.00,19440.00,24071.00,3416.00,420.00,7340.00,125428.00,209464.00,4660.00,-31992.00,11620.00,19796.00,85756.00,-7556.00,15640.00,111540.00
2008:Q2,95640.00,29836.00,13404.00,504.00,57210.00,550.00,48000.00,-50112.00,7084.00,51688.00,35165.00,16392.00,18773.00,3548.00,420.00,3012.00,-47460.00,90772.00,8648.00,-10068.00,5188.00,43136.00,50124.00,-13516.00,-7892.00,15152.00
2008:Q3,115224.00,6216.00,-12528.00,1964.00,-26594.00,-17994.00,4360.00,8632.00,-492.00,-21100.00,44355.00,33012.00,11343.00,3544.00,420.00,6424.00,91423.00,33644.00,-8140.00,-8236.00,34488.00,83096.00,224916.00,-18868.00,5924.00,-279536.00
2008:Q4,379264.00,31888.00,43412.00,17648.00,8783.00,4619.00,38404.00,-11856.00,272.00,-22656.00,5845.00,12080.00,-6235.00,928.00,420.00,1704.00,268636.00,238988.00,-34260.00,7568.00,43204.00,66132.00,98824.00,-8620.00,36380.00,29760.00
2009:Q1,87220.00,-47448.00,13544.00,18784.00,124129.00,22093.00,29684.00,-6784.00,11752.00,67384.00,-28907.00,-22196.00,-6711.00,-9772.00,-1876.00,-2340.00,21107.00,-11764.00,1236.00,-6904.00,1424.00,67332.00,-29048.00,10828.00,6696.00,-63328.00
2009:Q2,-17216.00,-15904.00,-6560.00,-7128.00,109846.00,19338.00,19732.00,13240.00,26060.00,31476.00,-28247.00,-16220.00,-12027.00,14780.00,-1876.00,8312.00,-90439.00,-38908.00,-9388.00,8468.00,-8100.00,18156.00,-113160.00,2516.00,26820.00,35780.00
2009:Q3,43436.00,-3588.00,-12944.00,3216.00,132350.00,6082.00,8364.00,540.00,18584.00,98780.00,-30467.00,-17736.00,-12731.00,-11664.00,-1876.00,4956.00,-36547.00,60544.00,13556.00,-908.00,-10684.00,9440.00,-127644.00,-1380.00,17428.00,160736.00
2009:Q4,72976.00,-42828.00,-16636.00,-5488.00,177019.00,17603.00,19872.00,12692.00,29408.00,97444.00,-10763.00,5888.00,-16651.00,19736.00,-1876.00,-4336.00,-41853.00,47660.00,-7288.00,-4452.00,2080.00,52312.00,-35276.00,2236.00,-6576.00,44624.00
2010:Q1,127560.00,-14756.00,-15424.00,4988.00,112161.00,-60295.00,20432.00,-7876.00,45896.00,114004.00,-17958.00,-3640.00,-14318.00,9264.00,-1104.00,3044.00,47345.00,36828.00,-13132.00,-7572.00,-1860.00,16816.00,8100.00,5400.00,5280.00,23796.00
2010:Q2,130208.00,37272.00,-13828.00,-1356.00,96349.00,10525.00,8672.00,-3808.00,24976.00,55984.00,-15163.00,252.00,-15415.00,5404.00,-1104.00,3992.00,18642.00,142736.00,2788.00,-13348.00,-4928.00,28660.00,110356.00,1736.00,3068.00,14404.00
2010:Q3,157448.00,3776.00,-12632.00,0.00,171309.00,19941.00,18204.00,-6344.00,46792.00,92716.00,-2626.00,2816.00,-5442.00,828.00,-1104.00,1324.00,-3428.00,132112.00,4492.00,7844.00,-936.00,63868.00,36544.00,7860.00,8976.00,3464.00
2010:Q4,-56144.00,-34448.00,-9304.00,236.00,49165.00,-18375.00,6152.00,-2608.00,21684.00,42312.00,711.00,-128.00,839.00,4624.00,-1104.00,-904.00,-65120.00,18748.00,-2852.00,-6088.00,-500.00,18472.00,-12192.00,-592.00,7836.00,14664.00
2011:Q1,141344.00,-17584.00,-5140.00,-12988.00,146401.00,193.00,5716.00,2820.00,10388.00,127284.00,5054.00,-3896.00,8950.00,-5548.00,1192.00,132.00,29825.00,112744.00,10016.00,-8700.00,3284.00,48044.00,3852.00,5624.00,-17908.00,68532.00
2011:Q2,101932.00,5732.00,-7112.00,1320.00,58701.00,-8535.00,1256.00,-3316.00,7068.00,62228.00,28518.00,10484.00,18034.00,564.00,1192.00,4340.00,8677.00,113672.00,-960.00,-11520.00,176.00,54320.00,37448.00,-3476.00,9952.00,27732.00
2011:Q3,281320.00,40220.00,-4356.00,1544.00,102895.00,9791.00,13580.00,452.00,7524.00,71548.00,34462.00,16644.00,17818.00,-2528.00,1192.00,5396.00,102495.00,314000.00,-3968.00,-15964.00,1280.00,128044.00,262764.00,-5976.00,-26416.00,-25764.00
2011:Q4,86620.00,-16128.00,50840.00,-10080.00,32855.00,-55233.00,17704.00,-6008.00,7968.00,68424.00,26671.00,8448.00,18223.00,6580.00,1192.00,3484.00,-8794.00,-34440.00,2312.00,-9968.00,1248.00,61684.00,-124672.00,29300.00,12880.00,-7224.00
2012:Q1,72096.00,-3336.00,-15316.00,11148.00,97992.00,13052.00,3220.00,2504.00,12824.00,66392.00,15362.00,-7900.00,23262.00,-10432.00,-1956.00,8172.00,-29538.00,40884.00,8160.00,-11504.00,4844.00,2676.00,28944.00,-16116.00,-5448.00,29328.00
2012:Q2,-101660.00,12908.00,11536.00,684.00,-207561.00,21543.00,-22876.00,-39820.00,-528.00,-165880.00,18951.00,4184.00,14767.00,-532.00,-1956.00,4388.00,59923.00,-91920.00,2856.00,-11884.00,13648.00,-61280.00,-56068.00,17268.00,5824.00,-2284.00
2012:Q3,78912.00,-10264.00,-3284.00,1828.00,79729.00,7625.00,2764.00,4076.00,10160.00,55104.00,10969.00,4796.00,6173.00,5632.00,-1956.00,2588.00,-6330.00,102580.00,6128.00,-7628.00,-368.00,14308.00,-10516.00,-2272.00,7556.00,95372.00
2012:Q4,42577.00,5864.00,-1360.00,-5244.00,39349.00,23841.00,4360.00,-2932.00,7740.00,6340.00,14786.00,6756.00,8030.00,3996.00,-1956.00,8472.00,-21330.00,21832.00,-8084.00,-8644.00,-5168.00,19336.00,44948.00,-23372.00,1040.00,1776.00
2013:Q1,42544.00,4524.00,-27476.00,-14312.00,59602.00,-8714.00,-19532.00,-6000.00,11028.00,82820.00,3642.00,-3284.00,6926.00,-10064.00,76.00,-2224.00,28776.00,46848.00,31780.00,-6620.00,3888.00,10056.00,75012.00,488.00,8348.00,-76104.00
2013:Q2,40819.00,-38716.00,-6444.00,3124.00,59829.00,1473.00,-10904.00,-5432.00,9780.00,64912.00,22290.00,6864.00,15426.00,6332.00,76.00,4300.00,-9972.00,38220.00,2276.00,-9704.00,4828.00,26528.00,44408.00,-7596.00,5832.00,-28352.00
2013:Q3,82709.00,36680.00,9988.00,1000.00,23314.00,8390.00,-9228.00,-12240.00,8020.00,28372.00,29196.00,3512.00,25684.00,-15632.00,76.00,3464.00,-5376.00,86816.00,-1480.00,-10672.00,-3556.00,44324.00,40640.00,4088.00,5984.00,7488.00
2013:Q4,240354.00,-21664.00,-5336.00,-12068.00,139796.00,20688.00,-16236.00,-8536.00,18576.00,125304.00,26492.00,7060.00,19432.00,21668.00,76.00,6072.00,85318.00,168064.00,-6484.00,-9644.00,2680.00,32392.00,25056.00,-2136.00,-23688.00,149888.00
2014:Q1,188525.00,13800.00,-876.00,-844.00,90460.00,-4088.00,8192.00,-560.00,3960.00,82956.00,24804.00,8020.00,16784.00,2244.00,472.00,2192.00,56273.00,157272.00,156.00,-14308.00,1548.00,32440.00,90320.00,3784.00,72.00,43260.00
2014:Q2,62730.00,-6084.00,-1160.00,-824.00,99347.00,-10005.00,7696.00,1572.00,7596.00,92488.00,23054.00,5492.00,17562.00,8244.00,472.00,-1976.00,-58343.00,58924.00,9052.00,-11844.00,2332.00,42700.00,16784.00,-2052.00,10952.00,-9000.00
2014:Q3,149530.00,14888.00,6260.00,124.00,77259.00,-12865.00,10324.00,-4860.00,7404.00,77256.00,28831.00,10352.00,18479.00,824.00,472.00,4848.00,16025.00,96268.00,-2624.00,-17576.00,1284.00,45600.00,36228.00,-2440.00,16040.00,19756.00
2014:Q4,232716.00,-8776.00,19968.00,1632.00,36970.00,2702.00,20228.00,-42640.00,9460.00,47220.00,35791.00,7912.00,27879.00,8700.00,472.00,624.00,137335.00,139136.00,-2568.00,-16044.00,2104.00,63756.00,46696.00,-2600.00,-3804.00,51596.00
2015:Q1,-80876.00,-4120.00,-844.00,-684.00,-49465.00,6303.00,312.00,-22376.00,4108.00,-37812.00,-18639.00,-15456.00,-3183.00,4064.00,-244.00,7720.00,-18663.00,-121792.00,976.00,-22476.00,8592.00,-81132.00,-82584.00,7356.00,32440.00,15036.00
2015:Q2,5483.00,-27628.00,-4504.00,-1024.00,48364.00,-4552.00,3256.00,-9496.00,8232.00,50924.00,31807.00,-6344.00,38151.00,5116.00,-244.00,-260.00,-46145.00,37500.00,1208.00,-3708.00,8588.00,24920.00,92008.00,-2500.00,1108.00,-84124.00
2015:Q3,258259.00,43176.00,22640.00,1708.00,85755.00,4655.00,12276.00,-7884.00,10344.00,66364.00,33438.00,2872.00,30566.00,5564.00,-244.00,-5312.00,71533.00,267036.00,-142.00,-7544.00,4064.00,44292.00,149540.00,-5428.00,-832.00,83086.00
2015:Q4,129749.00,24680.00,-13952.00,-1900.00,55686.00,-22118.00,3032.00,-6360.00,10300.00,70832.00,57810.00,-1460.00,59270.00,-2792.00,-244.00,-3896.00,14357.00,104416.00,1531.00,-6276.00,3528.00,28224.00,63676.00,808.00,-1512.00,14437.00
2016:Q1,323133.00,-8344.00,7832.00,732.00,184671.00,18819.00,10828.00,16728.00,9920.00,128376.00,45854.00,14620.00,31234.00,2992.00,180.00,2764.00,86452.00,346848.00,307.00,-7284.00,9976.00,62488.00,84108.00,2676.00,35344.00,159233.00
2016:Q2,311437.00,37352.00,-1700.00,-156.00,156159.00,3811.00,6976.00,13632.00,8084.00,123656.00,29902.00,-5132.00,35034.00,4128.00,248.00,4524.00,80981.00,310072.00,-1276.00,-5916.00,19180.00,92704.00,35860.00,408.00,1068.00,168044.00
2016:Q3,87219.00,-21620.00,732.00,68.00,113988.00,-8036.00,6688.00,12068.00,7156.00,96112.00,30184.00,4888.00,25296.00,2576.00,152.00,9831.00,-48691.00,115076.00,552.00,-2864.00,8340.00,42968.00,30852.00,-5044.00,32740.00,7532.00
