date,FA574090045.Q,FA573020043.Q,FA573030043.Q,FA573034043.Q,FA572051043.Q,FA574022045.Q,FA573069143.Q,FA573061143.Q,FA573061743.Q,FA573063043.Q,FA573065043.Q,FA573064143.Q,FA573064243.Q,FA573090045.Q,FA573095405.Q,FA573074043.Q,FA573073005.Q,FA573093043.Q,FA574190043.Q
1945:Q4,ND,ND,ND,ND,ND,ND,ND,ND,ND,ND,ND,ND,ND,ND,ND,ND,ND,ND,ND
1946:Q1,ND,ND,ND,ND,ND,ND,ND,ND,ND,ND,ND,ND,ND,ND,ND,ND,ND,ND,ND
1946:Q2,ND,ND,ND,ND,ND,ND,ND,ND,ND,ND,ND,ND,ND,ND,ND,ND,ND,ND,ND
1946:Q3,ND,ND,ND,ND,ND,ND,ND,ND,ND,ND,ND,ND,ND,ND,ND,ND,ND,ND,ND
1946:Q4,1382.00,20.00,0.00,0.00,0.00,197.00,0.00,37.00,0.00,160.00,22.00,0.00,0.00,1143.00,0.00,0.00,1179.00,-36.00,1383.00
1947:Q1,ND,ND,ND,ND,ND,ND,ND,ND,ND,ND,ND,ND,ND,ND,ND,ND,ND,ND,ND
1947:Q2,ND,ND,ND,ND,ND,ND,ND,ND,ND,ND,ND,ND,ND,ND,ND,ND,ND,ND,ND
1947:Q3,ND,ND,ND,ND,ND,ND,ND,ND,ND,ND,ND,ND,ND,ND,ND,ND,ND,ND,ND
1947:Q4,1345.00,30.00,0.00,0.00,0.00,198.00,0.00,38.00,0.00,160.00,20.00,0.00,0.00,1097.00,0.00,0.00,1017.00,80.00,1344.00
1948:Q1,ND,ND,ND,ND,ND,ND,ND,ND,ND,ND,ND,ND,ND,ND,ND,ND,ND,ND,ND
1948:Q2,ND,ND,ND,ND,ND,ND,ND,ND,ND,ND,ND,ND,ND,ND,ND,ND,ND,ND,ND
1948:Q3,ND,ND,ND,ND,ND,ND,ND,ND,ND,ND,ND,ND,ND,ND,ND,ND,ND,ND,ND
1948:Q4,1192.00,30.00,0.00,0.00,0.00,197.00,0.00,37.00,0.00,160.00,20.00,0.00,0.00,945.00,0.00,0.00,865.00,80.00,1192.00
1949:Q1,ND,ND,ND,ND,ND,ND,ND,ND,ND,ND,ND,ND,ND,ND,ND,ND,ND,ND,ND
1949:Q2,ND,ND,ND,ND,ND,ND,ND,ND,ND,ND,ND,ND,ND,ND,ND,ND,ND,ND,ND
1949:Q3,ND,ND,ND,ND,ND,ND,ND,ND,ND,ND,ND,ND,ND,ND,ND,ND,ND,ND,ND
1949:Q4,1123.00,43.00,0.00,0.00,0.00,235.00,0.00,75.00,0.00,160.00,20.00,0.00,0.00,825.00,0.00,0.00,771.00,54.00,1123.00
1950:Q1,ND,ND,ND,ND,ND,ND,ND,ND,ND,ND,ND,ND,ND,ND,ND,ND,ND,ND,ND
1950:Q2,ND,ND,ND,ND,ND,ND,ND,ND,ND,ND,ND,ND,ND,ND,ND,ND,ND,ND,ND
1950:Q3,ND,ND,ND,ND,ND,ND,ND,ND,ND,ND,ND,ND,ND,ND,ND,ND,ND,ND,ND
1950:Q4,885.00,60.00,0.00,0.00,0.00,216.00,0.00,34.00,0.00,182.00,20.00,0.00,0.00,589.00,0.00,0.00,844.00,-255.00,886.00
1951:Q1,ND,ND,ND,ND,ND,ND,ND,ND,ND,ND,ND,ND,ND,ND,ND,ND,ND,ND,ND
1951:Q2,ND,ND,ND,ND,ND,ND,ND,ND,ND,ND,ND,ND,ND,ND,ND,ND,ND,ND,ND
1951:Q3,ND,ND,ND,ND,ND,ND,ND,ND,ND,ND,ND,ND,ND,ND,ND,ND,ND,ND,ND
1951:Q4,4389.00,65.00,0.00,0.00,0.00,599.00,0.00,75.00,0.00,524.00,18.00,0.00,0.00,3707.00,0.00,0.00,3695.00,12.00,4390.00
1952:Q1,4451.00,4.00,780.00,0.00,332.00,768.00,0.00,124.00,0.00,644.00,24.00,360.00,0.00,2183.00,0.00,556.00,1371.00,256.00,4452.00
1952:Q2,4075.00,-36.00,28.00,0.00,12.00,780.00,0.00,-12.00,0.00,792.00,28.00,376.00,0.00,2887.00,0.00,24.00,2819.00,44.00,4076.00
1952:Q3,4043.00,-36.00,32.00,0.00,16.00,888.00,0.00,-44.00,0.00,932.00,32.00,392.00,0.00,2719.00,0.00,24.00,2655.00,40.00,4044.00
1952:Q4,4327.00,-8.00,32.00,0.00,12.00,1072.00,0.00,32.00,0.00,1040.00,32.00,404.00,0.00,2783.00,0.00,36.00,2723.00,24.00,4328.00
1953:Q1,4654.00,36.00,32.00,0.00,4.00,1112.00,0.00,104.00,0.00,1008.00,40.00,408.00,0.00,3022.00,0.00,28.00,2978.00,16.00,4656.00
1953:Q2,5050.00,72.00,36.00,0.00,8.00,1080.00,0.00,160.00,0.00,920.00,44.00,416.00,0.00,3394.00,0.00,32.00,3362.00,0.00,5052.00
1953:Q3,5146.00,76.00,36.00,0.00,0.00,988.00,0.00,160.00,0.00,828.00,44.00,440.00,0.00,3562.00,0.00,28.00,3534.00,0.00,5148.00
1953:Q4,4858.00,40.00,36.00,0.00,4.00,868.00,0.00,48.00,56.00,764.00,44.00,480.00,0.00,3386.00,0.00,36.00,3350.00,0.00,4860.00
1954:Q1,4311.00,8.00,40.00,0.00,8.00,884.00,0.00,48.00,-4.00,840.00,44.00,524.00,0.00,2803.00,0.00,32.00,2763.00,8.00,4312.00
1954:Q2,3935.00,-20.00,40.00,0.00,8.00,936.00,0.00,-24.00,0.00,960.00,40.00,568.00,0.00,2363.00,0.00,24.00,2331.00,8.00,3936.00
1954:Q3,3727.00,-20.00,44.00,0.00,8.00,1064.00,0.00,8.00,-24.00,1080.00,44.00,588.00,0.00,1999.00,0.00,32.00,1951.00,16.00,3728.00
1954:Q4,3699.00,-4.00,44.00,0.00,12.00,1232.00,0.00,84.00,-4.00,1152.00,56.00,584.00,0.00,1775.00,0.00,44.00,1703.00,28.00,3700.00
1955:Q1,3703.00,40.00,44.00,0.00,20.00,1184.00,0.00,180.00,4.00,1000.00,68.00,572.00,0.00,1775.00,0.00,52.00,1671.00,52.00,3708.00
1955:Q2,3827.00,72.00,48.00,0.00,28.00,1140.00,0.00,312.00,8.00,820.00,76.00,564.00,0.00,1899.00,0.00,88.00,1755.00,56.00,3832.00
1955:Q3,3843.00,76.00,48.00,0.00,28.00,944.00,0.00,292.00,4.00,648.00,88.00,584.00,0.00,2075.00,0.00,84.00,1919.00,72.00,3848.00
1955:Q4,3731.00,44.00,52.00,0.00,28.00,684.00,0.00,108.00,20.00,556.00,100.00,644.00,0.00,2179.00,0.00,60.00,2035.00,84.00,3736.00
1956:Q1,3657.00,16.00,52.00,0.00,32.00,788.00,0.00,-68.00,52.00,804.00,112.00,692.00,0.00,1965.00,0.00,64.00,1813.00,88.00,3660.00
1956:Q2,3881.00,-8.00,52.00,0.00,40.00,968.00,0.00,-164.00,0.00,1132.00,128.00,732.00,0.00,1969.00,0.00,24.00,1825.00,120.00,3884.00
1956:Q3,4549.00,-12.00,60.00,0.00,32.00,1276.00,0.00,-232.00,24.00,1484.00,136.00,776.00,0.00,2281.00,0.00,28.00,2137.00,116.00,4552.00
1956:Q4,5517.00,4.00,60.00,0.00,32.00,1584.00,0.00,-200.00,12.00,1772.00,136.00,812.00,0.00,2889.00,0.00,60.00,2749.00,80.00,5520.00
1957:Q1,6326.00,36.00,60.00,0.00,24.00,1588.00,0.00,-220.00,56.00,1752.00,132.00,848.00,0.00,3638.00,0.00,36.00,3530.00,72.00,6328.00
1957:Q2,6994.00,60.00,64.00,0.00,20.00,1404.00,0.00,-220.00,20.00,1604.00,128.00,880.00,0.00,4438.00,0.00,88.00,4314.00,36.00,6996.00
1957:Q3,7006.00,60.00,64.00,0.00,20.00,1228.00,0.00,-208.00,32.00,1404.00,132.00,924.00,0.00,4578.00,0.00,12.00,4510.00,56.00,7008.00
1957:Q4,6298.00,48.00,68.00,0.00,16.00,1076.00,0.00,-220.00,96.00,1200.00,144.00,980.00,0.00,3966.00,0.00,20.00,3886.00,60.00,6300.00
1958:Q1,5240.00,36.00,72.00,0.00,20.00,1108.00,0.00,-152.00,92.00,1168.00,144.00,1024.00,0.00,2836.00,0.00,60.00,2740.00,36.00,5240.00
1958:Q2,4536.00,28.00,76.00,0.00,12.00,1152.00,0.00,64.00,-96.00,1184.00,144.00,1064.00,0.00,2060.00,0.00,84.00,1956.00,20.00,4536.00
1958:Q3,4380.00,24.00,76.00,0.00,16.00,1228.00,0.00,-4.00,16.00,1216.00,160.00,1124.00,0.00,1752.00,0.00,104.00,1632.00,16.00,4380.00
1958:Q4,4776.00,32.00,80.00,0.00,24.00,1308.00,0.00,60.00,0.00,1248.00,188.00,1208.00,0.00,1936.00,0.00,116.00,1788.00,32.00,4776.00
1959:Q1,5330.00,36.00,84.00,0.00,28.00,824.00,0.00,76.00,64.00,684.00,216.00,1360.00,0.00,2782.00,0.00,60.00,2654.00,68.00,5332.00
1959:Q2,5982.00,44.00,84.00,0.00,28.00,1244.00,0.00,140.00,108.00,996.00,240.00,1552.00,0.00,2790.00,0.00,104.00,2618.00,68.00,5984.00
1959:Q3,6238.00,44.00,88.00,0.00,36.00,1128.00,0.00,192.00,52.00,884.00,260.00,1216.00,0.00,3466.00,0.00,40.00,3326.00,100.00,6240.00
1959:Q4,5934.00,32.00,92.00,0.00,32.00,1520.00,0.00,96.00,12.00,1412.00,272.00,1448.00,0.00,2538.00,0.00,108.00,2350.00,80.00,5936.00
1960:Q1,5270.00,12.00,96.00,0.00,40.00,1076.00,0.00,-244.00,240.00,1080.00,296.00,1508.00,0.00,2242.00,0.00,8.00,2106.00,128.00,5272.00
1960:Q2,4578.00,-8.00,104.00,0.00,40.00,904.00,0.00,-240.00,112.00,1032.00,328.00,1568.00,0.00,1642.00,0.00,92.00,1434.00,116.00,4580.00
1960:Q3,4022.00,0.00,104.00,0.00,44.00,1140.00,0.00,-148.00,-4.00,1292.00,328.00,1476.00,0.00,930.00,0.00,4.00,778.00,148.00,4024.00
1960:Q4,3574.00,40.00,104.00,0.00,36.00,1668.00,0.00,-12.00,-80.00,1760.00,296.00,1676.00,0.00,-246.00,0.00,160.00,-478.00,72.00,3576.00
1961:Q1,3138.00,88.00,112.00,0.00,36.00,416.00,0.00,8.00,-24.00,432.00,272.00,1740.00,0.00,474.00,0.00,176.00,250.00,48.00,3140.00
1961:Q2,2810.00,132.00,116.00,0.00,28.00,1272.00,0.00,68.00,-64.00,1268.00,244.00,1752.00,0.00,-734.00,0.00,68.00,-878.00,76.00,2812.00
1961:Q3,2370.00,136.00,124.00,0.00,28.00,868.00,0.00,4.00,36.00,828.00,244.00,1828.00,0.00,-858.00,0.00,92.00,-1018.00,68.00,2372.00
1961:Q4,1822.00,100.00,124.00,0.00,36.00,1332.00,0.00,-16.00,88.00,1260.00,276.00,1908.00,0.00,-1954.00,0.00,172.00,-2182.00,56.00,1824.00
1962:Q1,1294.00,68.00,132.00,0.00,56.00,872.00,0.00,-12.00,136.00,748.00,296.00,1484.00,128.00,-1742.00,0.00,36.00,-1958.00,180.00,1296.00
1962:Q2,974.00,40.00,132.00,0.00,68.00,1432.00,0.00,112.00,64.00,1256.00,316.00,2272.00,312.00,-3598.00,0.00,-252.00,-3690.00,344.00,976.00
1962:Q3,926.00,32.00,144.00,0.00,68.00,632.00,0.00,196.00,-8.00,444.00,324.00,1484.00,204.00,-1962.00,0.00,120.00,-2286.00,204.00,928.00
1962:Q4,1154.00,48.00,144.00,0.00,56.00,1596.00,0.00,228.00,-84.00,1452.00,328.00,1792.00,72.00,-2882.00,0.00,208.00,-3210.00,120.00,1156.00
1963:Q1,1520.00,56.00,152.00,0.00,44.00,1208.00,0.00,84.00,28.00,1096.00,324.00,1096.00,16.00,-1376.00,0.00,140.00,-1604.00,88.00,1524.00
1963:Q2,2000.00,56.00,156.00,0.00,20.00,1380.00,0.00,80.00,8.00,1292.00,312.00,2008.00,-60.00,-1872.00,0.00,124.00,-2028.00,32.00,2004.00
1963:Q3,2448.00,68.00,164.00,0.00,32.00,1428.00,0.00,-44.00,128.00,1344.00,336.00,1744.00,-44.00,-1280.00,0.00,120.00,-1460.00,60.00,2452.00
1963:Q4,2796.00,84.00,168.00,0.00,64.00,1032.00,0.00,116.00,-20.00,936.00,404.00,2096.00,28.00,-1080.00,0.00,124.00,-1388.00,184.00,2800.00
1964:Q1,3069.00,116.00,176.00,0.00,104.00,1388.00,0.00,580.00,48.00,760.00,548.00,1800.00,56.00,-1119.00,0.00,180.00,-1595.00,296.00,3072.00
1964:Q2,3381.00,192.00,184.00,0.00,144.00,1232.00,0.00,-620.00,-40.00,1892.00,596.00,1816.00,148.00,-931.00,0.00,152.00,-1535.00,452.00,3384.00
1964:Q3,3785.00,28.00,188.00,0.00,144.00,936.00,0.00,-12.00,-32.00,980.00,536.00,1688.00,132.00,133.00,0.00,144.00,-483.00,472.00,3788.00
1964:Q4,4253.00,140.00,196.00,0.00,120.00,2152.00,0.00,160.00,356.00,1636.00,552.00,1780.00,152.00,-839.00,0.00,140.00,-1347.00,368.00,4256.00
1965:Q1,4710.00,-560.00,208.00,0.00,92.00,1700.00,0.00,584.00,-228.00,1344.00,564.00,2440.00,48.00,218.00,0.00,128.00,-186.00,276.00,4716.00
1965:Q2,5450.00,-96.00,212.00,0.00,68.00,864.00,0.00,-600.00,0.00,1464.00,1024.00,2408.00,76.00,894.00,0.00,24.00,634.00,236.00,5456.00
1965:Q3,6346.00,128.00,220.00,0.00,68.00,488.00,0.00,-756.00,84.00,1160.00,492.00,2628.00,-48.00,2370.00,0.00,280.00,1962.00,128.00,6352.00
1965:Q4,7298.00,724.00,228.00,0.00,88.00,1136.00,0.00,244.00,72.00,820.00,348.00,2520.00,-4.00,2258.00,0.00,184.00,1830.00,244.00,7304.00
1966:Q1,8053.00,64.00,240.00,0.00,104.00,3176.00,0.00,-180.00,36.00,3320.00,492.00,2216.00,68.00,1693.00,0.00,92.00,1265.00,336.00,8060.00
1966:Q2,8965.00,-664.00,248.00,0.00,116.00,1080.00,0.00,-304.00,32.00,1352.00,332.00,3148.00,108.00,4597.00,0.00,-12.00,4181.00,428.00,8972.00
1966:Q3,9701.00,-288.00,256.00,0.00,124.00,1272.00,0.00,-80.00,-104.00,1456.00,476.00,2736.00,228.00,4897.00,0.00,-136.00,4533.00,500.00,9708.00
1966:Q4,10109.00,156.00,312.00,0.00,128.00,1836.00,0.00,-140.00,12.00,1964.00,804.00,3032.00,0.00,3841.00,0.00,240.00,3245.00,356.00,10116.00
1967:Q1,10109.00,264.00,256.00,0.00,132.00,820.00,0.00,-468.00,-44.00,1332.00,320.00,3448.00,-80.00,4949.00,0.00,416.00,4225.00,308.00,10116.00
1967:Q2,10317.00,60.00,300.00,0.00,144.00,-72.00,0.00,-448.00,-132.00,508.00,-60.00,4008.00,56.00,5881.00,0.00,108.00,5305.00,468.00,10324.00
1967:Q3,10469.00,172.00,312.00,0.00,140.00,1156.00,0.00,-96.00,-84.00,1336.00,332.00,3496.00,0.00,4861.00,0.00,284.00,4181.00,396.00,10476.00
1967:Q4,10557.00,48.00,392.00,0.00,128.00,400.00,0.00,60.00,-80.00,420.00,96.00,3648.00,100.00,5745.00,0.00,76.00,5237.00,432.00,10564.00
1968:Q1,10758.00,-92.00,260.00,0.00,120.00,1952.00,0.00,660.00,68.00,1224.00,32.00,3180.00,312.00,4994.00,0.00,-108.00,4630.00,472.00,10768.00
1968:Q2,11486.00,316.00,356.00,0.00,112.00,52.00,0.00,-76.00,64.00,64.00,-164.00,3672.00,-132.00,7274.00,0.00,492.00,6582.00,200.00,11496.00
1968:Q3,12930.00,132.00,384.00,0.00,104.00,608.00,0.00,-184.00,68.00,724.00,84.00,4028.00,32.00,7558.00,0.00,220.00,7046.00,292.00,12940.00
1968:Q4,14710.00,128.00,412.00,0.00,104.00,756.00,0.00,716.00,-12.00,52.00,-16.00,4548.00,120.00,8658.00,0.00,200.00,8162.00,296.00,14720.00
1969:Q1,16168.00,-40.00,252.00,0.00,104.00,-108.00,0.00,304.00,112.00,-524.00,48.00,4676.00,268.00,10968.00,0.00,-16.00,10616.00,368.00,16180.00
1969:Q2,17767.00,16.00,512.00,0.00,96.00,-456.00,0.00,-808.00,108.00,244.00,-40.00,3816.00,276.00,13547.00,0.00,28.00,13187.00,332.00,17780.00
1969:Q3,18647.00,-20.00,384.00,0.00,92.00,1884.00,0.00,-96.00,256.00,1724.00,260.00,3572.00,172.00,12303.00,0.00,-8.00,11967.00,344.00,18660.00
1969:Q4,18466.00,80.00,440.00,0.00,104.00,772.00,0.00,72.00,184.00,516.00,328.00,5160.00,200.00,11382.00,0.00,152.00,10926.00,304.00,18480.00
1970:Q1,17300.00,20.00,460.00,0.00,104.00,832.00,0.00,-304.00,-96.00,1232.00,56.00,3412.00,108.00,12308.00,0.00,40.00,11904.00,364.00,17312.00
1970:Q2,16392.00,-444.00,468.00,0.00,112.00,392.00,0.00,-292.00,256.00,428.00,-68.00,2776.00,804.00,12352.00,0.00,-640.00,12348.00,644.00,16404.00
1970:Q3,15376.00,440.00,492.00,0.00,112.00,2896.00,0.00,504.00,800.00,1592.00,-80.00,3104.00,-216.00,8628.00,0.00,680.00,7816.00,132.00,15388.00
1970:Q4,14332.00,312.00,460.00,0.00,116.00,2480.00,0.00,-84.00,-40.00,2604.00,-88.00,4408.00,8.00,6636.00,0.00,512.00,5904.00,220.00,14344.00
1971:Q1,13335.00,372.00,536.00,0.00,124.00,-2256.00,0.00,404.00,-452.00,-2208.00,-364.00,5732.00,-104.00,9295.00,0.00,584.00,8507.00,204.00,13348.00
1971:Q2,13299.00,24.00,416.00,0.00,124.00,-2560.00,0.00,-772.00,-516.00,-1272.00,-664.00,7080.00,328.00,8551.00,0.00,100.00,8039.00,412.00,13312.00
1971:Q3,13915.00,148.00,568.00,0.00,136.00,-1368.00,0.00,128.00,-12.00,-1484.00,-584.00,7364.00,420.00,7231.00,0.00,272.00,6591.00,368.00,13928.00
1971:Q4,14935.00,252.00,504.00,0.00,140.00,2608.00,0.00,244.00,52.00,2312.00,-440.00,6572.00,140.00,5159.00,0.00,408.00,4399.00,352.00,14948.00
1972:Q1,15928.00,432.00,516.00,0.00,612.00,2380.00,740.00,1244.00,788.00,-392.00,-1304.00,8692.00,200.00,4400.00,0.00,604.00,1844.00,1952.00,15944.00
1972:Q2,16807.00,232.00,652.00,0.00,932.00,4816.00,1164.00,-268.00,1088.00,2832.00,-796.00,10328.00,408.00,235.00,0.00,304.00,-3301.00,3232.00,16824.00
1972:Q3,17239.00,424.00,708.00,0.00,964.00,7392.00,1268.00,516.00,1664.00,3944.00,-1072.00,9876.00,392.00,-1445.00,0.00,444.00,-5185.00,3296.00,17256.00
1972:Q4,16878.00,852.00,756.00,0.00,728.00,4352.00,1040.00,2276.00,1052.00,-16.00,-548.00,7328.00,40.00,3370.00,0.00,740.00,318.00,2312.00,16896.00
1973:Q1,16056.00,396.00,804.00,0.00,520.00,6548.00,836.00,1032.00,1624.00,3056.00,-856.00,5036.00,976.00,2632.00,0.00,-108.00,820.00,1920.00,16072.00
1973:Q2,16191.00,508.00,724.00,0.00,352.00,3664.00,668.00,856.00,592.00,1548.00,-300.00,3000.00,828.00,7415.00,0.00,-244.00,6291.00,1368.00,16208.00
1973:Q3,17218.00,1296.00,948.00,0.00,316.00,6360.00,708.00,2100.00,560.00,2992.00,-312.00,2036.00,-316.00,6890.00,0.00,768.00,5294.00,828.00,17236.00
1973:Q4,18874.00,460.00,736.00,0.00,412.00,2884.00,964.00,2004.00,700.00,-784.00,60.00,2136.00,952.00,11234.00,0.00,-516.00,10078.00,1672.00,18892.00
1974:Q1,20159.00,596.00,884.00,0.00,460.00,3396.00,1140.00,2192.00,188.00,-124.00,68.00,1512.00,536.00,12707.00,0.00,376.00,10819.00,1512.00,20168.00
1974:Q2,21408.00,944.00,912.00,0.00,480.00,4332.00,1236.00,2408.00,36.00,652.00,-64.00,140.00,748.00,13916.00,0.00,-292.00,12376.00,1832.00,21416.00
1974:Q3,21328.00,1012.00,968.00,0.00,516.00,8896.00,1444.00,3968.00,772.00,2712.00,-36.00,652.00,2004.00,7316.00,0.00,-1036.00,6068.00,2284.00,21336.00
1974:Q4,19723.00,1092.00,1328.00,0.00,588.00,9252.00,1760.00,972.00,2476.00,4044.00,16.00,3040.00,-124.00,4531.00,0.00,844.00,1915.00,1772.00,19732.00
1975:Q1,17412.00,1040.00,1140.00,0.00,680.00,13292.00,2220.00,3192.00,1148.00,6732.00,148.00,5304.00,-428.00,-3764.00,0.00,1460.00,-7084.00,1860.00,17416.00
1975:Q2,16350.00,1156.00,1392.00,0.00,1456.00,11116.00,2832.00,2680.00,708.00,4896.00,-124.00,5592.00,-96.00,-4142.00,0.00,1604.00,-10350.00,4604.00,16352.00
1975:Q3,16809.00,1072.00,1444.00,0.00,1868.00,11396.00,2252.00,4140.00,252.00,4752.00,-48.00,5220.00,2276.00,-6419.00,0.00,-20.00,-13127.00,6728.00,16812.00
1975:Q4,18673.00,868.00,1320.00,0.00,1216.00,10212.00,1488.00,1500.00,1516.00,5708.00,68.00,5620.00,360.00,-991.00,0.00,936.00,-5935.00,4008.00,18676.00
1976:Q1,20923.00,868.00,1356.00,0.00,156.00,8848.00,1980.00,3652.00,1512.00,1704.00,0.00,6340.00,360.00,2995.00,0.00,1200.00,1719.00,76.00,20924.00
1976:Q2,22947.00,348.00,1168.00,0.00,-980.00,8812.00,1316.00,4792.00,1172.00,1532.00,0.00,4820.00,-228.00,9007.00,0.00,76.00,12479.00,-3548.00,22948.00
1976:Q3,23879.00,-340.00,956.00,0.00,984.00,12.00,760.00,3480.00,596.00,-4824.00,-40.00,3532.00,772.00,18003.00,0.00,192.00,14347.00,3464.00,23880.00
1976:Q4,23179.00,-436.00,1152.00,0.00,1400.00,452.00,468.00,5112.00,-1380.00,-3748.00,164.00,3408.00,1128.00,15911.00,0.00,392.00,10643.00,4876.00,23180.00
1977:Q1,21606.00,-44.00,1400.00,0.00,2332.00,2604.00,448.00,-604.00,3164.00,-404.00,24.00,4440.00,488.00,10362.00,0.00,40.00,1954.00,8368.00,21608.00
1977:Q2,21402.00,272.00,1556.00,0.00,64.00,11864.00,320.00,6252.00,1688.00,3604.00,476.00,5560.00,1380.00,230.00,0.00,576.00,-358.00,12.00,21404.00
1977:Q3,22770.00,508.00,1668.00,0.00,1872.00,4548.00,88.00,368.00,3056.00,1036.00,-212.00,6724.00,-800.00,8462.00,0.00,256.00,1570.00,6636.00,22772.00
1977:Q4,25146.00,564.00,1744.00,0.00,-344.00,12908.00,12.00,3684.00,-340.00,9552.00,44.00,6488.00,220.00,3522.00,0.00,444.00,4498.00,-1420.00,25148.00
1978:Q1,26445.00,436.00,2012.00,0.00,2204.00,3072.00,88.00,508.00,-92.00,2568.00,248.00,7152.00,160.00,11161.00,0.00,368.00,3001.00,7792.00,26448.00
1978:Q2,26367.00,348.00,2116.00,0.00,-528.00,15084.00,-36.00,2124.00,-152.00,13148.00,352.00,6868.00,1088.00,1039.00,0.00,1176.00,2235.00,-2372.00,26372.00
1978:Q3,22438.00,352.00,1948.00,0.00,1408.00,8504.00,-388.00,-3288.00,4840.00,7340.00,236.00,6792.00,-1816.00,5014.00,0.00,1476.00,-938.00,4476.00,22444.00
1978:Q4,15667.00,260.00,2440.00,0.00,1788.00,6140.00,-28.00,6268.00,-4036.00,3936.00,60.00,7288.00,-1404.00,-905.00,0.00,224.00,-7477.00,6348.00,15672.00
1979:Q1,10485.00,92.00,2260.00,0.00,1272.00,9816.00,1036.00,1644.00,3788.00,3348.00,308.00,7572.00,2400.00,-13235.00,0.00,1204.00,-18531.00,4092.00,10496.00
1979:Q2,11917.00,-72.00,2016.00,0.00,948.00,18788.00,2172.00,3604.00,2620.00,10392.00,-192.00,7772.00,192.00,-17535.00,0.00,804.00,-21435.00,3096.00,11928.00
1979:Q3,23767.00,-188.00,2196.00,0.00,168.00,20168.00,3348.00,2524.00,3960.00,10336.00,872.00,10488.00,940.00,-10877.00,0.00,1292.00,-12245.00,76.00,23780.00
1979:Q4,44715.00,-348.00,2504.00,0.00,944.00,16192.00,3608.00,676.00,1732.00,10176.00,684.00,11540.00,44.00,13155.00,0.00,404.00,9519.00,3232.00,44728.00
1980:Q1,67022.00,-544.00,1984.00,0.00,844.00,21376.00,2940.00,3624.00,2448.00,12364.00,208.00,12156.00,1288.00,29710.00,0.00,176.00,26558.00,2976.00,67036.00
1980:Q2,84587.00,-792.00,1840.00,0.00,840.00,25288.00,2520.00,6552.00,5252.00,10964.00,288.00,10188.00,3984.00,42951.00,0.00,2084.00,38687.00,2180.00,84600.00
1980:Q3,91310.00,-1096.00,1744.00,0.00,1184.00,22988.00,2348.00,3548.00,4432.00,12660.00,832.00,13344.00,732.00,51582.00,0.00,1920.00,46166.00,3496.00,91324.00
1980:Q4,84162.00,-1140.00,2768.00,0.00,-428.00,21888.00,2116.00,4936.00,5920.00,8916.00,372.00,12672.00,-396.00,48426.00,0.00,1300.00,49178.00,-2052.00,84176.00
1981:Q1,68055.00,-924.00,2324.00,0.00,-564.00,17600.00,1812.00,3412.00,6116.00,6260.00,736.00,12016.00,-1188.00,38055.00,0.00,524.00,39767.00,-2236.00,68072.00
1981:Q2,52798.00,-764.00,1704.00,0.00,472.00,18924.00,3600.00,3572.00,8176.00,3576.00,492.00,12188.00,-1808.00,21590.00,0.00,224.00,19758.00,1608.00,52816.00
1981:Q3,40917.00,-676.00,2616.00,0.00,680.00,17268.00,3456.00,636.00,8696.00,4480.00,28.00,14276.00,-4824.00,11549.00,0.00,-612.00,9473.00,2688.00,40936.00
1981:Q4,35363.00,-580.00,3212.00,0.00,-1068.00,25268.00,3068.00,35788.00,-17204.00,3616.00,140.00,12888.00,-3500.00,-997.00,0.00,1412.00,2003.00,-4412.00,35384.00
1982:Q1,36234.00,-2008.00,6592.00,0.00,-2120.00,43848.00,-6072.00,28052.00,11556.00,10312.00,0.00,3220.00,-572.00,-12726.00,0.00,1048.00,-5718.00,-8056.00,36260.00
1982:Q2,45360.00,-424.00,7312.00,0.00,448.00,33852.00,-3284.00,18016.00,11472.00,7648.00,5892.00,6200.00,2144.00,-10064.00,0.00,1276.00,-12444.00,1104.00,45384.00
1982:Q3,61794.00,-996.00,6600.00,0.00,3232.00,29000.00,-6736.00,17592.00,6604.00,11540.00,3900.00,9384.00,3656.00,7018.00,0.00,3504.00,-6714.00,10228.00,61816.00
1982:Q4,81800.00,-1240.00,6928.00,0.00,228.00,31320.00,-6232.00,21800.00,7180.00,8572.00,5636.00,45268.00,6408.00,-12748.00,0.00,1844.00,-14676.00,84.00,81820.00
1983:Q1,97344.00,-584.00,8640.00,0.00,2344.00,28008.00,-2304.00,13676.00,3844.00,12792.00,5144.00,7584.00,-508.00,46716.00,0.00,3436.00,36216.00,7064.00,97376.00
1983:Q2,107683.00,532.00,11784.00,0.00,4368.00,20864.00,2540.00,9964.00,3780.00,4580.00,2612.00,6920.00,-400.00,61003.00,0.00,4032.00,42859.00,14112.00,107712.00
1983:Q3,104258.00,1356.00,368.00,0.00,-44.00,43960.00,4068.00,18160.00,7896.00,13836.00,3440.00,6280.00,1328.00,47570.00,0.00,520.00,47422.00,-372.00,104288.00
1983:Q4,86177.00,576.00,3500.00,0.00,896.00,28764.00,600.00,12684.00,5984.00,9496.00,-1780.00,1256.00,1364.00,51601.00,0.00,572.00,48029.00,3000.00,86208.00
1984:Q1,61596.00,1388.00,-1496.00,0.00,-1720.00,16156.00,5604.00,5072.00,1288.00,4192.00,-928.00,-8272.00,-28.00,56496.00,0.00,-1528.00,63596.00,-5572.00,61644.00
1984:Q2,40255.00,1612.00,-312.00,0.00,-1088.00,-20240.00,6076.00,-8700.00,-2772.00,-14844.00,-2092.00,-13332.00,-480.00,76187.00,0.00,-1480.00,80995.00,-3328.00,40308.00
1984:Q3,28734.00,-52.00,10292.00,0.00,2796.00,55524.00,140.00,19920.00,9324.00,26140.00,-1312.00,10400.00,2344.00,-51258.00,0.00,3720.00,-63550.00,8572.00,28788.00
1984:Q4,27972.00,-676.00,6676.00,0.00,1264.00,66760.00,-6152.00,28920.00,10032.00,33960.00,2776.00,1040.00,2712.00,-52580.00,0.00,2896.00,-58872.00,3396.00,28028.00
1985:Q1,32882.00,956.00,10960.00,0.00,2956.00,-4708.00,-668.00,11252.00,5296.00,-20588.00,5224.00,9896.00,1336.00,6262.00,0.00,3392.00,-6422.00,9292.00,32960.00
1985:Q2,39963.00,980.00,13568.00,0.00,3200.00,22720.00,-228.00,21856.00,11404.00,-10312.00,3052.00,12672.00,1324.00,-17553.00,0.00,3828.00,-31369.00,9988.00,40040.00
1985:Q3,43497.00,160.00,-1632.00,0.00,-1620.00,3136.00,1460.00,10604.00,6480.00,-15408.00,-1772.00,6984.00,816.00,37425.00,0.00,-692.00,43669.00,-5552.00,43572.00
1985:Q4,41421.00,-2160.00,-3256.00,0.00,7416.00,36068.00,9864.00,16732.00,46984.00,-37512.00,10620.00,376.00,4648.00,-12291.00,0.00,16648.00,-84727.00,55788.00,41496.00
1986:Q1,35775.00,-640.00,4256.00,0.00,-200.00,45272.00,1948.00,8844.00,4804.00,29676.00,752.00,-14908.00,1284.00,-41.00,3968.00,-40.00,24947.00,-28916.00,35868.00
1986:Q2,31317.00,-600.00,10108.00,0.00,1652.00,-1060.00,4072.00,-13948.00,-7516.00,16332.00,-1740.00,-3916.00,960.00,25913.00,1860.00,-60.00,26893.00,-2780.00,31400.00
1986:Q3,29109.00,-540.00,6280.00,0.00,340.00,26812.00,2780.00,-5036.00,-2332.00,31400.00,64.00,-33576.00,752.00,28977.00,620.00,-60.00,29789.00,-1372.00,29188.00
1986:Q4,29853.00,-512.00,13988.00,0.00,2616.00,-92552.00,5632.00,-18652.00,-12172.00,-67360.00,-3756.00,14440.00,540.00,95089.00,6976.00,-96.00,41541.00,46668.00,29932.00
1987:Q1,32273.00,-360.00,1900.00,0.00,8.00,-31536.00,4856.00,-13908.00,-7492.00,-14992.00,-5552.00,55924.00,1368.00,10521.00,13280.00,-400.00,-54107.00,51748.00,32360.00
1987:Q2,37110.00,-240.00,8304.00,0.00,1964.00,11120.00,7860.00,-24292.00,27776.00,-224.00,-3032.00,-37648.00,1400.00,55242.00,2124.00,-1200.00,36398.00,17920.00,37196.00
1987:Q3,42506.00,-160.00,2620.00,0.00,324.00,18928.00,6172.00,5708.00,3804.00,3244.00,-2552.00,-33920.00,1188.00,56078.00,5392.00,-1800.00,28030.00,24456.00,42596.00
1987:Q4,47136.00,-32.00,-8448.00,0.00,-2856.00,24576.00,1680.00,9576.00,6388.00,6932.00,-2072.00,-15124.00,-492.00,51584.00,-1212.00,-2588.00,140780.00,-85396.00,47228.00
1988:Q1,50202.00,200.00,-13188.00,0.00,-732.00,5988.00,-7536.00,-23116.00,31684.00,4956.00,4400.00,25028.00,-932.00,29438.00,-17452.00,-2800.00,60874.00,-11184.00,50288.00
1988:Q2,52200.00,1000.00,6132.00,0.00,5384.00,3524.00,1296.00,628.00,512.00,1088.00,4204.00,-24.00,-468.00,32448.00,-10836.00,-1600.00,9140.00,35744.00,52288.00
1988:Q3,52717.00,3200.00,-13892.00,0.00,-1056.00,65032.00,-7360.00,37172.00,8592.00,26628.00,8044.00,-29432.00,-676.00,21497.00,-19884.00,-1400.00,13109.00,29672.00,52804.00
1988:Q4,50839.00,3312.00,7108.00,0.00,2880.00,15384.00,-1904.00,-8044.00,13268.00,12064.00,6812.00,2788.00,-500.00,13055.00,-12472.00,4424.00,2859.00,18244.00,50928.00
1989:Q1,47238.00,1600.00,15256.00,0.00,2300.00,25728.00,-148.00,-19904.00,40656.00,5124.00,4260.00,-38132.00,-244.00,36470.00,-428.00,4400.00,30790.00,1708.00,47332.00
1989:Q2,45747.00,-800.00,6892.00,0.00,-740.00,35532.00,-3652.00,15796.00,14128.00,9260.00,5412.00,-16344.00,-120.00,15915.00,-2044.00,4500.00,20883.00,-7424.00,45840.00
1989:Q3,45778.00,-2000.00,18104.00,0.00,3452.00,31732.00,740.00,13268.00,11600.00,6124.00,5320.00,-12332.00,72.00,1430.00,2544.00,4600.00,31514.00,-37228.00,45876.00
1989:Q4,47103.00,-2676.00,-1840.00,0.00,-3904.00,50808.00,-6904.00,22400.00,20732.00,14580.00,7444.00,-22868.00,392.00,19747.00,-7620.00,4264.00,7159.00,15944.00,47200.00
1990:Q1,48355.00,-1600.00,-6404.00,0.00,-1864.00,11000.00,-1864.00,-34000.00,41700.00,5164.00,304.00,13700.00,424.00,32795.00,-7360.00,3800.00,60971.00,-24616.00,48436.00
1990:Q2,51315.00,-800.00,-2668.00,0.00,-468.00,41972.00,-468.00,13108.00,14724.00,14608.00,2124.00,-12732.00,892.00,22995.00,-4580.00,1800.00,22003.00,3772.00,51396.00
1990:Q3,53700.00,400.00,-3780.00,0.00,-960.00,39320.00,-960.00,12548.00,14040.00,13692.00,1960.00,-20772.00,-76.00,37608.00,-8888.00,2200.00,68936.00,-24640.00,53780.00
1990:Q4,54501.00,-76.00,-9332.00,0.00,-3624.00,29728.00,-3624.00,10576.00,11628.00,11148.00,1492.00,20752.00,336.00,15225.00,-4028.00,3412.00,68825.00,-52984.00,54576.00
1991:Q1,53217.00,-40.00,-1596.00,0.00,-1912.00,33512.00,-1912.00,-36312.00,52864.00,18872.00,-6588.00,7464.00,1176.00,21201.00,-3224.00,7000.00,24113.00,-6688.00,53276.00
1991:Q2,52956.00,-60.00,4924.00,0.00,1308.00,-3208.00,1308.00,-4008.00,-6852.00,6344.00,-7836.00,15476.00,1232.00,41120.00,-3364.00,10000.00,11580.00,22904.00,53012.00
1991:Q3,52077.00,-60.00,5152.00,0.00,1616.00,50020.00,1616.00,10132.00,14364.00,23908.00,-5148.00,-15372.00,1480.00,14389.00,-2804.00,9000.00,9525.00,-1332.00,52128.00
1991:Q4,50315.00,-40.00,13352.00,0.00,6336.00,-2180.00,6336.00,-5460.00,-9024.00,5968.00,-7432.00,312.00,1764.00,38203.00,592.00,6652.00,53443.00,-22484.00,50364.00
1992:Q1,48203.00,-12.00,-10864.00,0.00,-1640.00,24976.00,-1640.00,-43324.00,48020.00,21920.00,-3128.00,-75408.00,4336.00,109943.00,-6716.00,5628.00,150627.00,-39596.00,48252.00
1992:Q2,47287.00,40.00,-8136.00,0.00,-284.00,13280.00,-284.00,-1524.00,-3060.00,18148.00,-3516.00,27720.00,5040.00,13143.00,-2340.00,5368.00,-8957.00,19072.00,47336.00
1992:Q3,47950.00,48.00,-9656.00,0.00,-1644.00,25924.00,-1644.00,1580.00,2692.00,23296.00,-2852.00,-41084.00,-2060.00,79274.00,-21744.00,5468.00,101630.00,-6080.00,48000.00
1992:Q4,49121.00,20.00,-7872.00,0.00,-688.00,16672.00,-688.00,-828.00,-1780.00,19968.00,-2932.00,12716.00,3880.00,27325.00,-29112.00,5804.00,50841.00,-208.00,49172.00
1993:Q1,49637.00,-24.00,6840.00,0.00,772.00,38588.00,772.00,-40552.00,59740.00,18628.00,-520.00,62932.00,2688.00,-61639.00,-6756.00,6268.00,-68427.00,7276.00,49688.00
1993:Q2,51659.00,-48.00,5208.00,0.00,-628.00,16944.00,-628.00,1616.00,4328.00,11628.00,-1100.00,-25520.00,5252.00,51551.00,-10760.00,7068.00,57883.00,-2640.00,51708.00
1993:Q3,53042.00,-68.00,4732.00,0.00,-1040.00,42608.00,-1040.00,38708.00,-15788.00,20728.00,-364.00,-31968.00,4764.00,34378.00,-10328.00,7868.00,41262.00,-4424.00,53092.00
1993:Q4,53107.00,120.00,9016.00,0.00,828.00,-816.00,828.00,-22160.00,15508.00,5008.00,-3616.00,36292.00,5788.00,5495.00,-4736.00,8268.00,-69.00,2032.00,53160.00
1994:Q1,51711.00,492.00,6664.00,0.00,-5416.00,-1616.00,-5416.00,-11100.00,14664.00,236.00,-2116.00,-36572.00,5600.00,84675.00,-1160.00,7200.00,104155.00,-25520.00,51760.00
1994:Q2,52187.00,688.00,7864.00,0.00,-4332.00,54412.00,-4332.00,15768.00,37348.00,5628.00,-1692.00,18436.00,4608.00,-27797.00,2960.00,6400.00,-59281.00,22124.00,52240.00
1994:Q3,53260.00,692.00,8516.00,0.00,-3756.00,62440.00,-3756.00,25276.00,46184.00,-5264.00,-2592.00,37908.00,4520.00,-54468.00,-14948.00,5600.00,-53292.00,8172.00,53312.00
1994:Q4,54253.00,1276.00,29204.00,0.00,-3248.00,41988.00,-3248.00,10520.00,24548.00,10168.00,-8596.00,-34996.00,50232.00,-21607.00,46900.00,5500.00,-65255.00,-8752.00,54308.00
1995:Q1,53901.00,264.00,8088.00,0.00,-428.00,24492.00,-428.00,2156.00,4596.00,18168.00,116.00,-26344.00,19232.00,28481.00,-22660.00,1640.00,50773.00,-1272.00,53960.00
1995:Q2,54543.00,276.00,8292.00,0.00,-432.00,16412.00,-432.00,616.00,1008.00,15220.00,116.00,-35488.00,15848.00,49519.00,-3812.00,1644.00,52959.00,-1272.00,54604.00
1995:Q3,53757.00,276.00,8400.00,0.00,-428.00,20744.00,-428.00,1352.00,2712.00,17108.00,116.00,-99996.00,9812.00,114833.00,-7640.00,1640.00,122105.00,-1272.00,53820.00
1995:Q4,51130.00,276.00,8308.00,0.00,-432.00,25236.00,-432.00,2096.00,4460.00,19112.00,116.00,-78924.00,11760.00,84790.00,-8632.00,1644.00,93050.00,-1272.00,51192.00
1996:Q1,47794.00,292.00,13816.00,0.00,3372.00,6104.00,3372.00,-2060.00,-5236.00,10028.00,116.00,-80084.00,7008.00,97170.00,4096.00,1640.00,81306.00,10128.00,47848.00
1996:Q2,45908.00,284.00,13680.00,0.00,3372.00,20560.00,3372.00,468.00,652.00,16068.00,112.00,-85860.00,6732.00,87028.00,4096.00,1640.00,71164.00,10128.00,45964.00
1996:Q3,46409.00,284.00,13776.00,0.00,3368.00,-40340.00,3368.00,-12044.00,-18528.00,-13136.00,120.00,-53972.00,6296.00,116877.00,9056.00,1640.00,96053.00,10128.00,46468.00
1996:Q4,48309.00,-260.00,15788.00,0.00,1916.00,-31332.00,1916.00,-6684.00,-26040.00,-524.00,-176.00,-32428.00,10484.00,84317.00,-6520.00,1636.00,83449.00,5752.00,48372.00
1997:Q1,49900.00,856.00,20008.00,0.00,-1700.00,30096.00,-1696.00,2880.00,6292.00,22620.00,128.00,-97732.00,17140.00,81104.00,-8696.00,8548.00,86324.00,-5072.00,49960.00
1997:Q2,52767.00,424.00,16684.00,0.00,1312.00,33768.00,1312.00,2976.00,6504.00,22976.00,132.00,-96032.00,-8820.00,105299.00,-6756.00,4624.00,103475.00,3956.00,52828.00
1997:Q3,54275.00,1336.00,18312.00,0.00,-708.00,37956.00,-704.00,4020.00,8952.00,25688.00,204.00,-93448.00,4008.00,86615.00,-10180.00,4608.00,94291.00,-2104.00,54340.00
1997:Q4,53625.00,-924.00,12020.00,0.00,1364.00,45464.00,1376.00,3000.00,6568.00,34520.00,1536.00,-134008.00,16684.00,111489.00,4540.00,3708.00,99113.00,4128.00,53692.00
1998:Q1,51093.00,472.00,17804.00,0.00,280.00,-34776.00,308.00,-22492.00,-19000.00,6408.00,-80.00,-49860.00,-2072.00,119325.00,-4164.00,10852.00,111737.00,900.00,51168.00
1998:Q2,50459.00,456.00,17036.00,0.00,192.00,-43608.00,252.00,-19144.00,-13208.00,-11508.00,-28.00,-67544.00,21364.00,122591.00,-9812.00,10752.00,120971.00,680.00,50540.00
1998:Q3,50807.00,452.00,15844.00,0.00,20.00,-31396.00,144.00,-20740.00,-19772.00,8972.00,-12.00,-82716.00,43316.00,105299.00,4520.00,10236.00,90287.00,256.00,50888.00
1998:Q4,51644.00,848.00,15088.00,0.00,-328.00,16484.00,-116.00,-20120.00,-20984.00,57704.00,-1384.00,-10024.00,-31364.00,62324.00,-400.00,304.00,63060.00,-640.00,51724.00
1999:Q1,51561.00,-2228.00,-12944.00,0.00,708.00,60104.00,1064.00,16044.00,24380.00,18616.00,4.00,-173528.00,20180.00,159265.00,-4656.00,-1608.00,157857.00,7672.00,51632.00
1999:Q2,52525.00,800.00,-15160.00,0.00,120.00,106316.00,672.00,31236.00,33596.00,40812.00,8.00,-144536.00,-5664.00,110641.00,-10616.00,-5020.00,115069.00,11208.00,52592.00
1999:Q3,52026.00,604.00,-18900.00,0.00,-612.00,76884.00,184.00,27908.00,23604.00,25188.00,4.00,-132784.00,44808.00,82022.00,-5712.00,-9300.00,87658.00,9376.00,52092.00
1999:Q4,49661.00,1712.00,-31812.00,0.00,-1448.00,112828.00,-376.00,-604.00,40216.00,73592.00,4.00,-64788.00,-35676.00,68841.00,-24720.00,-14168.00,100441.00,7288.00,49728.00
2000:Q1,46764.00,488.00,-10592.00,0.00,-5104.00,-64420.00,-3748.00,-9920.00,-19288.00,-31464.00,-384.00,148196.00,7340.00,-28760.00,816.00,-7768.00,-5164.00,-16644.00,46812.00
2000:Q2,45659.00,820.00,-35300.00,0.00,-7904.00,-103856.00,-6304.00,-7904.00,-33248.00,-56400.00,-1056.00,10516.00,57952.00,124487.00,-2396.00,-25888.00,170871.00,-18100.00,45712.00
2000:Q3,47520.00,1820.00,-25888.00,0.00,-10480.00,-129052.00,-8708.00,-17020.00,-31868.00,-71456.00,-1400.00,55712.00,63068.00,93740.00,-484.00,-18988.00,142128.00,-28916.00,47576.00
2000:Q4,51246.00,1808.00,-23060.00,0.00,-12664.00,-192404.00,-10860.00,-11848.00,-64700.00,-104996.00,-2204.00,126080.00,38612.00,115078.00,1908.00,-16916.00,163914.00,-33828.00,51304.00
2001:Q1,54528.00,436.00,-44716.00,0.00,6264.00,55276.00,7960.00,17860.00,59636.00,-30180.00,3416.00,-79604.00,-63128.00,176584.00,-5428.00,-32796.00,194644.00,20164.00,54584.00
2001:Q2,58747.00,560.00,-28240.00,0.00,-4608.00,-38852.00,-3176.00,-4260.00,-11612.00,-19804.00,-336.00,119192.00,-58200.00,69231.00,-9996.00,-20712.00,113923.00,-13984.00,58804.00
2001:Q3,60753.00,672.00,-32948.00,0.00,-4108.00,-37024.00,-3080.00,-5364.00,-14176.00,-14404.00,-404.00,74968.00,45176.00,14421.00,-23884.00,-24164.00,74065.00,-11596.00,60812.00
2001:Q4,59707.00,760.00,-34592.00,0.00,-3412.00,-60272.00,-2880.00,-9648.00,-26816.00,-20928.00,-176.00,43684.00,5848.00,107867.00,14004.00,-25372.00,124971.00,-5736.00,59756.00
2002:Q1,56476.00,-1284.00,-10488.00,0.00,-2832.00,-6456.00,-3724.00,-6148.00,-23200.00,26616.00,696.00,-50400.00,74392.00,52848.00,13476.00,-6092.00,65944.00,-20480.00,56496.00
2002:Q2,55727.00,140.00,-7416.00,0.00,-184.00,44816.00,-1304.00,-10476.00,15564.00,41032.00,-152.00,-48708.00,-4556.00,71787.00,36512.00,-9944.00,27671.00,17548.00,55744.00
2002:Q3,56978.00,200.00,-6144.00,0.00,808.00,-78696.00,-580.00,-11104.00,-30888.00,-36124.00,416.00,44344.00,13272.00,82778.00,11576.00,18808.00,45770.00,6624.00,56992.00
2002:Q4,59667.00,120.00,1952.00,0.00,-304.00,-106384.00,-72.00,-23064.00,-33048.00,-50200.00,-100.00,-9036.00,-2196.00,175615.00,26364.00,-20792.00,183955.00,-13912.00,59680.00
2003:Q1,61487.00,60.00,-17060.00,0.00,1076.00,74012.00,784.00,25140.00,24996.00,23092.00,-532.00,101532.00,-75060.00,-22541.00,-3084.00,11888.00,-43265.00,11920.00,61504.00
2003:Q2,64226.00,68.00,13428.00,0.00,1144.00,64908.00,-10836.00,24588.00,30836.00,20320.00,-412.00,-46224.00,-30144.00,61458.00,20716.00,-11804.00,51774.00,772.00,64244.00
2003:Q3,64438.00,64.00,-9608.00,0.00,836.00,57192.00,-868.00,-11560.00,44120.00,25500.00,124.00,-68380.00,-31104.00,115314.00,-8456.00,-5416.00,146890.00,-17704.00,64456.00
2003:Q4,61422.00,80.00,22412.00,0.00,1320.00,97388.00,7464.00,19216.00,42320.00,28388.00,528.00,-126712.00,-30280.00,96686.00,26032.00,5228.00,70814.00,-5388.00,61440.00
2004:Q1,56957.00,40.00,-8692.00,0.00,964.00,7420.00,-644.00,-12356.00,4116.00,16304.00,224.00,24700.00,17604.00,14697.00,-39892.00,-4648.00,52305.00,6932.00,57072.00
2004:Q2,54461.00,76.00,-34348.00,0.00,2060.00,-3796.00,120.00,1224.00,12944.00,-18084.00,-160.00,-67148.00,21636.00,136141.00,14692.00,13772.00,83745.00,23932.00,54580.00
2004:Q3,55483.00,72.00,7340.00,0.00,828.00,-28448.00,628.00,-13300.00,10688.00,-26464.00,-120.00,39604.00,-9528.00,45735.00,-43640.00,-15448.00,121595.00,-16772.00,55608.00
2004:Q4,58874.00,84.00,16564.00,0.00,-2104.00,-16736.00,-1312.00,-3332.00,3060.00,-15152.00,-320.00,-47680.00,15248.00,93818.00,7652.00,-1624.00,79690.00,8100.00,59004.00
2005:Q1,62000.00,96.00,-6576.00,0.00,3272.00,21460.00,2284.00,3588.00,8768.00,6820.00,-296.00,-47684.00,-5820.00,97548.00,88.00,-4120.00,105908.00,-4328.00,62084.00
2005:Q2,66201.00,116.00,14356.00,0.00,-248.00,25424.00,-40.00,3304.00,-1604.00,23764.00,-268.00,-53776.00,-5180.00,85777.00,-16308.00,-8016.00,114517.00,-4416.00,66288.00
2005:Q3,67786.00,172.00,13704.00,0.00,-388.00,27940.00,-76.00,1668.00,10108.00,16240.00,-220.00,-38728.00,-11268.00,76574.00,-9392.00,8300.00,82530.00,-4864.00,67876.00
2005:Q4,65712.00,172.00,988.00,0.00,148.00,61332.00,284.00,-2852.00,47048.00,16852.00,-96.00,-55624.00,-5664.00,64456.00,-8620.00,-3784.00,69244.00,7616.00,65808.00
2006:Q1,61023.00,224.00,-3612.00,0.00,756.00,-12092.00,740.00,-112.00,-12076.00,-644.00,-64.00,-37460.00,-20124.00,133395.00,-30572.00,-640.00,165075.00,-468.00,61056.00
2006:Q2,58712.00,208.00,1500.00,0.00,204.00,30924.00,204.00,2656.00,-100.00,28164.00,-96.00,-62196.00,-5980.00,94148.00,-30576.00,-36.00,125296.00,-536.00,58748.00
2006:Q3,58249.00,220.00,1776.00,0.00,216.00,69204.00,220.00,18408.00,11168.00,39408.00,-72.00,-147912.00,-2204.00,137021.00,-30572.00,-28.00,140033.00,27588.00,58288.00
2006:Q4,59320.00,224.00,1796.00,0.00,220.00,49376.00,224.00,26432.00,11240.00,11480.00,-72.00,-184120.00,27696.00,164200.00,-30572.00,-28.00,163212.00,31588.00,59360.00
2007:Q1,59988.00,764.00,3412.00,432.00,236.00,21416.00,3892.00,-1908.00,4032.00,15400.00,1712.00,15180.00,420.00,16416.00,1880.00,2464.00,600.00,11472.00,60048.00
2007:Q2,62291.00,764.00,3412.00,428.00,240.00,21420.00,3892.00,-1912.00,4036.00,15404.00,1712.00,15180.00,420.00,18715.00,1880.00,2468.00,2895.00,11472.00,62356.00
2007:Q3,63063.00,764.00,3412.00,432.00,240.00,21416.00,3892.00,-1908.00,4032.00,15400.00,1712.00,15180.00,420.00,19487.00,1876.00,2468.00,3675.00,11468.00,63132.00
2007:Q4,61427.00,760.00,3412.00,432.00,240.00,21412.00,3888.00,-1908.00,4032.00,15400.00,1712.00,15180.00,420.00,17859.00,1880.00,2468.00,2039.00,11472.00,61500.00
2008:Q1,58517.00,-4208.00,-5460.00,-15148.00,-972.00,-45280.00,-7948.00,-10916.00,-23304.00,-3112.00,-7664.00,-70144.00,48504.00,158889.00,3280.00,16708.00,128701.00,10200.00,58532.00
2008:Q2,56653.00,-4208.00,-5460.00,-15148.00,-972.00,-45280.00,-7948.00,-10916.00,-23300.00,-3116.00,-7660.00,-70144.00,48504.00,157021.00,3280.00,16708.00,126837.00,10196.00,56668.00
2008:Q3,56833.00,-4212.00,-5460.00,-15148.00,-968.00,-45280.00,-7948.00,-10912.00,-23304.00,-3116.00,-7660.00,-70144.00,48504.00,157201.00,3276.00,16708.00,127017.00,10200.00,56848.00
2008:Q4,57812.00,-4208.00,-5460.00,-15148.00,-972.00,-45276.00,-7944.00,-10916.00,-23304.00,-3112.00,-7664.00,-70144.00,48504.00,158180.00,3280.00,16712.00,127988.00,10200.00,57824.00
2009:Q1,57844.00,-2628.00,3396.00,364.00,156.00,6056.00,3164.00,12748.00,-6556.00,-3300.00,-1952.00,-41804.00,-384.00,94640.00,-3028.00,-5348.00,76236.00,26780.00,57832.00
2009:Q2,58911.00,-2624.00,3400.00,360.00,156.00,6052.00,3168.00,12744.00,-6556.00,-3304.00,-1952.00,-41804.00,-384.00,95707.00,-3028.00,-5344.00,77299.00,26780.00,58896.00
2009:Q3,58046.00,-2628.00,3396.00,364.00,152.00,6056.00,3168.00,12748.00,-6560.00,-3300.00,-1952.00,-41804.00,-384.00,94846.00,-3028.00,-5344.00,76434.00,26784.00,58028.00
2009:Q4,54635.00,-2624.00,3396.00,360.00,156.00,6060.00,3168.00,12748.00,-6556.00,-3300.00,-1952.00,-41804.00,-384.00,91427.00,-3032.00,-5344.00,73023.00,26780.00,54616.00
2010:Q1,49562.00,2664.00,-220.00,-5148.00,-236.00,70496.00,-988.00,7352.00,2720.00,61412.00,1172.00,-4124.00,-6796.00,-8246.00,-7952.00,13364.00,-22946.00,9288.00,49544.00
2010:Q2,46988.00,2660.00,-220.00,-5148.00,-236.00,70496.00,-988.00,7348.00,2720.00,61416.00,1172.00,-4124.00,-6796.00,-10816.00,-7952.00,13360.00,-25512.00,9288.00,46972.00
2010:Q3,46377.00,2664.00,-220.00,-5148.00,-236.00,70500.00,-988.00,7352.00,2724.00,61412.00,1172.00,-4124.00,-6796.00,-11435.00,-7952.00,13364.00,-26131.00,9284.00,46360.00
2010:Q4,47268.00,2660.00,-220.00,-5152.00,-236.00,70496.00,-988.00,7352.00,2720.00,61412.00,1172.00,-4124.00,-6796.00,-10532.00,-7956.00,13360.00,-25224.00,9288.00,47252.00
2011:Q1,47689.00,1772.00,1208.00,-340.00,36.00,80460.00,1060.00,32932.00,712.00,45756.00,-2428.00,-72680.00,19156.00,20505.00,12696.00,1672.00,-15103.00,21240.00,47668.00
2011:Q2,48743.00,1768.00,1212.00,-340.00,36.00,80460.00,1064.00,32928.00,712.00,45756.00,-2432.00,-72680.00,19156.00,21563.00,12696.00,1672.00,-14045.00,21240.00,48724.00
2011:Q3,47412.00,1772.00,1208.00,-340.00,36.00,80460.00,1060.00,32932.00,712.00,45756.00,-2428.00,-72680.00,19156.00,20228.00,12696.00,1672.00,-15376.00,21236.00,47396.00
2011:Q4,42688.00,1772.00,1208.00,-340.00,36.00,80460.00,1060.00,32932.00,712.00,45756.00,-2428.00,-72680.00,19156.00,15504.00,12696.00,1672.00,-20104.00,21240.00,42672.00
2012:Q1,35347.00,-1044.00,-3336.00,-3988.00,-316.00,83900.00,-3632.00,35972.00,-9104.00,60664.00,-112.00,-10992.00,-37204.00,8439.00,-9980.00,-12384.00,10207.00,20596.00,35388.00
2012:Q2,27142.00,-1040.00,-3332.00,-3988.00,-312.00,83904.00,-3632.00,35972.00,-9104.00,60668.00,-116.00,-10992.00,-37204.00,222.00,-9980.00,-12384.00,1994.00,20592.00,27184.00
2012:Q3,18386.00,-1044.00,-3336.00,-3984.00,-316.00,83904.00,-3636.00,35976.00,-9100.00,60664.00,-112.00,-10992.00,-37204.00,-8530.00,-9980.00,-12384.00,-6762.00,20596.00,18428.00
2012:Q4,9244.00,-1044.00,-3332.00,-3988.00,-312.00,83904.00,-3632.00,35972.00,-9104.00,60668.00,-112.00,-10992.00,-37204.00,-17676.00,-9980.00,-12380.00,-15908.00,20592.00,9284.00
2013:Q1,829.00,280.00,4460.00,5336.00,420.00,74312.00,4864.00,-2664.00,-6168.00,78280.00,-1076.00,-186088.00,-6368.00,109553.00,-3632.00,-4136.00,117685.00,-364.00,804.00
2013:Q2,-6324.00,284.00,4464.00,5336.00,420.00,74308.00,4860.00,-2664.00,-6172.00,78284.00,-1076.00,-186088.00,-6368.00,102396.00,-3632.00,-4132.00,110528.00,-368.00,-6348.00
2013:Q3,-11951.00,280.00,4464.00,5336.00,420.00,74316.00,4864.00,-2664.00,-6168.00,78284.00,-1076.00,-186088.00,-6368.00,96765.00,-3632.00,-4132.00,104893.00,-364.00,-11976.00
2013:Q4,-15723.00,280.00,4460.00,5336.00,420.00,74312.00,4864.00,-2664.00,-6168.00,78280.00,-1076.00,-186088.00,-6368.00,93001.00,-3632.00,-4132.00,101133.00,-368.00,-15748.00
2014:Q1,-17765.00,2148.00,1964.00,2348.00,188.00,14508.00,2136.00,-5048.00,-2840.00,20260.00,104.00,-141532.00,980.00,101527.00,-3016.00,-3884.00,88031.00,20396.00,-17780.00
2014:Q2,-19609.00,2148.00,1964.00,2344.00,184.00,14520.00,2140.00,-5044.00,-2840.00,20264.00,104.00,-141532.00,980.00,99679.00,-3012.00,-3884.00,86179.00,20396.00,-19624.00
2014:Q3,-21289.00,2148.00,1964.00,2348.00,184.00,14516.00,2140.00,-5048.00,-2836.00,20260.00,104.00,-141532.00,980.00,97999.00,-3016.00,-3880.00,84499.00,20396.00,-21304.00
2014:Q4,-23092.00,2148.00,1964.00,2348.00,184.00,14508.00,2136.00,-5048.00,-2840.00,20260.00,104.00,-141532.00,980.00,96204.00,-3016.00,-3884.00,82708.00,20396.00,-23108.00
2015:Q1,-25189.00,804.00,500.00,-140.00,-300.00,23308.00,1216.00,6332.00,-2940.00,18700.00,-1196.00,-108520.00,-11088.00,71443.00,-2704.00,-5336.00,69431.00,10052.00,-25200.00
2015:Q2,-29455.00,704.00,788.00,-548.00,-216.00,19416.00,860.00,4500.00,-3424.00,17480.00,-3016.00,-110272.00,-8768.00,72457.00,-6388.00,-3984.00,70041.00,12788.00,-29468.00
2015:Q3,-35819.00,804.00,420.00,-236.00,-296.00,21060.00,1148.00,5972.00,-3724.00,17664.00,-2200.00,-114052.00,-7652.00,66333.00,-6956.00,-5156.00,68921.00,9524.00,-35832.00
2015:Q4,-44417.00,824.00,432.00,-232.00,-180.00,22344.00,1168.00,6092.00,-2940.00,18024.00,-1616.00,-115304.00,-10628.00,59943.00,-5532.00,-3444.00,59203.00,9716.00,-44432.00
2016:Q1,-44418.00,688.00,684.00,-280.00,-308.00,23960.00,76.00,5340.00,-3524.00,22068.00,-1656.00,-108528.00,-10240.00,51262.00,-9892.00,-8248.00,57506.00,11896.00,-44432.00
2016:Q2,-44417.00,588.00,388.00,-620.00,-324.00,19452.00,-252.00,5788.00,-3264.00,17180.00,-1712.00,-107772.00,-8040.00,53623.00,-10308.00,-8148.00,57135.00,14944.00,-44432.00
