date,FU666000105.Q,FU665013005.Q,FU664090005.Q,FU663020003.Q,FU662051003.Q,FU664022005.Q,FU663069103.Q,FU663061105.Q,FU663061703.Q,FU663062003.Q,FU663063005.Q,FU663069005.Q,FU663064103.Q,FU663092003.Q,FU663090005.Q,FU664190005.Q,FU662151003.Q,FU663163003.Q,FU664123005.Q,FU663168005.Q,FU153067005.Q,FU663164103.Q,FU663170003.Q,FU663178003.Q,FU663192003.Q,FU663190005.Q,FU663194005.Q,FU663193005.Q,FU662090205.Q,FU667005005.Q
1945:Q4,ND,ND,ND,ND,ND,ND,ND,ND,ND,ND,ND,ND,ND,ND,ND,ND,ND,ND,ND,ND,ND,ND,ND,ND,ND,ND,ND,ND,ND,ND
1946:Q1,ND,ND,ND,ND,ND,ND,ND,ND,ND,ND,ND,ND,ND,ND,ND,ND,ND,ND,ND,ND,ND,ND,ND,ND,ND,ND,ND,ND,ND,ND
1946:Q2,ND,ND,ND,ND,ND,ND,ND,ND,ND,ND,ND,ND,ND,ND,ND,ND,ND,ND,ND,ND,ND,ND,ND,ND,ND,ND,ND,ND,ND,ND
1946:Q3,ND,ND,ND,ND,ND,ND,ND,ND,ND,ND,ND,ND,ND,ND,ND,ND,ND,ND,ND,ND,ND,ND,ND,ND,ND,ND,ND,ND,ND,ND
1946:Q4,31.00,30.00,-1600.00,229.00,0.00,-1067.00,0.00,-964.00,0.00,0.00,-103.00,-658.00,-104.00,4.00,-4.00,-1597.00,0.00,0.00,-1610.00,-1649.00,39.00,0.00,15.00,3.00,3.00,-8.00,0.00,-8.00,0.00,4.00
1947:Q1,ND,ND,ND,ND,ND,ND,ND,ND,ND,ND,ND,ND,ND,ND,ND,ND,ND,ND,ND,ND,ND,ND,ND,ND,ND,ND,ND,ND,ND,ND
1947:Q2,ND,ND,ND,ND,ND,ND,ND,ND,ND,ND,ND,ND,ND,ND,ND,ND,ND,ND,ND,ND,ND,ND,ND,ND,ND,ND,ND,ND,ND,ND
1947:Q3,ND,ND,ND,ND,ND,ND,ND,ND,ND,ND,ND,ND,ND,ND,ND,ND,ND,ND,ND,ND,ND,ND,ND,ND,ND,ND,ND,ND,ND,ND
1947:Q4,30.00,38.00,-792.00,-101.00,0.00,-743.00,0.00,-655.00,0.00,-97.00,9.00,42.00,10.00,6.00,-6.00,-788.00,0.00,0.00,-784.00,-711.00,-73.00,0.00,15.00,-7.00,3.00,-15.00,0.00,-15.00,0.00,-4.00
1948:Q1,ND,ND,ND,ND,ND,ND,ND,ND,ND,ND,ND,ND,ND,ND,ND,ND,ND,ND,ND,ND,ND,ND,ND,ND,ND,ND,ND,ND,ND,ND
1948:Q2,ND,ND,ND,ND,ND,ND,ND,ND,ND,ND,ND,ND,ND,ND,ND,ND,ND,ND,ND,ND,ND,ND,ND,ND,ND,ND,ND,ND,ND,ND
1948:Q3,ND,ND,ND,ND,ND,ND,ND,ND,ND,ND,ND,ND,ND,ND,ND,ND,ND,ND,ND,ND,ND,ND,ND,ND,ND,ND,ND,ND,ND,ND
1948:Q4,36.00,39.00,485.00,-71.00,0.00,584.00,0.00,558.00,0.00,24.00,2.00,-31.00,3.00,8.00,-8.00,483.00,0.00,0.00,486.00,492.00,-6.00,0.00,10.00,-1.00,-2.00,-10.00,0.00,-10.00,0.00,-5.00
1949:Q1,ND,ND,ND,ND,ND,ND,ND,ND,ND,ND,ND,ND,ND,ND,ND,ND,ND,ND,ND,ND,ND,ND,ND,ND,ND,ND,ND,ND,ND,ND
1949:Q2,ND,ND,ND,ND,ND,ND,ND,ND,ND,ND,ND,ND,ND,ND,ND,ND,ND,ND,ND,ND,ND,ND,ND,ND,ND,ND,ND,ND,ND,ND
1949:Q3,ND,ND,ND,ND,ND,ND,ND,ND,ND,ND,ND,ND,ND,ND,ND,ND,ND,ND,ND,ND,ND,ND,ND,ND,ND,ND,ND,ND,ND,ND
1949:Q4,53.00,51.00,535.00,-68.00,0.00,53.00,0.00,-117.00,0.00,-15.00,185.00,364.00,186.00,8.00,-8.00,527.00,0.00,0.00,520.00,472.00,48.00,0.00,15.00,3.00,4.00,-15.00,0.00,-15.00,0.00,-6.00
1950:Q1,ND,ND,ND,ND,ND,ND,ND,ND,ND,ND,ND,ND,ND,ND,ND,ND,ND,ND,ND,ND,ND,ND,ND,ND,ND,ND,ND,ND,ND,ND
1950:Q2,ND,ND,ND,ND,ND,ND,ND,ND,ND,ND,ND,ND,ND,ND,ND,ND,ND,ND,ND,ND,ND,ND,ND,ND,ND,ND,ND,ND,ND,ND
1950:Q3,ND,ND,ND,ND,ND,ND,ND,ND,ND,ND,ND,ND,ND,ND,ND,ND,ND,ND,ND,ND,ND,ND,ND,ND,ND,ND,ND,ND,ND,ND
1950:Q4,58.00,62.00,389.00,145.00,0.00,-139.00,0.00,-117.00,0.00,118.00,-140.00,523.00,-140.00,10.00,-10.00,368.00,0.00,0.00,372.00,103.00,269.00,0.00,15.00,4.00,-8.00,-15.00,0.00,-15.00,0.00,-25.00
1951:Q1,ND,ND,ND,ND,ND,ND,ND,ND,ND,ND,ND,ND,ND,ND,ND,ND,ND,ND,ND,ND,ND,ND,ND,ND,ND,ND,ND,ND,ND,ND
1951:Q2,ND,ND,ND,ND,ND,ND,ND,ND,ND,ND,ND,ND,ND,ND,ND,ND,ND,ND,ND,ND,ND,ND,ND,ND,ND,ND,ND,ND,ND,ND
1951:Q3,ND,ND,ND,ND,ND,ND,ND,ND,ND,ND,ND,ND,ND,ND,ND,ND,ND,ND,ND,ND,ND,ND,ND,ND,ND,ND,ND,ND,ND,ND
1951:Q4,51.00,48.00,-279.00,-30.00,0.00,-219.00,0.00,-273.00,0.00,14.00,40.00,-71.00,41.00,12.00,-12.00,-283.00,0.00,0.00,-279.00,-201.00,-78.00,0.00,10.00,-2.00,-2.00,-10.00,0.00,-10.00,0.00,-1.00
1952:Q1,13.00,11.00,-420.00,-8.00,0.00,-310.00,0.00,-122.00,0.00,-84.00,-104.00,1.00,-109.00,3.00,3.00,-419.00,0.00,0.00,-425.00,-280.00,-145.00,0.00,10.00,4.00,2.00,-10.00,0.00,-10.00,0.00,3.00
1952:Q2,13.00,11.00,840.00,-11.00,0.00,825.00,0.00,930.00,0.00,-100.00,-5.00,32.00,-22.00,3.00,13.00,840.00,0.00,0.00,836.00,889.00,-53.00,0.00,0.00,2.00,2.00,0.00,0.00,0.00,0.00,2.00
1952:Q3,13.00,10.00,-662.00,-15.00,0.00,-865.00,0.00,-941.00,0.00,-130.00,206.00,11.00,216.00,4.00,-13.00,-661.00,0.00,0.00,-664.00,-646.00,-18.00,0.00,40.00,1.00,2.00,-40.00,0.00,-40.00,0.00,5.00
1952:Q4,14.00,11.00,631.00,-22.00,0.00,652.00,0.00,529.00,0.00,158.00,-35.00,37.00,-88.00,4.00,48.00,634.00,0.00,0.00,628.00,591.00,37.00,0.00,10.00,3.00,3.00,-10.00,0.00,-10.00,0.00,6.00
1953:Q1,13.00,14.00,-420.00,-19.00,0.00,-572.00,0.00,-501.00,0.00,-78.00,7.00,163.00,36.00,4.00,-32.00,-419.00,0.00,0.00,-416.00,-439.00,23.00,0.00,10.00,-6.00,3.00,-10.00,0.00,-10.00,0.00,0.00
1953:Q2,17.00,14.00,96.00,-20.00,0.00,-93.00,0.00,-63.00,0.00,-50.00,20.00,189.00,47.00,4.00,-31.00,98.00,0.00,0.00,97.00,195.00,-98.00,0.00,10.00,-4.00,5.00,-10.00,0.00,-10.00,0.00,5.00
1953:Q3,17.00,15.00,275.00,-18.00,0.00,319.00,0.00,281.00,0.00,0.00,38.00,-65.00,60.00,4.00,-25.00,275.00,0.00,0.00,270.00,246.00,24.00,0.00,10.00,1.00,4.00,-10.00,0.00,-10.00,0.00,3.00
1953:Q4,17.00,14.00,451.00,-17.00,0.00,468.00,0.00,214.00,0.00,330.00,-76.00,77.00,-112.00,4.00,31.00,452.00,0.00,0.00,438.00,393.00,45.00,0.00,0.00,10.00,4.00,0.00,0.00,0.00,0.00,3.00
1954:Q1,20.00,14.00,-429.00,1.00,0.00,-389.00,0.00,-197.00,0.00,-130.00,-62.00,22.00,-117.00,5.00,49.00,-430.00,0.00,0.00,-427.00,-505.00,78.00,0.00,10.00,-8.00,5.00,-10.00,0.00,-10.00,0.00,5.00
1954:Q2,24.00,14.00,785.00,16.00,0.00,519.00,0.00,426.00,0.00,0.00,93.00,157.00,45.00,5.00,43.00,779.00,0.00,0.00,766.00,719.00,47.00,0.00,0.00,9.00,4.00,0.00,0.00,0.00,0.00,4.00
1954:Q3,27.00,14.00,245.00,29.00,0.00,-112.00,0.00,-195.00,0.00,0.00,83.00,245.00,16.00,5.00,62.00,236.00,0.00,0.00,225.00,139.00,86.00,0.00,10.00,7.00,4.00,-10.00,0.00,-10.00,0.00,4.00
1954:Q4,23.00,14.00,443.00,36.00,0.00,9.00,0.00,-8.00,0.00,0.00,17.00,382.00,-52.00,5.00,63.00,438.00,0.00,0.00,441.00,340.00,101.00,0.00,0.00,-7.00,4.00,0.00,0.00,0.00,0.00,4.00
1955:Q1,17.00,15.00,-305.00,22.00,0.00,-485.00,0.00,-344.00,0.00,0.00,-141.00,299.00,-164.00,6.00,17.00,-304.00,0.00,0.00,-305.00,-308.00,3.00,0.00,0.00,-3.00,4.00,0.00,0.00,0.00,0.00,2.00
1955:Q2,18.00,17.00,222.00,2.00,0.00,32.00,0.00,-94.00,0.00,0.00,126.00,62.00,60.00,6.00,60.00,223.00,0.00,0.00,222.00,332.00,-110.00,0.00,0.00,-4.00,5.00,0.00,0.00,0.00,0.00,3.00
1955:Q3,18.00,18.00,-137.00,-17.00,0.00,-115.00,0.00,-10.00,0.00,0.00,-105.00,100.00,-153.00,6.00,42.00,-136.00,0.00,0.00,-146.00,-218.00,72.00,0.00,0.00,5.00,5.00,0.00,0.00,0.00,0.00,2.00
1955:Q4,19.00,19.00,535.00,-34.00,0.00,320.00,0.00,46.00,0.00,0.00,274.00,-25.00,252.00,6.00,16.00,536.00,0.00,0.00,525.00,611.00,-86.00,0.00,10.00,6.00,5.00,-10.00,0.00,-10.00,0.00,1.00
1956:Q1,19.00,13.00,-470.00,-22.00,0.00,-296.00,0.00,-153.00,0.00,0.00,-143.00,-9.00,-206.00,7.00,56.00,-469.00,0.00,0.00,-465.00,-538.00,73.00,0.00,10.00,-9.00,5.00,-10.00,0.00,-10.00,0.00,7.00
1956:Q2,19.00,13.00,-66.00,-6.00,0.00,-76.00,0.00,11.00,0.00,-100.00,13.00,3.00,38.00,7.00,-32.00,-67.00,0.00,0.00,-66.00,71.00,-137.00,0.00,10.00,-4.00,3.00,-10.00,0.00,-10.00,0.00,5.00
1956:Q3,21.00,14.00,-281.00,11.00,0.00,-198.00,0.00,-8.00,0.00,-100.00,-90.00,-5.00,-71.00,7.00,-25.00,-283.00,0.00,0.00,-290.00,-322.00,32.00,0.00,0.00,4.00,3.00,0.00,0.00,0.00,0.00,5.00
1956:Q4,20.00,14.00,238.00,25.00,0.00,148.00,0.00,129.00,0.00,0.00,19.00,45.00,10.00,7.00,3.00,237.00,0.00,0.00,233.00,218.00,15.00,0.00,0.00,1.00,3.00,0.00,0.00,0.00,0.00,6.00
1957:Q1,19.00,14.00,-666.00,21.00,0.00,-395.00,0.00,-130.00,0.00,-100.00,-165.00,-127.00,-128.00,8.00,-45.00,-667.00,0.00,0.00,-670.00,-603.00,-67.00,0.00,10.00,1.00,2.00,-10.00,0.00,-10.00,0.00,4.00
1957:Q2,19.00,14.00,308.00,9.00,0.00,89.00,0.00,-26.00,0.00,100.00,15.00,195.00,-21.00,8.00,28.00,306.00,0.00,0.00,308.00,309.00,-1.00,0.00,0.00,-3.00,1.00,0.00,0.00,0.00,0.00,3.00
1957:Q3,16.00,15.00,77.00,-4.00,0.00,160.00,0.00,136.00,0.00,0.00,24.00,-104.00,74.00,8.00,-57.00,76.00,0.00,0.00,72.00,53.00,19.00,0.00,0.00,3.00,1.00,0.00,0.00,0.00,0.00,1.00
1957:Q4,17.00,15.00,427.00,-17.00,0.00,535.00,0.00,226.00,0.00,100.00,209.00,-301.00,245.00,9.00,-44.00,426.00,0.00,0.00,419.00,358.00,61.00,0.00,10.00,6.00,1.00,-10.00,0.00,-10.00,0.00,1.00
1958:Q1,21.00,14.00,-38.00,-10.00,0.00,-134.00,0.00,-117.00,0.00,125.00,-142.00,249.00,-173.00,7.00,23.00,-41.00,0.00,0.00,-38.00,-95.00,57.00,0.00,0.00,-3.00,0.00,0.00,0.00,0.00,0.00,5.00
1958:Q2,24.00,13.00,1292.00,0.00,0.00,720.00,0.00,535.00,0.00,45.00,140.00,432.00,87.00,8.00,45.00,1286.00,0.00,0.00,1284.00,1190.00,94.00,0.00,0.00,2.00,0.00,0.00,0.00,0.00,0.00,5.00
1958:Q3,26.00,13.00,-1428.00,12.00,0.00,-1165.00,0.00,-668.00,0.00,-155.00,-342.00,68.00,-423.00,8.00,72.00,-1435.00,0.00,0.00,-1441.00,-1512.00,71.00,0.00,10.00,6.00,0.00,-10.00,0.00,-10.00,0.00,6.00
1958:Q4,27.00,14.00,768.00,22.00,0.00,467.00,0.00,405.00,0.00,0.00,62.00,216.00,21.00,8.00,34.00,757.00,0.00,0.00,756.00,716.00,40.00,0.00,0.00,3.00,-2.00,0.00,0.00,0.00,0.00,3.00
1959:Q1,23.00,15.00,-645.00,19.00,0.00,-417.00,0.00,-196.00,0.00,60.00,-281.00,34.00,-287.00,9.00,-3.00,-652.00,0.00,0.00,-659.00,-775.00,116.00,0.00,10.00,5.00,3.00,-11.00,0.00,-11.00,0.00,1.00
1959:Q2,25.00,16.00,54.00,12.00,0.00,-106.00,0.00,-133.00,0.00,-25.00,52.00,97.00,40.00,9.00,2.00,46.00,0.00,0.00,48.00,202.00,-154.00,0.00,0.00,-3.00,2.00,-1.00,0.00,-1.00,0.00,1.00
1959:Q3,27.00,16.00,118.00,3.00,0.00,163.00,0.00,126.00,0.00,-70.00,107.00,-154.00,114.00,9.00,-17.00,108.00,0.00,0.00,95.00,182.00,-87.00,0.00,10.00,11.00,2.00,-10.00,0.00,-10.00,0.00,1.00
1959:Q4,27.00,16.00,573.00,-5.00,0.00,350.00,0.00,27.00,0.00,122.00,201.00,26.00,187.00,9.00,6.00,562.00,0.00,0.00,555.00,1944.00,-1389.00,0.00,0.00,4.00,1.00,2.00,0.00,2.00,0.00,0.00
1960:Q1,23.00,18.00,-1209.00,-1.00,0.00,-595.00,0.00,-270.00,0.00,-26.00,-299.00,-313.00,-263.00,10.00,-47.00,-1210.00,0.00,0.00,-1204.00,-841.00,-363.00,0.00,10.00,-14.00,8.00,-10.00,0.00,-10.00,0.00,5.00
1960:Q2,22.00,18.00,341.00,2.00,0.00,259.00,0.00,46.00,0.00,181.00,32.00,47.00,27.00,10.00,-4.00,340.00,0.00,0.00,335.00,511.00,-176.00,0.00,0.00,-3.00,8.00,0.00,0.00,0.00,0.00,3.00
1960:Q3,20.00,18.00,737.00,9.00,0.00,509.00,0.00,376.00,0.00,-7.00,140.00,78.00,163.00,10.00,-32.00,737.00,0.00,0.00,722.00,365.00,357.00,0.00,0.00,6.00,8.00,1.00,0.00,1.00,0.00,2.00
1960:Q4,22.00,18.00,660.00,14.00,0.00,486.00,0.00,441.00,0.00,-50.00,95.00,64.00,55.00,11.00,30.00,657.00,0.00,0.00,642.00,54.00,588.00,0.00,0.00,9.00,7.00,-1.00,0.00,-1.00,0.00,2.00
1961:Q1,25.00,19.00,-818.00,18.00,0.00,-684.00,0.00,-478.00,0.00,43.00,-249.00,373.00,-588.00,11.00,52.00,-829.00,0.00,0.00,-850.00,-195.00,-655.00,0.00,10.00,19.00,3.00,-11.00,0.00,-11.00,0.00,-5.00
1961:Q2,27.00,19.00,795.00,18.00,0.00,176.00,0.00,-26.00,0.00,61.00,141.00,460.00,141.00,12.00,-12.00,781.00,0.00,0.00,787.00,97.00,690.00,0.00,0.00,-6.00,2.00,-2.00,0.00,-2.00,0.00,-6.00
1961:Q3,28.00,19.00,42.00,16.00,0.00,142.00,0.00,246.00,0.00,-31.00,-73.00,-41.00,-79.00,12.00,-8.00,27.00,0.00,0.00,14.00,699.00,-685.00,0.00,0.00,10.00,2.00,1.00,0.00,1.00,0.00,-7.00
1961:Q4,22.00,20.00,929.00,12.00,0.00,518.00,0.00,542.00,0.00,-140.00,116.00,282.00,111.00,12.00,-6.00,919.00,0.00,0.00,923.00,1061.00,-138.00,0.00,0.00,-8.00,2.00,2.00,0.00,2.00,0.00,-8.00
1962:Q1,17.00,22.00,-708.00,2.00,0.00,-191.00,0.00,-163.00,0.00,146.00,-174.00,-344.00,-170.00,13.00,-18.00,-708.00,0.00,0.00,-716.00,-356.00,-360.00,0.00,10.00,3.00,5.00,-10.00,0.00,-10.00,0.00,-5.00
1962:Q2,15.00,23.00,-191.00,-7.00,0.00,116.00,0.00,-20.00,0.00,59.00,77.00,-378.00,83.00,13.00,-18.00,-188.00,0.00,0.00,-165.00,-815.00,650.00,0.00,0.00,-28.00,4.00,1.00,0.00,1.00,0.00,-5.00
1962:Q3,14.00,23.00,470.00,-15.00,0.00,46.00,0.00,24.00,0.00,-113.00,135.00,304.00,130.00,14.00,-9.00,473.00,0.00,0.00,476.00,364.00,112.00,0.00,10.00,-5.00,3.00,-11.00,0.00,-11.00,0.00,-6.00
1962:Q4,18.00,23.00,1212.00,-20.00,0.00,950.00,0.00,830.00,0.00,98.00,22.00,259.00,-3.00,14.00,12.00,1213.00,0.00,0.00,1215.00,1741.00,-526.00,0.00,0.00,-5.00,3.00,0.00,0.00,0.00,0.00,-4.00
1963:Q1,21.00,25.00,-1182.00,4.00,0.00,-1041.00,0.00,-928.00,0.00,113.00,-226.00,81.00,-240.00,15.00,-1.00,-1187.00,0.00,0.00,-1197.00,-597.00,-600.00,0.00,5.00,12.00,-1.00,-6.00,0.00,-6.00,0.00,-10.00
1963:Q2,23.00,26.00,957.00,3.00,0.00,49.00,0.00,-85.00,0.00,7.00,127.00,778.00,127.00,15.00,-15.00,949.00,0.00,0.00,949.00,393.00,556.00,0.00,0.00,0.00,-1.00,1.00,0.00,1.00,0.00,-12.00
1963:Q3,27.00,28.00,664.00,16.00,0.00,230.00,0.00,431.00,0.00,-149.00,-52.00,470.00,-58.00,16.00,-10.00,652.00,0.00,0.00,642.00,728.00,-86.00,0.00,5.00,12.00,-2.00,-5.00,0.00,-5.00,0.00,-13.00
1963:Q4,30.00,29.00,297.00,1.00,0.00,-281.00,0.00,-676.00,0.00,20.00,375.00,202.00,372.00,16.00,-13.00,282.00,0.00,0.00,279.00,431.00,-152.00,0.00,0.00,5.00,-2.00,0.00,0.00,0.00,0.00,-14.00
1964:Q1,30.00,35.00,-887.00,22.00,0.00,-442.00,0.00,-149.00,0.00,6.00,-299.00,-169.00,-325.00,17.00,10.00,-898.00,0.00,0.00,-899.00,-1892.00,993.00,0.00,10.00,-1.00,2.00,-10.00,0.00,-10.00,0.00,-16.00
1964:Q2,30.00,36.00,1023.00,-5.00,0.00,778.00,0.00,452.00,0.00,76.00,250.00,1.00,243.00,17.00,-11.00,1012.00,0.00,0.00,1015.00,2239.00,-1224.00,0.00,0.00,-6.00,2.00,1.00,0.00,1.00,0.00,-17.00
1964:Q3,31.00,37.00,-146.00,-5.00,0.00,307.00,0.00,514.00,0.00,77.00,-284.00,-163.00,-298.00,18.00,-5.00,-157.00,0.00,0.00,-168.00,-972.00,804.00,0.00,10.00,8.00,2.00,-9.00,0.00,-9.00,0.00,-18.00
1964:Q4,32.00,38.00,705.00,-3.00,0.00,110.00,0.00,-161.00,0.00,20.00,251.00,-154.00,752.00,19.00,-19.00,692.00,0.00,0.00,190.00,940.00,-750.00,0.00,0.00,2.00,2.00,498.00,0.00,498.00,0.00,-19.00
1965:Q1,34.00,45.00,-811.00,6.00,0.00,-570.00,0.00,-419.00,0.00,57.00,-208.00,-38.00,-219.00,19.00,-9.00,-837.00,0.00,0.00,-835.00,-902.00,67.00,0.00,10.00,7.00,-9.00,-10.00,0.00,-10.00,0.00,-37.00
1965:Q2,37.00,47.00,1448.00,11.00,0.00,1028.00,0.00,555.00,0.00,85.00,388.00,20.00,417.00,20.00,-48.00,1418.00,0.00,0.00,1431.00,1353.00,78.00,0.00,0.00,-3.00,-9.00,-1.00,0.00,-1.00,0.00,-40.00
1965:Q3,42.00,49.00,-1988.00,11.00,0.00,-1411.00,0.00,-915.00,0.00,-81.00,-415.00,-172.00,-505.00,21.00,68.00,-2023.00,0.00,0.00,-2032.00,-2162.00,130.00,0.00,10.00,18.00,-10.00,-9.00,0.00,-9.00,0.00,-42.00
1965:Q4,50.00,52.00,1838.00,2.00,0.00,728.00,0.00,487.00,0.00,-301.00,542.00,566.00,524.00,21.00,-3.00,1797.00,0.00,0.00,1796.00,1558.00,238.00,0.00,0.00,11.00,-10.00,0.00,0.00,0.00,0.00,-44.00
1966:Q1,48.00,43.00,-1226.00,19.00,0.00,-844.00,0.00,-173.00,0.00,-120.00,-551.00,151.00,-522.00,22.00,-52.00,-1243.00,0.00,0.00,-1258.00,-924.00,-334.00,0.00,10.00,8.00,8.00,-11.00,0.00,-11.00,0.00,-12.00
1966:Q2,50.00,44.00,1384.00,16.00,0.00,698.00,0.00,-91.00,0.00,285.00,504.00,166.00,534.00,23.00,-53.00,1368.00,0.00,0.00,1376.00,1037.00,339.00,0.00,10.00,-17.00,7.00,-8.00,0.00,-8.00,0.00,-11.00
1966:Q3,51.00,46.00,-1577.00,18.00,0.00,-708.00,0.00,75.00,0.00,-294.00,-489.00,-398.00,-373.00,24.00,-140.00,-1593.00,0.00,0.00,-1608.00,-1860.00,252.00,0.00,10.00,8.00,7.00,-10.00,0.00,-10.00,0.00,-10.00
1966:Q4,54.00,47.00,2356.00,20.00,0.00,1640.00,0.00,849.00,0.00,141.00,650.00,45.00,616.00,24.00,11.00,2338.00,0.00,0.00,2329.00,2341.00,-12.00,0.00,10.00,3.00,7.00,-11.00,0.00,-11.00,0.00,-12.00
1967:Q1,53.00,52.00,163.00,62.00,0.00,144.00,0.00,398.00,0.00,318.00,-572.00,529.00,-747.00,8.00,167.00,131.00,0.00,0.00,91.00,-736.00,827.00,0.00,10.00,38.00,-3.00,-5.00,0.00,-5.00,0.00,-31.00
1967:Q2,72.00,52.00,67.00,66.00,0.00,-1039.00,0.00,-1430.00,0.00,-145.00,536.00,504.00,525.00,9.00,2.00,10.00,0.00,0.00,38.00,-499.00,537.00,0.00,10.00,-24.00,-4.00,-10.00,0.00,-10.00,0.00,-37.00
1967:Q3,83.00,52.00,1455.00,38.00,0.00,292.00,0.00,275.00,0.00,-169.00,186.00,939.00,103.00,8.00,75.00,1382.00,0.00,0.00,1352.00,1075.00,277.00,0.00,10.00,36.00,-4.00,-12.00,0.00,-12.00,0.00,-42.00
1967:Q4,82.00,54.00,1760.00,40.00,0.00,256.00,0.00,-2.00,0.00,37.00,221.00,1242.00,230.00,9.00,-17.00,1687.00,0.00,0.00,1688.00,1105.00,583.00,0.00,10.00,6.00,-4.00,-13.00,0.00,-13.00,0.00,-45.00
1968:Q1,79.00,73.00,-1129.00,134.00,0.00,-379.00,0.00,-15.00,0.00,-52.00,-312.00,-571.00,-189.00,9.00,-133.00,-1180.00,0.00,0.00,-1226.00,-636.00,-590.00,0.00,10.00,50.00,2.00,-16.00,0.00,-16.00,0.00,-45.00
1968:Q2,101.00,73.00,1510.00,150.00,0.00,-204.00,0.00,-63.00,0.00,215.00,-356.00,1921.00,-544.00,8.00,179.00,1439.00,0.00,0.00,1443.00,-710.00,2153.00,0.00,20.00,-7.00,2.00,-19.00,0.00,-19.00,0.00,-43.00
1968:Q3,99.00,75.00,2549.00,124.00,0.00,1906.00,0.00,1638.00,0.00,-6.00,274.00,245.00,245.00,9.00,20.00,2477.00,0.00,0.00,2441.00,1010.00,1431.00,0.00,20.00,31.00,1.00,-16.00,0.00,-16.00,0.00,-48.00
1968:Q4,93.00,79.00,852.00,67.00,0.00,-677.00,0.00,-777.00,0.00,-115.00,215.00,1246.00,195.00,9.00,12.00,773.00,0.00,0.00,796.00,1071.00,-275.00,0.00,10.00,-26.00,1.00,-8.00,0.00,-8.00,0.00,-65.00
1969:Q1,86.00,88.00,-3898.00,22.00,0.00,-1711.00,0.00,-1033.00,0.00,-203.00,-475.00,-1734.00,-413.00,10.00,-72.00,-3948.00,0.00,0.00,-3966.00,-571.00,-3395.00,0.00,10.00,10.00,4.00,-6.00,0.00,-6.00,0.00,-53.00
1969:Q2,57.00,92.00,1232.00,-17.00,0.00,1028.00,0.00,387.00,0.00,-9.00,650.00,-430.00,686.00,9.00,-44.00,1214.00,0.00,0.00,1276.00,-512.00,1788.00,0.00,20.00,-65.00,4.00,-21.00,0.00,-21.00,0.00,-53.00
1969:Q3,4.00,97.00,-2957.00,-43.00,0.00,-764.00,0.00,-254.00,0.00,14.00,-524.00,-1625.00,-434.00,9.00,-100.00,-2923.00,0.00,0.00,-2946.00,112.00,-3058.00,0.00,20.00,19.00,3.00,-19.00,0.00,-19.00,0.00,-59.00
1969:Q4,-38.00,100.00,2512.00,-41.00,0.00,1583.00,0.00,862.00,0.00,11.00,710.00,260.00,716.00,10.00,-16.00,2593.00,0.00,0.00,2610.00,172.00,2438.00,0.00,20.00,-16.00,3.00,-24.00,0.00,-24.00,0.00,-57.00
1970:Q1,-48.00,117.00,-2331.00,-64.00,0.00,-234.00,0.00,427.00,0.00,196.00,-857.00,-1178.00,-798.00,9.00,-66.00,-2268.00,0.00,0.00,-2241.00,-1072.00,-1169.00,0.00,10.00,-28.00,0.00,-9.00,0.00,-9.00,0.00,-102.00
1970:Q2,-24.00,120.00,-1330.00,-97.00,0.00,-1085.00,0.00,-1535.00,0.00,-167.00,617.00,-766.00,825.00,10.00,-217.00,-1289.00,0.00,0.00,-1276.00,-1148.00,-128.00,0.00,10.00,-11.00,-2.00,-10.00,0.00,-10.00,0.00,-103.00
1970:Q3,-9.00,121.00,1557.00,-94.00,0.00,1499.00,0.00,1387.00,0.00,222.00,-110.00,263.00,-377.00,10.00,256.00,1580.00,0.00,0.00,1556.00,1148.00,408.00,0.00,0.00,27.00,-2.00,-1.00,0.00,-1.00,0.00,-106.00
1970:Q4,10.00,117.00,2948.00,-58.00,0.00,2153.00,0.00,1391.00,0.00,303.00,459.00,393.00,333.00,9.00,118.00,2954.00,0.00,0.00,2941.00,1139.00,1802.00,0.00,10.00,15.00,-2.00,-10.00,0.00,-10.00,0.00,-101.00
1971:Q1,32.00,133.00,-1385.00,-33.00,0.00,-1483.00,0.00,-1474.00,0.00,-25.00,16.00,114.00,-184.00,10.00,191.00,-1409.00,0.00,0.00,-1425.00,-339.00,-1086.00,0.00,10.00,10.00,8.00,-12.00,0.00,-12.00,0.00,-126.00
1971:Q2,64.00,138.00,-529.00,19.00,0.00,-1126.00,0.00,-447.00,0.00,-401.00,-278.00,857.00,-239.00,11.00,-51.00,-587.00,0.00,0.00,-552.00,-353.00,-199.00,0.00,10.00,-40.00,7.00,-12.00,0.00,-12.00,0.00,-132.00
1971:Q3,73.00,141.00,159.00,28.00,0.00,185.00,0.00,407.00,0.00,457.00,-679.00,626.00,-696.00,10.00,6.00,97.00,0.00,0.00,81.00,853.00,-772.00,0.00,20.00,10.00,7.00,-21.00,0.00,-21.00,0.00,-130.00
1971:Q4,64.00,147.00,3119.00,10.00,0.00,1063.00,0.00,-85.00,0.00,82.00,1066.00,979.00,1037.00,10.00,20.00,3064.00,0.00,0.00,3042.00,952.00,2090.00,0.00,20.00,10.00,7.00,-15.00,0.00,-15.00,0.00,-138.00
1972:Q1,117.00,150.00,-301.00,4.00,0.00,-1326.00,250.00,-402.00,0.00,-314.00,-860.00,1882.00,-988.00,11.00,116.00,-393.00,0.00,0.00,-653.00,848.00,-1501.00,65.00,20.00,10.00,5.00,160.00,0.00,160.00,0.00,-125.00
1972:Q2,89.00,154.00,1319.00,5.00,0.00,-13.00,250.00,-290.00,0.00,53.00,-26.00,1354.00,-20.00,10.00,-17.00,1251.00,0.00,0.00,1025.00,795.00,230.00,65.00,20.00,-27.00,3.00,165.00,0.00,165.00,0.00,-132.00
1972:Q3,25.00,158.00,133.00,-2.00,0.00,266.00,250.00,663.00,0.00,-123.00,-524.00,394.00,-538.00,11.00,2.00,174.00,0.00,0.00,-109.00,1605.00,-1714.00,55.00,20.00,28.00,3.00,177.00,0.00,177.00,0.00,-92.00
1972:Q4,38.00,165.00,4174.00,-23.00,0.00,2389.00,250.00,242.00,0.00,268.00,1629.00,91.00,1671.00,11.00,35.00,4209.00,0.00,0.00,3853.00,1843.00,2010.00,65.00,20.00,14.00,2.00,255.00,0.00,255.00,0.00,-92.00
1973:Q1,99.00,180.00,-4487.00,-41.00,0.00,-2038.00,250.00,-647.00,0.00,-317.00,-1324.00,-1084.00,-1155.00,11.00,-180.00,-4487.00,0.00,0.00,-4683.00,-2283.00,-2400.00,65.00,10.00,15.00,1.00,-79.00,1000.00,-1079.00,184.00,-82.00
1973:Q2,114.00,190.00,-693.00,-65.00,0.00,667.00,250.00,65.00,0.00,92.00,260.00,-1556.00,353.00,11.00,-103.00,-727.00,0.00,0.00,-843.00,-1950.00,1107.00,65.00,10.00,-36.00,-17.00,-74.00,250.00,-324.00,168.00,-110.00
1973:Q3,143.00,197.00,-853.00,-68.00,0.00,310.00,250.00,459.00,0.00,31.00,-430.00,-664.00,-528.00,11.00,86.00,-879.00,0.00,0.00,-1071.00,-303.00,-768.00,65.00,10.00,12.00,-7.00,-54.00,1750.00,-1804.00,166.00,-80.00
1973:Q4,167.00,203.00,3392.00,-53.00,0.00,2629.00,250.00,119.00,0.00,412.00,1848.00,-1032.00,1966.00,11.00,-129.00,3372.00,0.00,0.00,3170.00,245.00,2925.00,55.00,10.00,-3.00,-14.00,-35.00,250.00,-285.00,189.00,-56.00
1974:Q1,110.00,194.00,-3835.00,-36.00,0.00,-2239.00,250.00,-1037.00,0.00,-540.00,-912.00,-647.00,-936.00,12.00,11.00,-3765.00,0.00,0.00,-4058.00,-1565.00,-2493.00,65.00,20.00,-13.00,64.00,-34.00,750.00,-784.00,191.00,-14.00
1974:Q2,119.00,199.00,1010.00,-27.00,0.00,805.00,250.00,-144.00,0.00,-2.00,701.00,-469.00,908.00,11.00,-218.00,1093.00,0.00,0.00,833.00,-1222.00,2055.00,65.00,20.00,-58.00,64.00,-35.00,250.00,-285.00,204.00,3.00
1974:Q3,127.00,210.00,-25.00,-20.00,0.00,730.00,250.00,896.00,0.00,17.00,-433.00,-301.00,263.00,12.00,-709.00,54.00,0.00,0.00,-256.00,-165.00,-91.00,65.00,20.00,-14.00,63.00,-25.00,750.00,-775.00,201.00,-4.00
1974:Q4,154.00,219.00,805.00,-19.00,0.00,928.00,250.00,533.00,0.00,100.00,45.00,-149.00,-163.00,12.00,196.00,870.00,0.00,0.00,556.00,167.00,389.00,55.00,20.00,-23.00,63.00,2.00,250.00,-248.00,197.00,0.00
1975:Q1,193.00,211.00,-299.00,-12.00,500.00,-125.00,250.00,457.00,0.00,-173.00,-659.00,-2.00,-1083.00,12.00,411.00,-310.00,800.00,0.00,-864.00,-213.00,-651.00,65.00,20.00,16.00,15.00,-521.00,750.00,-1271.00,159.00,-29.00
1975:Q2,218.00,212.00,1368.00,-10.00,500.00,70.00,250.00,-900.00,0.00,41.00,679.00,128.00,440.00,12.00,228.00,1325.00,800.00,0.00,830.00,26.00,804.00,65.00,20.00,-46.00,15.00,-486.00,500.00,-986.00,127.00,-37.00
1975:Q3,193.00,213.00,-549.00,-1.00,500.00,-832.00,250.00,-559.00,0.00,14.00,-537.00,321.00,-283.00,12.00,-266.00,-580.00,700.00,0.00,-1182.00,885.00,-2067.00,65.00,20.00,37.00,15.00,-374.00,-2232.00,1858.00,139.00,-51.00
1975:Q4,153.00,216.00,4717.00,9.00,500.00,1912.00,250.00,-102.00,0.00,44.00,1720.00,575.00,1612.00,13.00,96.00,4745.00,700.00,0.00,4100.00,897.00,3203.00,55.00,20.00,28.00,18.00,-381.00,819.00,-1200.00,205.00,-35.00
1976:Q1,30.00,218.00,3531.00,165.00,491.00,509.00,-1.00,1567.00,0.00,500.00,-1557.00,1354.00,-2556.00,12.00,3556.00,3651.00,923.00,0.00,-805.00,-880.00,75.00,236.00,20.00,217.00,43.00,3196.00,476.00,2720.00,-179.00,-68.00
1976:Q2,55.00,226.00,1844.00,108.00,715.00,-312.00,-507.00,-148.00,0.00,131.00,212.00,1264.00,6.00,13.00,50.00,2018.00,730.00,0.00,808.00,1724.00,-916.00,3.00,20.00,-98.00,43.00,316.00,111.00,205.00,196.00,2.00
1976:Q3,70.00,236.00,4339.00,-47.00,325.00,3782.00,795.00,2572.00,0.00,106.00,309.00,422.00,-58.00,13.00,-98.00,4526.00,4343.00,0.00,235.00,951.00,-716.00,2.00,20.00,-14.00,43.00,-219.00,124.00,-343.00,116.00,22.00
1976:Q4,95.00,245.00,6510.00,54.00,1813.00,3830.00,2930.00,461.00,0.00,304.00,135.00,865.00,227.00,13.00,-292.00,6685.00,-277.00,0.00,7113.00,2854.00,4259.00,27.00,20.00,23.00,45.00,-557.00,91.00,-648.00,291.00,25.00
1977:Q1,70.00,255.00,-5254.00,64.00,1167.00,-7869.00,-3607.00,-3980.00,0.00,-82.00,-200.00,426.00,-39.00,13.00,984.00,-5097.00,1733.00,0.00,-7428.00,-1435.00,-5993.00,49.00,20.00,-55.00,60.00,551.00,57.00,494.00,-27.00,-28.00
1977:Q2,87.00,262.00,3600.00,48.00,976.00,1468.00,200.00,366.00,0.00,539.00,363.00,1088.00,149.00,13.00,-142.00,3773.00,1520.00,0.00,1320.00,480.00,840.00,2.00,20.00,-24.00,60.00,646.00,524.00,122.00,229.00,-2.00
1977:Q3,101.00,268.00,-227.00,-53.00,2373.00,-2334.00,-474.00,-1842.00,0.00,84.00,-102.00,-43.00,74.00,13.00,-257.00,-72.00,955.00,0.00,-837.00,1716.00,-2553.00,69.00,20.00,-8.00,60.00,-373.00,226.00,-599.00,42.00,-12.00
1977:Q4,130.00,279.00,2414.00,-41.00,206.00,3425.00,3334.00,202.00,0.00,-109.00,-2.00,546.00,259.00,14.00,-1995.00,2549.00,-3003.00,0.00,7349.00,1723.00,5626.00,14.00,10.00,-2.00,61.00,-1780.00,544.00,-2324.00,-100.00,-14.00
1978:Q1,138.00,270.00,2755.00,84.00,749.00,-2248.00,-589.00,-1297.00,0.00,-390.00,28.00,1874.00,-79.00,-26.00,2401.00,2802.00,6939.00,0.00,-6122.00,-2684.00,-3438.00,27.00,20.00,-23.00,22.00,1753.00,660.00,1093.00,186.00,-86.00
1978:Q2,185.00,294.00,2952.00,-18.00,1067.00,-676.00,-698.00,63.00,0.00,258.00,-299.00,2549.00,231.00,-26.00,-175.00,2939.00,-511.00,0.00,2871.00,1179.00,1692.00,25.00,20.00,61.00,12.00,376.00,-1626.00,2002.00,85.00,-122.00
1978:Q3,233.00,310.00,2615.00,197.00,1293.00,-1605.00,-1217.00,-18.00,0.00,-387.00,17.00,1781.00,105.00,-25.00,869.00,2582.00,128.00,0.00,1461.00,-7.00,1468.00,35.00,20.00,78.00,1.00,701.00,124.00,577.00,158.00,-110.00
1978:Q4,228.00,327.00,310.00,-74.00,2955.00,819.00,1638.00,-703.00,0.00,292.00,-408.00,-3586.00,-218.00,-25.00,439.00,331.00,-5046.00,0.00,4972.00,-1109.00,6081.00,38.00,30.00,-48.00,-9.00,453.00,340.00,113.00,-59.00,-78.00
1979:Q1,212.00,483.00,-507.00,149.00,208.00,283.00,-844.00,1161.00,0.00,-122.00,88.00,-819.00,56.00,-24.00,-360.00,-356.00,8981.00,0.00,-8934.00,-2061.00,-6873.00,3.00,50.00,-1.00,84.00,-721.00,1204.00,-1925.00,182.00,-120.00
1979:Q2,226.00,497.00,14282.00,152.00,4453.00,6149.00,3065.00,2442.00,0.00,149.00,493.00,2632.00,115.00,-24.00,805.00,14466.00,8755.00,0.00,4788.00,2411.00,2377.00,-20.00,30.00,-1.00,84.00,486.00,756.00,-270.00,344.00,-87.00
1979:Q3,102.00,523.00,704.00,410.00,2181.00,-3871.00,-164.00,-3549.00,0.00,-16.00,-142.00,1291.00,81.00,-23.00,635.00,893.00,-986.00,0.00,688.00,-1137.00,1825.00,22.00,30.00,21.00,84.00,768.00,-608.00,1376.00,266.00,-232.00
1979:Q4,59.00,538.00,-3806.00,269.00,3668.00,-6179.00,-692.00,-5472.00,0.00,296.00,-311.00,-2791.00,136.00,-22.00,1113.00,-3629.00,-9883.00,0.00,5691.00,-232.00,5923.00,-62.00,40.00,2.00,84.00,273.00,-336.00,609.00,226.00,-302.00
1980:Q1,118.00,647.00,-3008.00,442.00,-7243.00,4163.00,-1025.00,6777.00,0.00,-1076.00,-513.00,1277.00,-368.00,-22.00,-1257.00,-2919.00,4086.00,0.00,-7341.00,-1683.00,-5658.00,69.00,60.00,31.00,45.00,55.00,1647.00,-1592.00,76.00,-441.00
1980:Q2,216.00,639.00,9995.00,64.00,4815.00,4054.00,1769.00,109.00,0.00,630.00,1546.00,-115.00,-74.00,-22.00,1273.00,9611.00,5369.00,0.00,3372.00,48.00,3324.00,56.00,100.00,134.00,42.00,194.00,8863.00,-8669.00,344.00,-808.00
1980:Q3,315.00,662.00,82.00,194.00,-2189.00,-1474.00,-1258.00,602.00,0.00,-20.00,-798.00,1352.00,218.00,-21.00,2002.00,-160.00,-3213.00,0.00,2023.00,-2008.00,4031.00,77.00,100.00,124.00,51.00,854.00,448.00,406.00,-176.00,-589.00
1980:Q4,397.00,691.00,11877.00,92.00,10888.00,-4135.00,95.00,-5211.00,0.00,791.00,190.00,4765.00,349.00,-21.00,-61.00,11843.00,1316.00,0.00,8228.00,2103.00,6125.00,162.00,100.00,-14.00,52.00,1671.00,1255.00,416.00,328.00,-328.00
1981:Q1,198.00,798.00,765.00,-47.00,-7535.00,12511.00,49.00,13078.00,0.00,-813.00,197.00,-2930.00,-231.00,-20.00,-983.00,778.00,11557.00,0.00,-9352.00,-1757.00,-7595.00,16.00,100.00,-64.00,54.00,-1726.00,1784.00,-3510.00,193.00,-587.00
1981:Q2,157.00,830.00,3093.00,-230.00,4289.00,-2315.00,3931.00,-7202.00,0.00,370.00,586.00,372.00,428.00,-20.00,569.00,2982.00,102.00,0.00,1675.00,3238.00,-1563.00,75.00,100.00,-45.00,54.00,871.00,4409.00,-3538.00,150.00,-784.00
1981:Q3,188.00,866.00,-462.00,419.00,4729.00,-2707.00,-2699.00,832.00,0.00,-300.00,-540.00,-1111.00,-241.00,-19.00,-1532.00,-176.00,998.00,0.00,-1659.00,-885.00,-774.00,112.00,100.00,-40.00,59.00,398.00,6307.00,-5909.00,-144.00,-392.00
1981:Q4,194.00,902.00,25820.00,-295.00,13333.00,6906.00,3541.00,996.00,0.00,1238.00,1131.00,1955.00,562.00,-19.00,3378.00,25604.00,15461.00,0.00,8229.00,2159.00,6070.00,594.00,100.00,-10.00,88.00,1277.00,-9320.00,10597.00,-135.00,-924.00
1982:Q1,66.00,1147.00,-16724.00,554.00,-12895.00,532.00,-2147.00,3727.00,0.00,-1131.00,83.00,-3773.00,-442.00,113.00,-813.00,-16213.00,-5199.00,0.00,-9447.00,-5192.00,-4255.00,161.00,100.00,-61.00,140.00,-1934.00,2678.00,-4612.00,27.00,-570.00
1982:Q2,120.00,1136.00,5485.00,-123.00,6668.00,-2619.00,3584.00,-7407.00,0.00,558.00,646.00,-151.00,621.00,116.00,973.00,5667.00,431.00,0.00,4046.00,977.00,3069.00,39.00,100.00,0.00,158.00,813.00,4290.00,-3477.00,80.00,-834.00
1982:Q3,212.00,1121.00,11924.00,1282.00,8653.00,-1104.00,1390.00,-4269.00,0.00,677.00,1098.00,1699.00,-370.00,-188.00,1952.00,11763.00,8662.00,0.00,1851.00,1470.00,381.00,139.00,150.00,143.00,221.00,503.00,-3278.00,3781.00,94.00,-1070.00
1982:Q4,179.00,1105.00,18843.00,-53.00,-6415.00,18429.00,2048.00,14190.00,0.00,1520.00,671.00,4993.00,1123.00,-205.00,971.00,18390.00,16376.00,0.00,7059.00,1300.00,5759.00,360.00,150.00,237.00,243.00,-6321.00,-369.00,-5952.00,286.00,-1379.00
1983:Q1,697.00,1431.00,-7447.00,-552.00,5269.00,-17028.00,-8132.00,-5707.00,0.00,-1309.00,-1880.00,952.00,-220.00,55.00,4077.00,-7870.00,-10578.00,46.00,-6181.00,-815.00,-5366.00,145.00,92.00,6.00,137.00,8423.00,1532.00,6891.00,40.00,-1157.00
1983:Q2,608.00,1475.00,11165.00,61.00,4217.00,-127.00,639.00,-4363.00,0.00,502.00,3095.00,6015.00,1774.00,37.00,-812.00,10512.00,2618.00,28.00,4689.00,3780.00,909.00,14.00,529.00,-129.00,62.00,2626.00,544.00,2082.00,75.00,-1521.00
1983:Q3,486.00,1556.00,15022.00,-592.00,9469.00,6000.00,1254.00,5354.00,0.00,-207.00,-401.00,1023.00,41.00,61.00,-980.00,14886.00,18066.00,48.00,-1168.00,-2085.00,917.00,103.00,-138.00,-26.00,75.00,-2059.00,729.00,-2788.00,-15.00,-1206.00
1983:Q4,522.00,1656.00,23272.00,220.00,15869.00,507.00,1390.00,-4956.00,0.00,2858.00,1215.00,396.00,2701.00,67.00,3512.00,23568.00,10797.00,255.00,5805.00,3005.00,2800.00,692.00,2003.00,-8.00,11.00,3781.00,2039.00,1742.00,232.00,-839.00
1984:Q1,433.00,1844.00,-6964.00,85.00,2640.00,-6046.00,-957.00,-2129.00,0.00,-2776.00,-184.00,-2454.00,-1471.00,-186.00,468.00,-6408.00,1184.00,-249.00,-4533.00,-772.00,-3761.00,404.00,-1059.00,-76.00,230.00,-2353.00,2804.00,-5157.00,44.00,-855.00
1984:Q2,738.00,1939.00,6362.00,-201.00,12431.00,-4798.00,955.00,-5116.00,0.00,-326.00,-311.00,934.00,-206.00,152.00,-1950.00,6573.00,5597.00,209.00,-102.00,-47.00,-55.00,222.00,106.00,-144.00,144.00,878.00,653.00,225.00,-337.00,-990.00
1984:Q3,170.00,2018.00,12967.00,-37.00,-1599.00,12583.00,1496.00,8209.00,0.00,1574.00,1304.00,-2242.00,808.00,-103.00,3557.00,12709.00,7694.00,178.00,2120.00,239.00,1881.00,118.00,594.00,165.00,43.00,1468.00,-513.00,1981.00,329.00,-2105.00
1984:Q4,418.00,2090.00,46715.00,416.00,17665.00,26844.00,4209.00,11649.00,0.00,6064.00,4922.00,1419.00,-130.00,-7.00,508.00,46529.00,32025.00,556.00,11071.00,3812.00,7259.00,370.00,738.00,-3.00,128.00,1693.00,416.00,1277.00,-49.00,-1858.00
1985:Q1,808.00,2304.00,-30216.00,33.00,-2900.00,-27474.00,-6802.00,-13740.00,1220.00,-6497.00,-1655.00,-1220.00,1224.00,1.00,120.00,-30724.00,-24503.00,-689.00,-6492.00,-2125.00,-4367.00,-61.00,-1266.00,54.00,-255.00,2314.00,3142.00,-828.00,174.00,-2004.00
1985:Q2,797.00,2347.00,18993.00,-186.00,2190.00,7509.00,2119.00,-1907.00,1220.00,987.00,5090.00,6264.00,391.00,-3.00,2828.00,19314.00,6061.00,166.00,13366.00,4828.00,8538.00,1009.00,1081.00,84.00,-25.00,-2522.00,-85.00,-2437.00,94.00,-1229.00
1985:Q3,880.00,2328.00,13156.00,449.00,7441.00,5299.00,1310.00,71.00,1220.00,635.00,2063.00,2090.00,-970.00,38.00,-1191.00,11887.00,9724.00,74.00,-1106.00,1440.00,-2546.00,-586.00,419.00,58.00,10.00,3008.00,2164.00,844.00,286.00,-2717.00
1985:Q4,945.00,2380.00,69158.00,2075.00,26750.00,18739.00,621.00,-575.00,1220.00,13789.00,3684.00,11731.00,1947.00,110.00,7806.00,68343.00,35250.00,720.00,23873.00,3627.00,20246.00,2091.00,2299.00,149.00,-20.00,4413.00,3397.00,1016.00,-432.00,-2250.00
1986:Q1,957.00,2822.00,17433.00,-744.00,-6404.00,14471.00,1576.00,18601.00,1220.00,-11381.00,4455.00,2149.00,912.00,25.00,7024.00,15934.00,14147.00,-352.00,2000.00,-624.00,2624.00,463.00,-1253.00,-119.00,110.00,760.00,-3011.00,3771.00,178.00,-3364.00
1986:Q2,863.00,2783.00,20524.00,-306.00,18646.00,-1137.00,2015.00,-2092.00,1220.00,-804.00,-1476.00,-6.00,-1729.00,-11.00,5067.00,20182.00,17265.00,706.00,-5889.00,197.00,-6086.00,571.00,549.00,-11.00,98.00,6328.00,10708.00,-4380.00,565.00,-2262.00
1986:Q3,697.00,2770.00,14508.00,971.00,24899.00,-1515.00,-3031.00,-1334.00,1220.00,2473.00,-843.00,2679.00,1867.00,44.00,-14437.00,14609.00,18793.00,-374.00,-2251.00,-5455.00,3204.00,559.00,-217.00,-5.00,68.00,-2200.00,-4554.00,2354.00,236.00,-1972.00
1986:Q4,615.00,2816.00,21331.00,2254.00,8086.00,-3760.00,-2510.00,-7044.00,1220.00,6385.00,-1811.00,1908.00,301.00,-62.00,12604.00,21660.00,5974.00,2075.00,10168.00,681.00,9487.00,587.00,555.00,294.00,307.00,1484.00,294.00,1190.00,216.00,-1871.00
1987:Q1,1376.00,3084.00,-6772.00,-1675.00,8761.00,-14880.00,-2557.00,-10246.00,1148.00,-4362.00,1137.00,-3862.00,-2838.00,30.00,7692.00,-2846.00,-174.00,-445.00,-7190.00,-2377.00,-4813.00,4711.00,1155.00,24.00,1185.00,-1758.00,2574.00,-4332.00,-354.00,2218.00
1987:Q2,1568.00,3167.00,3475.00,-463.00,13280.00,-15049.00,1312.00,-11018.00,1292.00,-3876.00,-2759.00,3322.00,-1240.00,-5.00,3630.00,3273.00,3784.00,388.00,-820.00,876.00,-1696.00,-229.00,-363.00,-298.00,604.00,620.00,-2874.00,3494.00,-413.00,-1801.00
1987:Q3,1568.00,3274.00,31879.00,-344.00,29921.00,-6026.00,1492.00,-9463.00,1220.00,-386.00,1111.00,2506.00,1792.00,3.00,4027.00,34985.00,23827.00,682.00,3160.00,2493.00,667.00,3757.00,468.00,-108.00,341.00,2962.00,7648.00,-4686.00,-104.00,1400.00
1987:Q4,1100.00,3322.00,-65516.00,1103.00,-26360.00,920.00,-1724.00,5032.00,1220.00,267.00,-3875.00,-18306.00,-4816.00,1646.00,-19703.00,-65643.00,-38709.00,-774.00,-19126.00,-6137.00,-12989.00,-1959.00,-2064.00,-194.00,-12.00,-2857.00,6530.00,-9387.00,52.00,-2349.00
1988:Q1,1177.00,3342.00,26746.00,2208.00,18080.00,2986.00,414.00,982.00,1220.00,-2280.00,2650.00,-1172.00,130.00,-364.00,4878.00,23933.00,26290.00,250.00,3478.00,1628.00,1850.00,-1852.00,1472.00,65.00,644.00,-6622.00,15641.00,-22263.00,208.00,-4979.00
1988:Q2,1219.00,3453.00,4415.00,1295.00,6773.00,-8482.00,2817.00,-15550.00,1220.00,1369.00,1662.00,606.00,-994.00,-197.00,5414.00,1749.00,-1513.00,1829.00,642.00,-1789.00,2431.00,-618.00,1113.00,30.00,-1680.00,1573.00,4176.00,-2603.00,373.00,-4901.00
1988:Q3,1213.00,3519.00,28055.00,-779.00,34420.00,-590.00,-3223.00,-53.00,1220.00,-408.00,1874.00,900.00,877.00,-88.00,-6685.00,30644.00,30747.00,184.00,-1049.00,-762.00,-287.00,1425.00,-401.00,18.00,1827.00,-1924.00,3603.00,-5527.00,-183.00,283.00
1988:Q4,1263.00,3615.00,-13789.00,-782.00,-11837.00,-10175.00,615.00,-16090.00,1220.00,513.00,3567.00,1375.00,132.00,-22.00,7520.00,-13808.00,-23810.00,2006.00,881.00,891.00,-10.00,-135.00,-464.00,36.00,81.00,7899.00,3468.00,4431.00,-302.00,-2371.00
1989:Q1,1164.00,3537.00,43898.00,-578.00,35842.00,13856.00,563.00,11737.00,1220.00,-2589.00,2925.00,-4168.00,-167.00,48.00,-935.00,42600.00,45689.00,2132.00,1916.00,542.00,1374.00,-848.00,-85.00,-131.00,-432.00,-5698.00,547.00,-6245.00,57.00,-3671.00
1989:Q2,1181.00,3640.00,82898.00,919.00,39724.00,30304.00,400.00,26914.00,1220.00,2126.00,-356.00,5303.00,-800.00,-249.00,7697.00,80914.00,69532.00,1216.00,8343.00,2426.00,5917.00,-1179.00,69.00,131.00,424.00,3221.00,4012.00,-791.00,-843.00,-4444.00
1989:Q3,1340.00,3788.00,-37339.00,-982.00,-37387.00,1853.00,-1534.00,3750.00,1220.00,-1231.00,-352.00,-347.00,-1050.00,1.00,573.00,-39532.00,-16456.00,-737.00,-7203.00,950.00,-8153.00,-1191.00,-316.00,160.00,-69.00,-13701.00,5461.00,-19162.00,-19.00,-4641.00
1989:Q4,1438.00,3811.00,16445.00,1009.00,-32967.00,34155.00,3609.00,26501.00,1220.00,1311.00,1514.00,-1754.00,128.00,213.00,15661.00,18150.00,-2965.00,3655.00,9064.00,-1991.00,11055.00,254.00,-211.00,-97.00,1457.00,7923.00,-2142.00,10065.00,-930.00,-669.00
1990:Q1,2029.00,3247.00,-21679.00,387.00,9952.00,-30816.00,-714.00,-24492.00,1220.00,-935.00,-5895.00,-563.00,-3735.00,109.00,2987.00,-18842.00,-18839.00,-1494.00,-5443.00,-898.00,-4545.00,2070.00,-1910.00,39.00,59.00,6670.00,-1211.00,7881.00,6.00,1619.00
1990:Q2,2049.00,3240.00,-10178.00,-1419.00,-9365.00,-4845.00,-2613.00,-8219.00,1704.00,564.00,3719.00,-1955.00,2612.00,21.00,4773.00,-11043.00,-12557.00,-1464.00,735.00,-933.00,1668.00,-409.00,-229.00,51.00,146.00,2997.00,214.00,2783.00,-313.00,-2056.00
1990:Q3,2224.00,3258.00,7069.00,2153.00,11708.00,-17602.00,-334.00,-22134.00,4161.00,663.00,42.00,-3300.00,-2138.00,105.00,16143.00,12280.00,6824.00,3487.00,2287.00,-685.00,2972.00,3789.00,-146.00,-8.00,65.00,-4024.00,-12391.00,8367.00,6.00,4177.00
1990:Q4,2001.00,3289.00,30900.00,-631.00,-31756.00,56056.00,4243.00,40616.00,12528.00,505.00,-1836.00,2087.00,-82.00,84.00,5142.00,29495.00,24681.00,977.00,6881.00,-2610.00,9491.00,-2070.00,383.00,-24.00,-163.00,-781.00,364.00,-1145.00,-389.00,-2694.00
1991:Q1,1619.00,3070.00,17222.00,-80.00,29099.00,-14855.00,-1071.00,-14092.00,1277.00,-1258.00,289.00,-1942.00,1897.00,60.00,3043.00,13350.00,13691.00,1132.00,-732.00,757.00,-1489.00,-3523.00,-329.00,-96.00,1405.00,1746.00,3221.00,-1475.00,56.00,-5323.00
1991:Q2,1495.00,3074.00,36996.00,426.00,17492.00,9239.00,-2702.00,1136.00,3826.00,2513.00,4466.00,695.00,-282.00,100.00,9326.00,37561.00,32304.00,1733.00,155.00,2396.00,-2241.00,446.00,695.00,37.00,412.00,1653.00,-1281.00,2934.00,126.00,-1014.00
1991:Q3,939.00,3072.00,53795.00,-1523.00,15427.00,23419.00,175.00,14583.00,5536.00,-714.00,3839.00,7497.00,804.00,180.00,7991.00,52796.00,42610.00,58.00,11429.00,-84.00,11513.00,-1284.00,-267.00,82.00,297.00,-444.00,762.00,-1206.00,315.00,-3132.00
1991:Q4,1980.00,3086.00,-16437.00,1120.00,-40819.00,-294.00,-837.00,-3235.00,-623.00,1013.00,3388.00,10007.00,-48.00,121.00,13476.00,-18327.00,-43400.00,788.00,26009.00,3182.00,22827.00,-1379.00,583.00,163.00,-83.00,-969.00,2222.00,-3191.00,-39.00,-2996.00
1992:Q1,1656.00,1401.00,7560.00,-215.00,17579.00,-15663.00,-385.00,-21106.00,3588.00,-1582.00,3822.00,-3839.00,-2207.00,199.00,11706.00,7865.00,20475.00,686.00,-17786.00,-779.00,-17007.00,-448.00,-783.00,27.00,185.00,5580.00,5674.00,-94.00,-71.00,561.00
1992:Q2,1869.00,1441.00,62650.00,337.00,41783.00,26911.00,3095.00,9776.00,8897.00,2254.00,2889.00,5105.00,549.00,263.00,-12298.00,60261.00,44736.00,3418.00,8734.00,288.00,8446.00,-147.00,430.00,31.00,154.00,3063.00,261.00,2802.00,-158.00,-1961.00
1992:Q3,1943.00,1468.00,75328.00,338.00,22965.00,10138.00,-473.00,5234.00,-4461.00,-756.00,10594.00,-492.00,-1071.00,54.00,43396.00,75689.00,71975.00,-398.00,1029.00,1080.00,-51.00,59.00,122.00,71.00,21.00,2361.00,9162.00,-6801.00,449.00,836.00
1992:Q4,1720.00,1509.00,-7602.00,-284.00,6387.00,-22679.00,-995.00,-7230.00,-9072.00,1949.00,-7331.00,-2366.00,2096.00,641.00,8603.00,-10290.00,-11664.00,-1012.00,1354.00,2655.00,-1301.00,-1326.00,835.00,-91.00,-337.00,2075.00,1442.00,633.00,-124.00,-2477.00
1993:Q1,1365.00,2703.00,66181.00,719.00,31932.00,18117.00,552.00,2662.00,7319.00,-1409.00,8993.00,6301.00,659.00,228.00,8225.00,68153.00,58867.00,-2371.00,13263.00,-2249.00,15512.00,-1405.00,712.00,203.00,4136.00,-6182.00,341.00,-6523.00,930.00,634.00
1993:Q2,1504.00,2761.00,30481.00,-214.00,7617.00,13888.00,-485.00,3677.00,5100.00,4447.00,1149.00,-727.00,3482.00,695.00,5740.00,33874.00,-2801.00,3431.00,16281.00,4816.00,11465.00,-1.00,1830.00,-24.00,4136.00,11365.00,8671.00,2694.00,-343.00,2136.00
1993:Q3,2255.00,2793.00,80414.00,135.00,56725.00,34.00,-625.00,-18356.00,8400.00,-135.00,10750.00,8328.00,1756.00,7.00,13429.00,81500.00,67180.00,3665.00,-1577.00,1290.00,-2867.00,1078.00,506.00,380.00,4136.00,5484.00,4344.00,1140.00,648.00,549.00
1993:Q4,2853.00,2905.00,3105.00,1274.00,-13139.00,-17201.00,226.00,-8639.00,-13000.00,2917.00,1295.00,8747.00,2153.00,85.00,21186.00,7823.00,-15249.00,7315.00,5889.00,3236.00,2653.00,1653.00,-368.00,-46.00,4136.00,4833.00,11798.00,-6965.00,-340.00,4666.00
1994:Q1,2286.00,2075.00,52533.00,2632.00,61444.00,-22314.00,-3496.00,-16517.00,-2200.00,-4054.00,3953.00,910.00,-1894.00,54.00,11701.00,54106.00,42791.00,-2476.00,6090.00,1608.00,4482.00,1819.00,2187.00,27.00,224.00,3457.00,8926.00,-5469.00,-13.00,1785.00
1994:Q2,943.00,2112.00,4039.00,-732.00,8326.00,-14415.00,7304.00,-8294.00,-3300.00,-576.00,-9549.00,-930.00,-1629.00,109.00,13310.00,5017.00,16456.00,66.00,-6752.00,-4991.00,-1761.00,98.00,-2267.00,-75.00,224.00,-2192.00,-2934.00,742.00,-541.00,-191.00
1994:Q3,2165.00,2150.00,32679.00,-722.00,28777.00,-5473.00,-6512.00,7401.00,-5300.00,-101.00,-961.00,-3535.00,-84.00,59.00,13657.00,33429.00,34340.00,-1905.00,-3385.00,-3773.00,388.00,504.00,268.00,56.00,224.00,3351.00,5752.00,-2401.00,-24.00,765.00
1994:Q4,1563.00,2233.00,-116426.00,-1437.00,-101668.00,-2002.00,-957.00,3039.00,-5000.00,3053.00,-2137.00,2483.00,252.00,-4127.00,-9927.00,-113046.00,-117031.00,4836.00,2309.00,1984.00,325.00,2276.00,-1108.00,-214.00,224.00,-3801.00,4974.00,-8775.00,-537.00,2710.00
1995:Q1,190.00,2021.00,68408.00,1968.00,50464.00,7777.00,5615.00,13448.00,0.00,-4617.00,-6669.00,-5201.00,267.00,-158.00,13291.00,65741.00,74541.00,-7385.00,2324.00,-2889.00,5213.00,-1360.00,-128.00,-148.00,481.00,-2612.00,12946.00,-15558.00,28.00,-4498.00
1995:Q2,702.00,2046.00,49443.00,-720.00,30306.00,36304.00,658.00,29107.00,-3000.00,864.00,8675.00,-1108.00,250.00,62.00,-15651.00,47047.00,39660.00,-26.00,6925.00,4656.00,2269.00,-2336.00,309.00,25.00,481.00,2466.00,5464.00,-2998.00,-457.00,-3740.00
1995:Q3,1152.00,2063.00,27685.00,1518.00,16320.00,-1298.00,4650.00,-7977.00,4000.00,-2397.00,426.00,8610.00,1180.00,141.00,1214.00,24138.00,18981.00,524.00,3209.00,923.00,2286.00,-3505.00,667.00,276.00,481.00,2951.00,8501.00,-5550.00,554.00,-4458.00
1995:Q4,1591.00,2105.00,71292.00,-1039.00,6357.00,46975.00,-65.00,26380.00,8000.00,3418.00,9242.00,1583.00,6043.00,44.00,11329.00,69117.00,42284.00,1932.00,17669.00,-2208.00,19877.00,-945.00,264.00,-231.00,481.00,8298.00,-2529.00,10827.00,-635.00,-2690.00
1996:Q1,1255.00,2041.00,53827.00,-825.00,52524.00,-27591.00,-5299.00,-13059.00,-4000.00,-3857.00,-1376.00,10859.00,-8087.00,-1028.00,27975.00,51708.00,50433.00,-7940.00,11939.00,1331.00,10608.00,-1273.00,1352.00,-54.00,898.00,-3989.00,14785.00,-18774.00,342.00,-2906.00
1996:Q2,1658.00,2090.00,24452.00,2403.00,28594.00,-18335.00,3155.00,-19295.00,-1800.00,-64.00,-331.00,1083.00,2999.00,206.00,7502.00,23882.00,23301.00,3289.00,-4842.00,-2063.00,-2779.00,-897.00,1413.00,133.00,898.00,886.00,8670.00,-7784.00,-299.00,-1002.00
1996:Q3,1698.00,2158.00,24401.00,-27.00,6541.00,8535.00,-1849.00,10095.00,-1700.00,-935.00,2924.00,-2573.00,-3488.00,659.00,14754.00,23009.00,8040.00,1419.00,-2193.00,-1386.00,-807.00,-1443.00,1435.00,-117.00,898.00,14654.00,6372.00,8282.00,316.00,-1852.00
1996:Q4,1997.00,2219.00,48630.00,351.00,-4595.00,20325.00,5614.00,-8851.00,8700.00,2963.00,11899.00,7816.00,6634.00,17.00,18082.00,46103.00,-11126.00,1213.00,42600.00,5075.00,37525.00,-2918.00,-179.00,185.00,898.00,15483.00,11335.00,4148.00,-53.00,-2749.00
1997:Q1,2359.00,2209.00,71510.00,-891.00,52466.00,-4099.00,1540.00,-9922.00,-1393.00,-774.00,6450.00,7813.00,776.00,396.00,15049.00,71608.00,75721.00,-714.00,-7449.00,1226.00,-8675.00,1051.00,3381.00,-224.00,1465.00,-2559.00,-671.00,-1888.00,936.00,248.00
1997:Q2,2757.00,2257.00,67595.00,3318.00,5560.00,-5219.00,709.00,-5251.00,-63.00,1307.00,-1921.00,9906.00,-1426.00,254.00,55202.00,62706.00,37212.00,8734.00,18182.00,375.00,17807.00,-4588.00,-1307.00,-151.00,1465.00,3047.00,7196.00,-4149.00,112.00,-4389.00
1997:Q3,3091.00,2368.00,113786.00,873.00,82406.00,3640.00,-1595.00,-14812.00,12647.00,-314.00,7714.00,17927.00,3266.00,-446.00,6120.00,109434.00,87294.00,-1718.00,3991.00,1106.00,2885.00,-2131.00,7273.00,221.00,1465.00,12611.00,11746.00,865.00,428.00,-3628.00
1997:Q4,1782.00,2386.00,-11134.00,2731.00,-41518.00,17062.00,-82.00,37477.00,-15959.00,2154.00,-6528.00,4595.00,-239.00,487.00,5748.00,-11778.00,-37445.00,1757.00,18304.00,436.00,17868.00,-242.00,-3691.00,235.00,1465.00,8231.00,20271.00,-12040.00,-392.00,-1248.00
1998:Q1,-2400.00,3027.00,194390.00,3245.00,55475.00,60241.00,821.00,37273.00,17451.00,-822.00,5518.00,8742.00,4622.00,567.00,61498.00,188632.00,80636.00,-258.00,28393.00,2929.00,25464.00,-173.00,-406.00,-260.00,-146.00,81357.00,22278.00,59079.00,-511.00,-11185.00
1998:Q2,-2439.00,3120.00,8617.00,-2692.00,9651.00,-33079.00,3217.00,-61205.00,19054.00,2913.00,2942.00,11222.00,3227.00,258.00,20030.00,6574.00,13456.00,5002.00,15717.00,1083.00,14634.00,-20.00,1337.00,10.00,-146.00,-28359.00,22447.00,-50806.00,-423.00,-7602.00
1998:Q3,-3718.00,3164.00,27357.00,3699.00,-45271.00,36648.00,5121.00,67379.00,-25413.00,-595.00,-9844.00,-2609.00,-2676.00,389.00,37177.00,36475.00,-7309.00,-649.00,33169.00,-6052.00,39221.00,6784.00,913.00,-302.00,-146.00,2911.00,10980.00,-8069.00,1104.00,2236.00
1998:Q4,-3486.00,3261.00,-180273.00,-556.00,-111749.00,-56369.00,-5386.00,-22286.00,-10602.00,-1554.00,-16541.00,3553.00,-11135.00,2141.00,-6158.00,-187688.00,-162222.00,3098.00,-7538.00,-736.00,-6802.00,-4065.00,-2850.00,471.00,-146.00,-12845.00,17948.00,-30793.00,-1591.00,-14162.00
1999:Q1,-1454.00,3486.00,-7129.00,-919.00,20295.00,21933.00,770.00,32303.00,-18048.00,-755.00,7663.00,7898.00,5974.00,2077.00,-64387.00,-9052.00,24006.00,-7777.00,-6683.00,-2005.00,-4678.00,-136.00,497.00,25.00,1301.00,-19980.00,41535.00,-61515.00,-305.00,-6863.00
1999:Q2,-3436.00,3600.00,6170.00,3182.00,-560.00,-52513.00,-16.00,-60370.00,1844.00,1949.00,4080.00,23213.00,2578.00,2174.00,28096.00,4248.00,-25141.00,-4574.00,4059.00,3177.00,882.00,2517.00,12110.00,96.00,1301.00,14126.00,20590.00,-6464.00,-246.00,-8959.00
1999:Q3,-2662.00,3708.00,42436.00,-907.00,21557.00,7916.00,559.00,-9593.00,22576.00,-1495.00,-4131.00,2038.00,-6766.00,1896.00,16702.00,49948.00,19078.00,4441.00,15132.00,-3589.00,18721.00,7254.00,-1517.00,113.00,1301.00,3119.00,-17234.00,20353.00,1027.00,1142.00
1999:Q4,-2341.00,3737.00,83763.00,1977.00,4125.00,-12114.00,-3357.00,-20783.00,8656.00,-897.00,4267.00,42109.00,5962.00,-1902.00,43606.00,80157.00,34112.00,-9314.00,47117.00,4720.00,42397.00,-1994.00,837.00,682.00,1301.00,6643.00,-9909.00,16552.00,773.00,-9683.00
2000:Q1,-6442.00,4393.00,133461.00,-1594.00,1938.00,39540.00,4219.00,36117.00,-15666.00,-1105.00,15975.00,59152.00,7765.00,2632.00,24028.00,128813.00,46508.00,11107.00,61383.00,2871.00,58512.00,1907.00,2907.00,243.00,779.00,4107.00,-18579.00,22686.00,-128.00,-15483.00
2000:Q2,-7360.00,4556.00,23301.00,-148.00,22919.00,-7266.00,8020.00,-17629.00,4808.00,-974.00,-1491.00,-15632.00,693.00,2851.00,19884.00,23770.00,22924.00,-169.00,-18251.00,-2375.00,-15876.00,345.00,5639.00,-704.00,779.00,12338.00,14922.00,-2584.00,869.00,-11447.00
2000:Q3,-7702.00,4620.00,59714.00,-6188.00,-15986.00,54704.00,7204.00,31985.00,7521.00,968.00,7026.00,4111.00,4658.00,2223.00,16192.00,51377.00,30951.00,6341.00,21000.00,1251.00,19749.00,-6515.00,-3493.00,53.00,779.00,3093.00,1556.00,1537.00,-832.00,-20659.00
2000:Q4,-8152.00,4657.00,75679.00,9548.00,62898.00,-20133.00,-6220.00,-11099.00,1082.00,453.00,-4349.00,-38320.00,-3538.00,-2247.00,67471.00,75945.00,56461.00,-1644.00,46649.00,-2043.00,48692.00,21.00,3.00,324.00,779.00,-26552.00,5728.00,-32280.00,-96.00,-12543.00
2001:Q1,-5212.00,4649.00,45044.00,625.00,54946.00,93709.00,5427.00,64383.00,11603.00,1369.00,10927.00,-38947.00,8244.00,229.00,-73762.00,52380.00,69259.00,-5937.00,-13472.00,-995.00,-12477.00,5117.00,-576.00,-888.00,1389.00,-5756.00,67042.00,-72798.00,3244.00,-2525.00
2001:Q2,-3006.00,4546.00,152596.00,6112.00,29201.00,-29810.00,193.00,-59582.00,21047.00,1019.00,7513.00,678.00,8128.00,-341.00,138628.00,151139.00,51384.00,8906.00,7018.00,1193.00,5825.00,-2208.00,-2018.00,112.00,1389.00,85677.00,-15218.00,100895.00,879.00,-9009.00
2001:Q3,-941.00,4471.00,133225.00,16661.00,5468.00,77702.00,5962.00,65860.00,-15902.00,2320.00,19462.00,62348.00,-11973.00,13300.00,-30281.00,143947.00,55857.00,3151.00,93947.00,2424.00,91523.00,7148.00,2815.00,127.00,1389.00,-22944.00,-13114.00,-9830.00,2457.00,5310.00
2001:Q4,1387.00,4314.00,24884.00,-6607.00,21882.00,-50514.00,-2632.00,-57593.00,-2663.00,3013.00,9361.00,-61515.00,12857.00,4295.00,104486.00,10295.00,-8665.00,-4721.00,-50918.00,-7455.00,-43463.00,-3314.00,3075.00,443.00,1389.00,82868.00,-30535.00,113403.00,-9862.00,-17516.00
2002:Q1,2676.00,3575.00,15058.00,-4066.00,39340.00,-16203.00,-514.00,-11479.00,-5964.00,-5404.00,7158.00,-4645.00,-366.00,4216.00,-3218.00,9466.00,47299.00,-3918.00,-14151.00,567.00,-14718.00,-505.00,-2864.00,21.00,-900.00,-13449.00,31961.00,-45410.00,-2067.00,-6492.00
2002:Q2,2804.00,3535.00,60720.00,2636.00,36834.00,53412.00,3162.00,11588.00,18135.00,3813.00,16714.00,-21767.00,7157.00,2594.00,-20146.00,66421.00,107042.00,4380.00,-33274.00,2320.00,-35594.00,4371.00,-5765.00,-279.00,-900.00,-11482.00,-22085.00,10603.00,2328.00,4969.00
2002:Q3,2705.00,3532.00,18354.00,-5230.00,63876.00,-17172.00,-6461.00,-9876.00,-1130.00,2847.00,-2552.00,-21158.00,-580.00,2642.00,-4024.00,29410.00,21587.00,3809.00,-10780.00,-5010.00,-5770.00,8094.00,1185.00,-17.00,-900.00,3982.00,-23502.00,27484.00,2450.00,10228.00
2002:Q4,3027.00,3470.00,-117489.00,3757.00,-33187.00,9692.00,-852.00,-3961.00,3010.00,760.00,10735.00,-1929.00,-2989.00,-4063.00,-88770.00,-122425.00,-50600.00,-5990.00,-8107.00,-3893.00,-4214.00,-1733.00,5651.00,-268.00,-900.00,-58401.00,11252.00,-69653.00,-2077.00,-5379.00
2003:Q1,2405.00,3141.00,20344.00,-41.00,-29741.00,46464.00,3198.00,21393.00,36279.00,-1818.00,-12588.00,11355.00,-3174.00,2983.00,-7502.00,22457.00,-9587.00,9608.00,17332.00,5068.00,12264.00,3459.00,-8917.00,287.00,718.00,9628.00,14870.00,-5242.00,-71.00,1377.00
2003:Q2,3946.00,3206.00,220823.00,-597.00,94210.00,-49808.00,-4828.00,-80689.00,11290.00,2921.00,21498.00,88960.00,8870.00,1896.00,77292.00,207983.00,97099.00,-4057.00,106263.00,6801.00,99462.00,-7346.00,6752.00,295.00,718.00,9479.00,-4425.00,13904.00,-1220.00,-12100.00
2003:Q3,3803.00,3305.00,-12163.00,278.00,-60741.00,33799.00,4209.00,71350.00,-53571.00,1956.00,9855.00,-20818.00,-3045.00,2234.00,36130.00,-14674.00,503.00,2465.00,-18667.00,-4777.00,-13890.00,1973.00,-2785.00,56.00,718.00,1530.00,9061.00,-7531.00,-467.00,-2013.00
2003:Q4,4389.00,3369.00,67748.00,3305.00,15421.00,49044.00,3282.00,29636.00,-2103.00,773.00,17456.00,-45063.00,1488.00,4449.00,39104.00,60155.00,77522.00,-1649.00,-19450.00,-839.00,-18611.00,-6124.00,-4250.00,-234.00,718.00,15258.00,10921.00,4337.00,-1636.00,-6574.00
2004:Q1,6627.00,3581.00,180101.00,5800.00,89828.00,-19837.00,163.00,-25861.00,10050.00,170.00,-4359.00,19083.00,10439.00,11711.00,63077.00,174810.00,103183.00,12987.00,42443.00,4778.00,37665.00,-2280.00,6381.00,169.00,772.00,13136.00,21882.00,-8746.00,-1981.00,-2246.00
2004:Q2,3543.00,3663.00,92926.00,466.00,143434.00,-81101.00,437.00,-93988.00,-7475.00,5144.00,14781.00,17263.00,4325.00,4803.00,3736.00,100443.00,46215.00,618.00,21157.00,-2867.00,24024.00,7541.00,-2522.00,114.00,772.00,26886.00,-21877.00,48763.00,-338.00,7398.00
2004:Q3,5357.00,3783.00,222972.00,-348.00,103358.00,126709.00,-80.00,69300.00,45597.00,3410.00,8482.00,-5316.00,-7012.00,1092.00,4489.00,223866.00,217829.00,8301.00,-9159.00,2855.00,-12014.00,2784.00,2159.00,299.00,772.00,80.00,-1383.00,1463.00,801.00,2468.00
2004:Q4,6762.00,3878.00,14807.00,9801.00,-57677.00,-60127.00,-1861.00,-31801.00,-24632.00,-1621.00,-212.00,55678.00,7407.00,16036.00,43689.00,6929.00,-69711.00,-6660.00,61323.00,-3127.00,64450.00,-5464.00,1804.00,-138.00,772.00,27649.00,11889.00,15760.00,-2646.00,-4995.00
2005:Q1,6737.00,3484.00,177171.00,-2049.00,74991.00,43469.00,2384.00,17686.00,911.00,4383.00,18105.00,3704.00,6979.00,4990.00,45087.00,181605.00,192390.00,2789.00,-11535.00,979.00,-12514.00,5793.00,-1068.00,413.00,-650.00,-7134.00,89015.00,-96149.00,607.00,7688.00
2005:Q2,2012.00,3565.00,135361.00,-1880.00,42168.00,15338.00,12077.00,-42227.00,27754.00,-3931.00,21665.00,-582.00,-4395.00,255.00,84457.00,130334.00,105731.00,-1306.00,11176.00,1214.00,9962.00,-3311.00,77.00,-1354.00,-650.00,20167.00,22509.00,-2342.00,-196.00,-6581.00
2005:Q3,3179.00,3631.00,160797.00,-1224.00,83470.00,-26933.00,1335.00,-15072.00,-17861.00,2875.00,1790.00,-3912.00,-5783.00,-63.00,115242.00,158408.00,124007.00,7000.00,-5490.00,1002.00,-6492.00,1969.00,10178.00,540.00,-650.00,22057.00,9846.00,12211.00,-1203.00,-2841.00
2005:Q4,586.00,3672.00,-64386.00,-1268.00,-73849.00,42708.00,-3565.00,19592.00,-17069.00,7597.00,36153.00,-23069.00,23342.00,-10852.00,-21398.00,-69655.00,-52280.00,-8359.00,1313.00,4027.00,-2714.00,-1140.00,-2148.00,286.00,-650.00,-6252.00,12490.00,-18742.00,-425.00,-8355.00
2006:Q1,5573.00,4309.00,194777.00,6061.00,33755.00,16363.00,6452.00,-15849.00,29040.00,-7332.00,4052.00,20724.00,-951.00,5923.00,112902.00,183923.00,131544.00,8775.00,35165.00,6994.00,28171.00,2161.00,-7177.00,486.00,-4846.00,18058.00,14334.00,3724.00,-243.00,-9590.00
2006:Q2,5394.00,4385.00,120880.00,12132.00,6389.00,-32213.00,917.00,-68264.00,25142.00,2336.00,7656.00,-680.00,1081.00,1828.00,132343.00,119172.00,32151.00,1633.00,41554.00,825.00,40729.00,305.00,13036.00,246.00,-730.00,31147.00,9428.00,21719.00,-170.00,-699.00
2006:Q3,4994.00,4460.00,260807.00,-4875.00,78878.00,63582.00,6380.00,38191.00,5797.00,503.00,12711.00,14435.00,-363.00,1918.00,107232.00,252060.00,229774.00,1242.00,9242.00,573.00,8669.00,-4496.00,-5610.00,457.00,-1274.00,23557.00,-1001.00,24558.00,-832.00,-8213.00
2006:Q4,6040.00,4527.00,23044.00,10702.00,-134210.00,38684.00,-9690.00,43458.00,-22923.00,12476.00,15363.00,44936.00,-7.00,5901.00,57038.00,15485.00,-6789.00,-5223.00,2272.00,2689.00,-417.00,-5591.00,4951.00,-464.00,1728.00,30172.00,27013.00,3159.00,-5571.00,-6046.00
2007:Q1,-9319.00,5921.00,440339.00,1379.00,161787.00,90441.00,12823.00,25573.00,9726.00,-2456.00,44775.00,-9797.00,13189.00,6693.00,176647.00,446597.00,324100.00,14864.00,42595.00,1429.00,41166.00,7327.00,3373.00,743.00,5839.00,45925.00,-37517.00,83442.00,1831.00,-8982.00
2007:Q2,-7510.00,6021.00,192464.00,7966.00,43218.00,-96949.00,2746.00,-97851.00,-25156.00,5541.00,17771.00,58621.00,7688.00,14098.00,157822.00,190404.00,8840.00,9963.00,64487.00,727.00,63760.00,713.00,13821.00,-65.00,1736.00,92323.00,9159.00,83164.00,-1414.00,-15591.00
2007:Q3,780.00,6108.00,22495.00,-3530.00,-9899.00,132275.00,6155.00,43997.00,92018.00,-8829.00,-1066.00,-35319.00,-6217.00,1288.00,-56103.00,33184.00,92200.00,-7342.00,4967.00,5474.00,-507.00,6989.00,-3344.00,-14.00,1763.00,-61881.00,48463.00,-110344.00,-154.00,5361.00
2007:Q4,-6268.00,6202.00,-137623.00,18685.00,-27710.00,82836.00,1086.00,10374.00,100552.00,4998.00,-34174.00,31056.00,10703.00,2288.00,-255481.00,-109238.00,-159644.00,-21470.00,108363.00,-3632.00,111995.00,17243.00,-16287.00,-1283.00,-358.00,-39123.00,-3663.00,-35460.00,3321.00,15916.00
2008:Q1,-15988.00,5142.00,246211.00,17398.00,93994.00,60376.00,20374.00,51290.00,-7136.00,15951.00,-20103.00,40583.00,-22863.00,3482.00,53241.00,290927.00,136412.00,15566.00,167307.00,41551.00,125756.00,30621.00,-2348.00,-143.00,11937.00,-70510.00,4988.00,-75498.00,2085.00,23586.00
2008:Q2,-19140.00,5150.00,-280499.00,-6773.00,5799.00,-173072.00,-4581.00,-59623.00,3133.00,-14270.00,-97731.00,-73217.00,12298.00,1653.00,-47187.00,-249850.00,-230246.00,4112.00,-73982.00,-50530.00,-23452.00,27409.00,-4407.00,574.00,10437.00,17263.00,41011.00,-23748.00,-1010.00,6359.00
2008:Q3,-24293.00,5104.00,128734.00,46329.00,84752.00,127398.00,51033.00,84124.00,38848.00,10143.00,-56750.00,112397.00,-4293.00,2139.00,-239988.00,165549.00,57987.00,-7555.00,213094.00,213729.00,-635.00,9180.00,-4725.00,-79.00,22727.00,-126508.00,-31075.00,-95433.00,1428.00,7418.00
2008:Q4,-39296.00,4898.00,-1274804.00,-41856.00,-490062.00,-103461.00,-88240.00,199797.00,-107393.00,-23205.00,-84420.00,-237377.00,-13604.00,5987.00,-394431.00,-1195242.00,-829560.00,20141.00,-453161.00,-171917.00,-281244.00,53006.00,-13195.00,-53.00,10660.00,7819.00,89723.00,-81904.00,9101.00,35369.00
2009:Q1,-5649.00,6100.00,-226807.00,-16914.00,64924.00,-117736.00,-15822.00,-59682.00,-20670.00,-1.00,-21561.00,-36238.00,-14866.00,3032.00,-109009.00,-194444.00,-134254.00,-15028.00,-100205.00,-26835.00,-73370.00,34784.00,26627.00,196.00,-2794.00,-9586.00,-134669.00,125083.00,5816.00,20614.00
2009:Q2,9982.00,5902.00,38881.00,-11136.00,-47027.00,9520.00,11383.00,24995.00,-44760.00,-432.00,18334.00,9024.00,-5037.00,2597.00,80940.00,-20209.00,-38146.00,15098.00,-7654.00,-19365.00,11711.00,-34287.00,6719.00,1819.00,3692.00,38034.00,8466.00,29568.00,-5484.00,-55010.00
2009:Q3,17220.00,5813.00,91319.00,-10095.00,42043.00,-62310.00,-11730.00,-50212.00,-35651.00,3587.00,31696.00,22675.00,3991.00,3888.00,91127.00,47761.00,23698.00,6888.00,17797.00,-9233.00,27030.00,-32293.00,12397.00,1748.00,-1885.00,21565.00,-57381.00,78946.00,-2154.00,-32150.00
2009:Q4,15352.00,5784.00,-139689.00,8788.00,-163274.00,-8874.00,-7994.00,17252.00,-30692.00,-6465.00,19025.00,29977.00,11333.00,2983.00,-20622.00,-138978.00,-148083.00,-11174.00,1069.00,2141.00,-1072.00,-627.00,3152.00,-529.00,3110.00,11721.00,16755.00,-5034.00,2383.00,10279.00
2010:Q1,7291.00,4361.00,232678.00,-544.00,224950.00,27581.00,-3043.00,643.00,16630.00,4912.00,8439.00,-14577.00,-16340.00,1703.00,9905.00,214880.00,219026.00,-599.00,-816.00,-160.00,-656.00,-13159.00,-7849.00,-1335.00,2307.00,17332.00,17668.00,-336.00,-27.00,-14868.00
2010:Q2,3929.00,4411.00,-29812.00,-4105.00,84235.00,-13844.00,-5404.00,-36528.00,34375.00,-5327.00,-960.00,18623.00,812.00,3030.00,-118563.00,-8059.00,385.00,8655.00,1529.00,-1124.00,2653.00,20968.00,-10222.00,-24.00,1128.00,-31949.00,-21151.00,-10798.00,1471.00,21271.00
2010:Q3,5482.00,4497.00,-26623.00,3451.00,-74424.00,12105.00,1098.00,-13313.00,11655.00,4192.00,8473.00,15211.00,-10164.00,4166.00,23032.00,-33198.00,-57559.00,-4792.00,14275.00,1368.00,12907.00,-8596.00,3082.00,2008.00,805.00,18379.00,8075.00,10304.00,-800.00,-5590.00
2010:Q4,9135.00,4592.00,58122.00,7400.00,8680.00,19070.00,2051.00,20724.00,-23724.00,810.00,19209.00,43232.00,7218.00,-244.00,-27234.00,46790.00,34016.00,33607.00,14774.00,6164.00,8610.00,-10339.00,-37001.00,-2720.00,8971.00,5248.00,-55780.00,61028.00,234.00,-6789.00
2011:Q1,2231.00,3850.00,78873.00,-8162.00,59583.00,-161.00,3338.00,-16205.00,3380.00,-3545.00,12871.00,36065.00,7921.00,3008.00,-19381.00,74031.00,80880.00,-1484.00,6866.00,299.00,6567.00,-2714.00,314.00,580.00,4845.00,-11925.00,31301.00,-43226.00,-3331.00,-6461.00
2011:Q2,1783.00,3950.00,44171.00,16649.00,17468.00,-9264.00,2651.00,-21990.00,21533.00,3573.00,-15031.00,-811.00,851.00,2977.00,16301.00,56633.00,-9650.00,-18173.00,56607.00,9792.00,46815.00,7704.00,848.00,112.00,6312.00,13243.00,-17620.00,30863.00,-370.00,10296.00
2011:Q3,-1009.00,4123.00,-5441.00,5644.00,144296.00,-44498.00,-1487.00,22610.00,-7957.00,-3979.00,-53685.00,-54532.00,-9381.00,1565.00,-48535.00,41393.00,27548.00,-10854.00,26266.00,17664.00,8602.00,33523.00,-2930.00,-651.00,6295.00,-38914.00,571.00,-39485.00,1110.00,41702.00
2011:Q4,3297.00,4225.00,-88477.00,795.00,-66778.00,52652.00,1401.00,104641.00,-19038.00,-5167.00,-29185.00,-13097.00,-4388.00,-2687.00,-54974.00,-102613.00,-28320.00,-7382.00,-57874.00,3236.00,-61110.00,-24426.00,-2042.00,-1156.00,702.00,18157.00,26109.00,-7952.00,-272.00,-15064.00
2012:Q1,10151.00,3243.00,81121.00,5518.00,-33005.00,71252.00,1564.00,20210.00,920.00,3786.00,44772.00,5133.00,3017.00,4035.00,25171.00,36337.00,31855.00,6189.00,5669.00,-2887.00,8556.00,-45358.00,3054.00,456.00,2507.00,24765.00,68396.00,-43631.00,7200.00,-37877.00
2012:Q2,4809.00,3307.00,14758.00,-12186.00,25707.00,-12493.00,-9016.00,-2602.00,21156.00,-3518.00,-18513.00,-21034.00,2955.00,749.00,31060.00,23684.00,35103.00,4122.00,16670.00,-2623.00,19293.00,6280.00,-3836.00,-143.00,1694.00,-37413.00,-28645.00,-8768.00,1207.00,10428.00
2012:Q3,5363.00,3295.00,28636.00,8308.00,32691.00,-10409.00,-1471.00,-10975.00,-4299.00,-2140.00,8476.00,23748.00,7905.00,2094.00,-35701.00,16136.00,21223.00,-16308.00,8232.00,-338.00,8570.00,-6688.00,-492.00,830.00,3037.00,7504.00,16385.00,-8881.00,-1202.00,-10433.00
2012:Q4,3075.00,3343.00,49197.00,14701.00,29722.00,55538.00,-3286.00,56347.00,4100.00,-2395.00,772.00,42261.00,-4191.00,435.00,-89269.00,50843.00,42989.00,4332.00,2234.00,-3316.00,5550.00,-4975.00,1239.00,-596.00,8696.00,-2573.00,15137.00,-17710.00,-503.00,1378.00
2013:Q1,7175.00,3539.00,-98794.00,-16556.00,-119648.00,-47201.00,24.00,-43905.00,-15700.00,4416.00,7964.00,1721.00,-19510.00,5305.00,97095.00,-116064.00,-123216.00,-1059.00,-6559.00,6918.00,-13477.00,-11349.00,1153.00,1341.00,1517.00,23421.00,8995.00,14426.00,-1313.00,-13634.00
2013:Q2,2017.00,3527.00,-45740.00,10123.00,-39593.00,-90839.00,-559.00,-36985.00,-28077.00,-12017.00,-13201.00,-236.00,4133.00,1507.00,69165.00,-54380.00,-83659.00,13962.00,48380.00,-2110.00,50490.00,-10396.00,257.00,16.00,1936.00,-25037.00,12628.00,-37665.00,161.00,-10150.00
2013:Q3,7658.00,3561.00,-88412.00,-4960.00,-65042.00,-19391.00,1554.00,678.00,-20172.00,-762.00,-689.00,12730.00,-1374.00,2732.00,-13107.00,-88677.00,-91125.00,-6946.00,50.00,2584.00,-2534.00,67.00,-2313.00,162.00,2609.00,13117.00,-30572.00,43689.00,-4298.00,3832.00
2013:Q4,3259.00,3637.00,-65153.00,-5077.00,-92922.00,-28860.00,-2299.00,-30284.00,8506.00,368.00,-5151.00,32103.00,35369.00,1754.00,-7520.00,-74947.00,-141313.00,16277.00,27018.00,3041.00,23977.00,-9274.00,1216.00,-876.00,1950.00,29802.00,80634.00,-50832.00,253.00,-10173.00
2014:Q1,2486.00,3815.00,19946.00,496.00,-47696.00,-25737.00,5696.00,-28001.00,-824.00,-1776.00,-832.00,-19270.00,-21380.00,764.00,132769.00,15815.00,-55959.00,10327.00,55459.00,4761.00,50698.00,-1772.00,239.00,798.00,1128.00,4623.00,27362.00,-22739.00,972.00,-5460.00
2014:Q2,2633.00,3894.00,-45240.00,2129.00,-42998.00,-20757.00,-1950.00,-28071.00,849.00,1336.00,7079.00,54751.00,7988.00,357.00,-46710.00,-42794.00,-35483.00,-9346.00,1565.00,1176.00,389.00,-27.00,2985.00,620.00,223.00,-3001.00,30363.00,-33364.00,-330.00,1184.00
2014:Q3,1136.00,3989.00,-47422.00,2363.00,-9845.00,-46072.00,-11523.00,-23946.00,-7492.00,-1994.00,-1117.00,16935.00,13438.00,1952.00,-26193.00,-47694.00,-70833.00,10521.00,28341.00,2452.00,25889.00,-123.00,2098.00,271.00,222.00,-19914.00,-39270.00,19356.00,1723.00,-3125.00
2014:Q4,175.00,3990.00,-80949.00,-4946.00,-67678.00,3377.00,-37.00,4153.00,15209.00,2662.00,-18610.00,-13888.00,8638.00,2935.00,-9387.00,-90422.00,-58590.00,-22.00,-19931.00,3576.00,-23507.00,-9783.00,-1956.00,-1363.00,3129.00,-1588.00,9455.00,-11043.00,-318.00,-13288.00
2015:Q1,-3819.00,4205.00,-18167.00,5899.00,-13947.00,7579.00,852.00,3513.00,2385.00,1764.00,-935.00,-21199.00,-25964.00,1507.00,27958.00,-14234.00,-12447.00,-16466.00,1916.00,343.00,1573.00,2630.00,1262.00,824.00,1876.00,6483.00,8716.00,-2233.00,-312.00,-4091.00
2015:Q2,-2288.00,4216.00,-41893.00,-3568.00,32407.00,-25977.00,-2058.00,-20102.00,1218.00,-1666.00,-3369.00,8639.00,2791.00,4805.00,-60990.00,-40739.00,-54957.00,28382.00,-25410.00,1509.00,-26919.00,-2422.00,4434.00,-626.00,3940.00,6409.00,39860.00,-33451.00,-489.00,-5350.00
2015:Q3,-2264.00,4254.00,5977.00,1459.00,72427.00,-10714.00,-97.00,9962.00,-2752.00,-3070.00,-14757.00,-74343.00,-5673.00,2357.00,20464.00,24038.00,13420.00,-407.00,-4131.00,-5172.00,1041.00,9753.00,590.00,-169.00,7260.00,-8323.00,18107.00,-26430.00,6045.00,11543.00
2015:Q4,-1404.00,4236.00,-156584.00,-9476.00,-110371.00,-7546.00,-65.00,11760.00,-13014.00,-1942.00,-4285.00,-3201.00,18496.00,2566.00,-47052.00,-158756.00,-125426.00,-4090.00,-21684.00,2336.00,-24020.00,-6435.00,2106.00,-855.00,3192.00,-2639.00,46343.00,-48982.00,-2925.00,-7812.00
2016:Q1,3652.00,4239.00,6695.00,4809.00,-17976.00,-5264.00,804.00,25467.00,-7172.00,4829.00,-29192.00,-15891.00,-31020.00,4793.00,67244.00,25425.00,-2216.00,-11834.00,39157.00,-295.00,39452.00,6045.00,-1023.00,849.00,17148.00,-20738.00,50310.00,-71048.00,-1963.00,18143.00
2016:Q2,2348.00,4243.00,65759.00,3087.00,82112.00,25287.00,-3252.00,-3082.00,19612.00,875.00,11134.00,4970.00,1000.00,3110.00,-53807.00,64220.00,56869.00,-8454.00,12083.00,8323.00,3760.00,-2400.00,1623.00,-566.00,3388.00,2486.00,-11034.00,13520.00,-809.00,-3434.00
