date,FL544090075.Q,FL543020073.Q,FL543034073.Q,FL542051073.Q,LM544022075.Q,LM543069170.Q,LM543061173.Q,LM543061773.Q,LM543062073.Q,LM543063075.Q,FL544023075.Q,FL543069075.Q,FL543065070.Q,LM543064175.Q,LM543064273.Q,FL543092073.Q,FL543090075.Q,FL544190075.Q,FL542151073.Q,FL543169373.Q,FL543140073.Q,FL543150075.Q,FL543178073.Q,FL543192073.Q,FL543190075.Q
1945:Q4,43946.00,780.00,0.00,0.00,32611.00,0.00,20589.00,0.00,722.00,11300.00,8598.00,1962.00,6636.00,999.00,0.00,97.00,861.00,41555.00,0.00,0.00,35967.00,2700.00,26.00,275.00,2587.00
1946:Q1,ND,ND,ND,ND,ND,ND,ND,ND,ND,ND,ND,ND,ND,ND,ND,ND,ND,ND,ND,ND,ND,ND,ND,ND,ND
1946:Q2,ND,ND,ND,ND,ND,ND,ND,ND,ND,ND,ND,ND,ND,ND,ND,ND,ND,ND,ND,ND,ND,ND,ND,ND,ND
1946:Q3,ND,ND,ND,ND,ND,ND,ND,ND,ND,ND,ND,ND,ND,ND,ND,ND,ND,ND,ND,ND,ND,ND,ND,ND,ND
1946:Q4,47460.00,774.00,0.00,0.00,35354.00,0.00,21635.00,0.00,614.00,13105.00,9049.00,1894.00,7155.00,1249.00,0.00,101.00,933.00,44886.00,0.00,0.00,38602.00,3100.00,22.00,276.00,2886.00
1947:Q1,ND,ND,ND,ND,ND,ND,ND,ND,ND,ND,ND,ND,ND,ND,ND,ND,ND,ND,ND,ND,ND,ND,ND,ND,ND
1947:Q2,ND,ND,ND,ND,ND,ND,ND,ND,ND,ND,ND,ND,ND,ND,ND,ND,ND,ND,ND,ND,ND,ND,ND,ND,ND
1947:Q3,ND,ND,ND,ND,ND,ND,ND,ND,ND,ND,ND,ND,ND,ND,ND,ND,ND,ND,ND,ND,ND,ND,ND,ND,ND
1947:Q4,50900.00,1020.00,0.00,0.00,36774.00,0.00,20040.00,0.00,609.00,16125.00,10612.00,1937.00,8675.00,1390.00,0.00,105.00,999.00,48306.00,0.00,0.00,41147.00,3600.00,2.00,277.00,3280.00
1948:Q1,ND,ND,ND,ND,ND,ND,ND,ND,ND,ND,ND,ND,ND,ND,ND,ND,ND,ND,ND,ND,ND,ND,ND,ND,ND
1948:Q2,ND,ND,ND,ND,ND,ND,ND,ND,ND,ND,ND,ND,ND,ND,ND,ND,ND,ND,ND,ND,ND,ND,ND,ND,ND
1948:Q3,ND,ND,ND,ND,ND,ND,ND,ND,ND,ND,ND,ND,ND,ND,ND,ND,ND,ND,ND,ND,ND,ND,ND,ND,ND
1948:Q4,54520.00,915.00,0.00,0.00,38042.00,0.00,16812.00,0.00,872.00,20358.00,12890.00,2057.00,10833.00,1428.00,0.00,109.00,1136.00,51802.00,0.00,0.00,43777.00,4200.00,2.00,279.00,3544.00
1949:Q1,ND,ND,ND,ND,ND,ND,ND,ND,ND,ND,ND,ND,ND,ND,ND,ND,ND,ND,ND,ND,ND,ND,ND,ND,ND
1949:Q2,ND,ND,ND,ND,ND,ND,ND,ND,ND,ND,ND,ND,ND,ND,ND,ND,ND,ND,ND,ND,ND,ND,ND,ND,ND
1949:Q3,ND,ND,ND,ND,ND,ND,ND,ND,ND,ND,ND,ND,ND,ND,ND,ND,ND,ND,ND,ND,ND,ND,ND,ND,ND
1949:Q4,58390.00,908.00,0.00,0.00,39281.00,0.00,15298.00,0.00,1052.00,22931.00,15146.00,2240.00,12906.00,1718.00,0.00,113.00,1224.00,55527.00,0.00,0.00,46444.00,4825.00,47.00,281.00,3930.00
1950:Q1,ND,ND,ND,ND,ND,ND,ND,ND,ND,ND,ND,ND,ND,ND,ND,ND,ND,ND,ND,ND,ND,ND,ND,ND,ND
1950:Q2,ND,ND,ND,ND,ND,ND,ND,ND,ND,ND,ND,ND,ND,ND,ND,ND,ND,ND,ND,ND,ND,ND,ND,ND,ND
1950:Q3,ND,ND,ND,ND,ND,ND,ND,ND,ND,ND,ND,ND,ND,ND,ND,ND,ND,ND,ND,ND,ND,ND,ND,ND,ND
1950:Q4,62599.00,1005.00,0.00,0.00,39390.00,0.00,13486.00,0.00,1152.00,24752.00,18515.00,2413.00,16102.00,2103.00,0.00,119.00,1467.00,59243.00,0.00,0.00,49080.00,5600.00,76.00,284.00,4203.00
1951:Q1,ND,ND,ND,ND,ND,ND,ND,ND,ND,ND,ND,ND,ND,ND,ND,ND,ND,ND,ND,ND,ND,ND,ND,ND,ND
1951:Q2,ND,ND,ND,ND,ND,ND,ND,ND,ND,ND,ND,ND,ND,ND,ND,ND,ND,ND,ND,ND,ND,ND,ND,ND,ND
1951:Q3,ND,ND,ND,ND,ND,ND,ND,ND,ND,ND,ND,ND,ND,ND,ND,ND,ND,ND,ND,ND,ND,ND,ND,ND,ND
1951:Q4,66633.00,1085.00,0.00,0.00,39647.00,0.00,11034.00,0.00,1142.00,27471.00,21904.00,2590.00,19314.00,2221.00,0.00,126.00,1650.00,63221.00,0.00,0.00,51635.00,6575.00,133.00,287.00,4591.00
1952:Q1,67779.00,1015.00,0.00,0.00,40192.00,0.00,10818.00,0.00,1133.00,28241.00,22516.00,2627.00,19889.00,2236.00,0.00,126.00,1694.00,64292.00,0.00,0.00,52288.00,6845.00,165.00,287.00,4707.00
1952:Q2,68730.00,1077.00,0.00,0.00,40480.00,0.00,10363.00,0.00,1123.00,28994.00,23010.00,2661.00,20349.00,2301.00,0.00,128.00,1734.00,65428.00,0.00,0.00,52976.00,7129.00,148.00,288.00,4887.00
1952:Q3,70039.00,1065.00,0.00,0.00,41317.00,0.00,10455.00,0.00,1163.00,29699.00,23509.00,2697.00,20812.00,2245.00,0.00,130.00,1773.00,66618.00,0.00,0.00,53707.00,7417.00,159.00,289.00,5046.00
1952:Q4,71472.00,1146.00,0.00,0.00,41974.00,0.00,10252.00,0.00,1153.00,30569.00,23964.00,2713.00,21251.00,2446.00,0.00,135.00,1807.00,67837.00,0.00,0.00,54480.00,7700.00,149.00,304.00,5204.00
1953:Q1,72555.00,990.00,0.00,0.00,42691.00,0.00,10120.00,0.00,1203.00,31368.00,24499.00,2758.00,21741.00,2396.00,0.00,137.00,1842.00,69035.00,0.00,0.00,55246.00,7980.00,139.00,305.00,5365.00
1953:Q2,73669.00,948.00,0.00,0.00,43255.00,0.00,10090.00,0.00,1218.00,31947.00,25059.00,2806.00,22253.00,2395.00,0.00,139.00,1873.00,70194.00,0.00,0.00,55988.00,8259.00,125.00,307.00,5515.00
1953:Q3,74822.00,1030.00,0.00,0.00,43746.00,0.00,9987.00,0.00,1258.00,32501.00,25586.00,2850.00,22736.00,2413.00,0.00,141.00,1906.00,71334.00,0.00,0.00,56701.00,8539.00,160.00,309.00,5625.00
1953:Q4,76513.00,1215.00,0.00,0.00,44402.00,0.00,9829.00,0.00,1298.00,33275.00,26236.00,2914.00,23322.00,2573.00,0.00,145.00,1942.00,72482.00,0.00,0.00,57388.00,8825.00,231.00,317.00,5721.00
1954:Q1,77851.00,1060.00,0.00,0.00,45097.00,0.00,9720.00,0.00,1463.00,33914.00,26789.00,2972.00,23817.00,2773.00,0.00,147.00,1985.00,73655.00,0.00,0.00,58093.00,9113.00,185.00,319.00,5945.00
1954:Q2,79180.00,1101.00,0.00,0.00,45513.00,0.00,9399.00,0.00,1657.00,34457.00,27464.00,3032.00,24432.00,2920.00,0.00,150.00,2032.00,74864.00,0.00,0.00,58831.00,9401.00,140.00,321.00,6171.00
1954:Q3,80504.00,1111.00,0.00,0.00,45899.00,0.00,9138.00,0.00,1791.00,34970.00,28167.00,3084.00,25083.00,3093.00,0.00,153.00,2081.00,76079.00,0.00,0.00,59600.00,9695.00,168.00,323.00,6293.00
1954:Q4,82188.00,1240.00,0.00,0.00,46294.00,0.00,9070.00,0.00,1846.00,35378.00,29103.00,3127.00,25976.00,3268.00,0.00,155.00,2128.00,77273.00,0.00,0.00,60389.00,10000.00,183.00,356.00,6345.00
1955:Q1,83468.00,1061.00,0.00,0.00,46861.00,0.00,9136.00,0.00,1984.00,35741.00,29956.00,3188.00,26768.00,3261.00,0.00,158.00,2171.00,78486.00,0.00,0.00,61170.00,10322.00,189.00,358.00,6447.00
1955:Q2,84870.00,1089.00,0.00,0.00,47167.00,0.00,9086.00,0.00,1984.00,36097.00,30743.00,3225.00,27518.00,3499.00,0.00,161.00,2211.00,79744.00,0.00,0.00,61931.00,10663.00,156.00,360.00,6634.00
1955:Q3,86384.00,1160.00,0.00,0.00,47656.00,0.00,9164.00,0.00,2016.00,36476.00,31544.00,3267.00,28277.00,3606.00,0.00,164.00,2254.00,81038.00,0.00,0.00,62688.00,11004.00,198.00,362.00,6786.00
1955:Q4,87851.00,1265.00,0.00,0.00,47741.00,0.00,8576.00,0.00,2038.00,37127.00,32735.00,3290.00,29445.00,3633.00,0.00,167.00,2310.00,82351.00,0.00,0.00,63459.00,11325.00,222.00,390.00,6955.00
1956:Q1,89198.00,1050.00,0.00,0.00,48058.00,0.00,8077.00,0.00,2193.00,37788.00,33742.00,3346.00,30396.00,3800.00,0.00,170.00,2378.00,83649.00,0.00,0.00,64251.00,11624.00,204.00,392.00,7178.00
1956:Q2,90346.00,1086.00,0.00,0.00,48330.00,0.00,7954.00,0.00,2186.00,38190.00,34706.00,3414.00,31292.00,3591.00,0.00,173.00,2460.00,84916.00,0.00,0.00,65070.00,11895.00,154.00,393.00,7404.00
1956:Q3,91670.00,1084.00,0.00,0.00,48852.00,0.00,7834.00,0.00,2251.00,38767.00,35562.00,3450.00,32112.00,3453.00,0.00,176.00,2543.00,86159.00,0.00,0.00,65875.00,12175.00,244.00,394.00,7471.00
1956:Q4,93194.00,1281.00,0.00,0.00,49107.00,0.00,7555.00,0.00,2273.00,39279.00,36508.00,3519.00,32989.00,3503.00,0.00,179.00,2616.00,87397.00,0.00,0.00,66626.00,12500.00,262.00,399.00,7610.00
1957:Q1,94264.00,1074.00,0.00,0.00,49675.00,0.00,7478.00,0.00,2289.00,39908.00,37274.00,3595.00,33679.00,3378.00,0.00,182.00,2681.00,88620.00,0.00,0.00,67324.00,12868.00,261.00,400.00,7767.00
1957:Q2,95874.00,1142.00,0.00,0.00,50173.00,0.00,7348.00,0.00,2322.00,40503.00,37859.00,3678.00,34181.00,3773.00,0.00,185.00,2742.00,89812.00,0.00,0.00,67969.00,13279.00,185.00,401.00,7978.00
1957:Q3,97013.00,1150.00,0.00,0.00,50844.00,0.00,7289.00,0.00,2348.00,41207.00,38461.00,3766.00,34695.00,3570.00,0.00,188.00,2800.00,91020.00,0.00,0.00,68606.00,13700.00,224.00,402.00,8088.00
1957:Q4,98190.00,1292.00,0.00,0.00,51356.00,0.00,7029.00,0.00,2376.00,41951.00,39105.00,3869.00,35236.00,3391.00,0.00,192.00,2854.00,92289.00,0.00,0.00,69277.00,14100.00,264.00,389.00,8259.00
1958:Q1,99511.00,1170.00,0.00,0.00,52099.00,0.00,7087.00,0.00,2460.00,42552.00,39663.00,3970.00,35693.00,3479.00,0.00,195.00,2905.00,93596.00,0.00,0.00,69991.00,14475.00,387.00,390.00,8353.00
1958:Q2,100834.00,1210.00,0.00,0.00,52766.00,0.00,7075.00,0.00,2534.00,43157.00,40087.00,4058.00,36029.00,3626.00,0.00,199.00,2946.00,94948.00,0.00,0.00,70755.00,14826.00,300.00,390.00,8677.00
1958:Q3,102424.00,1217.00,0.00,0.00,53619.00,0.00,7295.00,0.00,2613.00,43711.00,40563.00,4125.00,36438.00,3831.00,0.00,202.00,2992.00,96268.00,0.00,0.00,71533.00,15189.00,335.00,390.00,8821.00
1958:Q4,104266.00,1366.00,0.00,0.00,54283.00,17.00,7183.00,50.00,2681.00,44352.00,41250.00,4188.00,37062.00,4109.00,0.00,206.00,3052.00,97497.00,0.00,0.00,72294.00,15600.00,348.00,432.00,8823.00
1959:Q1,105475.00,1218.00,0.00,0.00,55051.00,124.00,7212.00,61.00,2828.00,44826.00,41734.00,4273.00,37461.00,4133.00,0.00,210.00,3129.00,98755.00,0.00,0.00,73063.00,16068.00,380.00,432.00,8812.00
1959:Q2,107121.00,1206.00,0.00,0.00,55888.00,215.00,7228.00,74.00,2991.00,45380.00,42216.00,4367.00,37849.00,4375.00,0.00,213.00,3223.00,100073.00,0.00,0.00,73834.00,16602.00,339.00,433.00,8865.00
1959:Q3,108266.00,1158.00,0.00,0.00,56375.00,200.00,7183.00,82.00,3148.00,45762.00,42887.00,4474.00,38413.00,4309.00,0.00,217.00,3320.00,101516.00,0.00,0.00,74667.00,17129.00,418.00,434.00,8868.00
1959:Q4,109999.00,1309.00,0.00,0.00,56686.00,118.00,6868.00,72.00,3200.00,46428.00,43815.00,4618.00,39197.00,4561.00,0.00,221.00,3407.00,103111.00,0.00,0.00,75606.00,17575.00,434.00,451.00,9045.00
1960:Q1,111045.00,1127.00,0.00,0.00,57148.00,137.00,6828.00,73.00,3284.00,46826.00,44691.00,4786.00,39905.00,4368.00,0.00,225.00,3486.00,104654.00,0.00,0.00,76524.00,17946.00,376.00,452.00,9356.00
1960:Q2,112582.00,1188.00,0.00,0.00,57481.00,176.00,6574.00,100.00,3357.00,47274.00,45484.00,4966.00,40518.00,4642.00,0.00,229.00,3558.00,106060.00,0.00,0.00,77383.00,18248.00,337.00,454.00,9638.00
1960:Q3,113742.00,1183.00,0.00,0.00,58052.00,249.00,6577.00,105.00,3510.00,47611.00,46188.00,5112.00,41076.00,4456.00,0.00,233.00,3630.00,107323.00,0.00,0.00,78133.00,18532.00,383.00,456.00,9819.00
1960:Q4,115811.00,1330.00,0.00,0.00,58555.00,294.00,6427.00,101.00,3588.00,48145.00,47002.00,5231.00,41771.00,4981.00,0.00,237.00,3706.00,108485.00,0.00,0.00,78758.00,18850.00,418.00,471.00,9988.00
1961:Q1,117811.00,1232.00,0.00,0.00,59235.00,360.00,6543.00,91.00,3693.00,48548.00,47694.00,5373.00,42321.00,5621.00,0.00,241.00,3788.00,109728.00,0.00,0.00,79425.00,19191.00,424.00,473.00,10215.00
1961:Q2,119209.00,1270.00,0.00,0.00,59762.00,324.00,6408.00,81.00,3728.00,49221.00,48464.00,5523.00,42941.00,5593.00,0.00,245.00,3875.00,111135.00,0.00,0.00,80196.00,19544.00,357.00,474.00,10564.00
1961:Q3,120753.00,1309.00,0.00,0.00,60490.00,332.00,6428.00,103.00,3808.00,49819.00,49015.00,5634.00,43381.00,5729.00,0.00,249.00,3961.00,112652.00,0.00,0.00,81095.00,19900.00,379.00,475.00,10803.00
1961:Q4,122809.00,1392.00,0.00,0.00,60932.00,193.00,6134.00,110.00,3888.00,50607.00,49936.00,5733.00,44203.00,6258.00,0.00,254.00,4037.00,114198.00,0.00,0.00,82112.00,20250.00,386.00,527.00,10923.00
1962:Q1,124284.00,1219.00,0.00,0.00,61952.00,513.00,6307.00,121.00,4039.00,50972.00,50454.00,5848.00,44606.00,6290.00,4.00,258.00,4107.00,115718.00,0.00,0.00,83115.00,20591.00,495.00,528.00,10989.00
1962:Q2,124401.00,1213.00,0.00,0.00,62616.00,521.00,6279.00,115.00,4024.00,51677.00,51114.00,5995.00,45119.00,5017.00,11.00,263.00,4167.00,117195.00,0.00,0.00,84072.00,20920.00,429.00,529.00,11245.00
1962:Q3,126516.00,1289.00,0.00,0.00,63401.00,643.00,6331.00,142.00,4073.00,52212.00,51794.00,6124.00,45670.00,5520.00,18.00,268.00,4226.00,118688.00,0.00,0.00,84951.00,21258.00,471.00,530.00,11478.00
1962:Q4,129184.00,1457.00,0.00,0.00,63722.00,347.00,6170.00,105.00,4026.00,53074.00,53136.00,6234.00,46902.00,6280.00,22.00,272.00,4295.00,120259.00,0.00,0.00,85754.00,21625.00,440.00,505.00,11935.00
1963:Q1,130989.00,1230.00,0.00,0.00,64571.00,599.00,6022.00,100.00,4029.00,53821.00,53875.00,6348.00,47527.00,6642.00,22.00,277.00,4372.00,121779.00,0.00,0.00,86678.00,22016.00,613.00,506.00,11966.00
1963:Q2,132679.00,1246.00,0.00,0.00,65049.00,487.00,5746.00,118.00,3939.00,54759.00,54785.00,6472.00,48313.00,6843.00,17.00,282.00,4457.00,123349.00,0.00,0.00,87667.00,22427.00,452.00,506.00,12297.00
1963:Q3,134632.00,1350.00,0.00,0.00,65704.00,619.00,5841.00,121.00,3876.00,55247.00,55773.00,6567.00,49206.00,6960.00,14.00,287.00,4544.00,125007.00,0.00,0.00,88729.00,22856.00,443.00,506.00,12473.00
1963:Q4,136802.00,1466.00,0.00,0.00,66083.00,380.00,5813.00,139.00,3852.00,55899.00,57199.00,6655.00,50544.00,7118.00,17.00,292.00,4627.00,126776.00,0.00,0.00,89860.00,23300.00,434.00,532.00,12650.00
1964:Q1,138773.00,1294.00,0.00,0.00,66778.00,506.00,5788.00,121.00,3843.00,56520.00,58232.00,6777.00,51455.00,7433.00,33.00,297.00,4706.00,128509.00,0.00,0.00,90916.00,23764.00,538.00,532.00,12759.00
1964:Q2,140593.00,1279.00,0.00,0.00,67190.00,297.00,5715.00,136.00,3802.00,57240.00,59400.00,6911.00,52489.00,7581.00,60.00,302.00,4781.00,130282.00,0.00,0.00,91979.00,24250.00,474.00,533.00,13046.00
1964:Q3,142626.00,1314.00,0.00,0.00,67759.00,373.00,5840.00,139.00,3822.00,57585.00,60553.00,7029.00,53524.00,7747.00,87.00,308.00,4858.00,132100.00,0.00,0.00,93062.00,24748.00,556.00,534.00,13200.00
1964:Q4,144942.00,1488.00,0.00,0.00,67963.00,248.00,5594.00,129.00,3774.00,58218.00,62292.00,7140.00,55152.00,7834.00,104.00,313.00,4948.00,133966.00,0.00,0.00,94172.00,25250.00,552.00,567.00,13425.00
1965:Q1,147055.00,1286.00,0.00,0.00,68718.00,474.00,5639.00,136.00,3746.00,58723.00,63586.00,7269.00,56317.00,7985.00,113.00,319.00,5048.00,135901.00,0.00,0.00,95239.00,25837.00,566.00,568.00,13691.00
1965:Q2,148567.00,1279.00,0.00,0.00,69144.00,579.00,5358.00,151.00,3674.00,59382.00,64766.00,7419.00,57347.00,7778.00,116.00,324.00,5160.00,137926.00,0.00,0.00,96438.00,26341.00,483.00,567.00,14097.00
1965:Q3,151504.00,1296.00,0.00,0.00,69914.00,741.00,5298.00,179.00,3595.00,60101.00,65974.00,7561.00,58413.00,8597.00,117.00,330.00,5276.00,139951.00,0.00,0.00,97677.00,26818.00,534.00,566.00,14356.00
1965:Q4,154203.00,1503.00,0.00,0.00,70152.00,293.00,5119.00,167.00,3530.00,61043.00,67691.00,7678.00,60013.00,9006.00,120.00,336.00,5395.00,141888.00,0.00,0.00,98863.00,27325.00,532.00,564.00,14604.00
1966:Q1,156377.00,1073.00,0.00,0.00,71420.00,286.00,5171.00,191.00,3539.00,62233.00,69093.00,7861.00,61232.00,8977.00,124.00,342.00,5348.00,143555.00,0.00,0.00,100008.00,27846.00,636.00,563.00,14502.00
1966:Q2,157927.00,1097.00,0.00,0.00,71545.00,219.00,4921.00,232.00,3366.00,62807.00,70682.00,8173.00,62509.00,8799.00,128.00,348.00,5328.00,145674.00,0.00,0.00,101122.00,28367.00,537.00,565.00,15083.00
1966:Q3,159163.00,1159.00,0.00,0.00,71883.00,298.00,4852.00,241.00,3320.00,63172.00,72222.00,8657.00,63565.00,8109.00,133.00,354.00,5303.00,147972.00,0.00,0.00,102253.00,28892.00,566.00,567.00,15694.00
1966:Q4,162287.00,1547.00,0.00,0.00,72215.00,380.00,4921.00,236.00,3260.00,63418.00,73726.00,9117.00,64609.00,8692.00,140.00,360.00,5607.00,149852.00,0.00,0.00,103450.00,29425.00,592.00,539.00,15846.00
1967:Q1,166102.00,1308.00,0.00,0.00,73154.00,553.00,4855.00,237.00,3217.00,64292.00,74865.00,9396.00,65469.00,9935.00,150.00,368.00,6322.00,152013.00,0.00,0.00,104691.00,29976.00,803.00,541.00,16002.00
1967:Q2,168069.00,1384.00,0.00,0.00,73939.00,865.00,4690.00,242.00,3157.00,64985.00,75796.00,9670.00,66126.00,10051.00,163.00,377.00,6359.00,154176.00,0.00,0.00,105904.00,30617.00,481.00,542.00,16632.00
1967:Q3,170761.00,1431.00,0.00,0.00,75202.00,1138.00,4717.00,238.00,3129.00,65980.00,76507.00,9860.00,66647.00,10671.00,177.00,386.00,6387.00,156587.00,0.00,0.00,107126.00,31276.00,512.00,543.00,17130.00
1967:Q4,172645.00,1576.00,0.00,0.00,75766.00,480.00,4683.00,230.00,3145.00,67228.00,77575.00,10059.00,67516.00,10687.00,190.00,394.00,6457.00,158959.00,0.00,0.00,108335.00,31939.00,481.00,570.00,17634.00
1968:Q1,173891.00,1164.00,0.00,0.00,77191.00,676.00,4678.00,266.00,3175.00,68396.00,78309.00,10336.00,67973.00,10053.00,199.00,404.00,6571.00,161204.00,0.00,0.00,109535.00,32612.00,643.00,571.00,17843.00
1968:Q2,177236.00,1225.00,0.00,0.00,77854.00,670.00,4447.00,252.00,3173.00,69312.00,79118.00,10697.00,68421.00,11713.00,201.00,413.00,6712.00,163415.00,0.00,0.00,110727.00,33300.00,553.00,573.00,18262.00
1968:Q3,180017.00,1434.00,0.00,0.00,78746.00,801.00,4528.00,263.00,3169.00,69985.00,79949.00,11042.00,68907.00,12385.00,211.00,423.00,6869.00,165494.00,0.00,0.00,111924.00,33797.00,629.00,575.00,18569.00
1968:Q4,183067.00,1682.00,0.00,0.00,79406.00,526.00,4456.00,294.00,3194.00,70936.00,81281.00,11306.00,69975.00,12986.00,244.00,432.00,7036.00,168139.00,0.00,0.00,113138.00,34696.00,643.00,599.00,19063.00
1969:Q1,185064.00,1347.00,0.00,0.00,80729.00,854.00,4339.00,317.00,3230.00,71989.00,82107.00,11725.00,70382.00,12893.00,301.00,442.00,7245.00,170346.00,0.00,0.00,114364.00,35300.00,806.00,601.00,19275.00
1969:Q2,186592.00,1217.00,0.00,0.00,80898.00,698.00,4129.00,345.00,3224.00,72502.00,83219.00,12361.00,70858.00,12966.00,382.00,453.00,7457.00,172647.00,0.00,0.00,115597.00,36003.00,636.00,604.00,19807.00
1969:Q3,188662.00,1279.00,0.00,0.00,81529.00,1019.00,4088.00,382.00,3224.00,72816.00,84550.00,13182.00,71368.00,12751.00,470.00,463.00,7620.00,174974.00,0.00,0.00,116844.00,36718.00,723.00,607.00,20082.00
1969:Q4,191296.00,1634.00,0.00,0.00,81773.00,1365.00,4124.00,390.00,3221.00,72673.00,85852.00,13825.00,72027.00,13157.00,550.00,474.00,7856.00,177462.00,0.00,0.00,118110.00,37561.00,698.00,569.00,20524.00
1970:Q1,193695.00,1477.00,0.00,0.00,82664.00,1715.00,4080.00,448.00,3235.00,73186.00,87217.00,14544.00,72673.00,13164.00,634.00,485.00,8054.00,179894.00,0.00,0.00,119382.00,38343.00,884.00,572.00,20713.00
1970:Q2,192857.00,1381.00,0.00,0.00,82946.00,1655.00,4014.00,445.00,3229.00,73603.00,88418.00,15191.00,73227.00,10634.00,734.00,496.00,8248.00,182304.00,0.00,0.00,120646.00,39123.00,686.00,574.00,21275.00
1970:Q3,197560.00,1430.00,0.00,0.00,84206.00,2519.00,4147.00,488.00,3272.00,73780.00,89285.00,15703.00,73582.00,12875.00,817.00,507.00,8440.00,184847.00,0.00,0.00,121951.00,39971.00,785.00,576.00,21564.00
1970:Q4,200934.00,1758.00,0.00,0.00,84166.00,2142.00,4042.00,532.00,3306.00,74144.00,90439.00,16064.00,74375.00,14571.00,849.00,519.00,8632.00,187682.00,0.00,0.00,123345.00,40960.00,823.00,587.00,21967.00
1971:Q1,205643.00,1549.00,0.00,0.00,86170.00,3018.00,4004.00,539.00,3314.00,75295.00,90829.00,16296.00,74533.00,16889.00,831.00,531.00,8844.00,190743.00,0.00,0.00,124827.00,42102.00,948.00,589.00,22277.00
1971:Q2,207892.00,1482.00,0.00,0.00,87571.00,3679.00,3722.00,539.00,3339.00,76292.00,91040.00,16531.00,74509.00,17425.00,763.00,543.00,9068.00,194037.00,0.00,0.00,126393.00,43385.00,815.00,592.00,22852.00
1971:Q3,211457.00,1507.00,0.00,0.00,89324.00,4078.00,3751.00,613.00,3366.00,77516.00,91563.00,16812.00,74751.00,18539.00,677.00,556.00,9291.00,197487.00,0.00,0.00,128005.00,44749.00,895.00,595.00,23243.00
1971:Q4,215198.00,1763.00,0.00,0.00,90198.00,2770.00,3828.00,627.00,3363.00,79610.00,92561.00,17065.00,75496.00,20007.00,600.00,569.00,9500.00,201018.00,0.00,0.00,129626.00,46131.00,796.00,664.00,23801.00
1972:Q1,219707.00,1164.00,0.00,0.00,92914.00,3952.00,3990.00,716.00,3351.00,80905.00,92665.00,17267.00,75398.00,22123.00,526.00,582.00,9733.00,204755.00,0.00,0.00,131265.00,47585.00,940.00,667.00,24298.00
1972:Q2,222267.00,1328.00,0.00,0.00,94233.00,3564.00,3722.00,699.00,3351.00,82897.00,92926.00,17522.00,75404.00,22773.00,435.00,595.00,9977.00,208798.00,0.00,0.00,132932.00,49169.00,739.00,669.00,25289.00
1972:Q3,226847.00,1422.00,0.00,0.00,97031.00,4799.00,3875.00,750.00,3362.00,84245.00,93359.00,17771.00,75588.00,23848.00,357.00,609.00,10221.00,212782.00,0.00,0.00,134626.00,50718.00,835.00,671.00,25932.00
1972:Q4,232365.00,1981.00,0.00,0.00,97512.00,2981.00,3827.00,735.00,3367.00,86602.00,94951.00,18003.00,76948.00,26528.00,317.00,623.00,10453.00,216334.00,0.00,0.00,136349.00,52063.00,811.00,757.00,26354.00
1973:Q1,235349.00,1524.00,0.00,0.00,100941.00,5237.00,3824.00,764.00,3332.00,87784.00,95450.00,18284.00,77166.00,25801.00,321.00,638.00,10674.00,220128.00,0.00,0.00,138110.00,53212.00,993.00,759.00,27054.00
1973:Q2,236853.00,1502.00,0.00,0.00,101952.00,4479.00,3572.00,815.00,3374.00,89712.00,96695.00,18713.00,77982.00,24798.00,366.00,653.00,10887.00,223461.00,0.00,0.00,139918.00,54172.00,786.00,767.00,27818.00
1973:Q3,243615.00,1436.00,0.00,0.00,103250.00,4100.00,3466.00,909.00,3396.00,91379.00,98784.00,19597.00,79187.00,27956.00,425.00,668.00,11096.00,226664.00,0.00,0.00,141735.00,55084.00,873.00,775.00,28197.00
1973:Q4,244750.00,2071.00,0.00,0.00,103199.00,3004.00,3444.00,884.00,3412.00,92455.00,101568.00,20199.00,81369.00,25449.00,470.00,683.00,11310.00,230065.00,0.00,0.00,143522.00,56089.00,847.00,888.00,28719.00
1974:Q1,250381.00,1494.00,0.00,0.00,106362.00,4414.00,3596.00,932.00,3485.00,93935.00,102823.00,20643.00,82180.00,26890.00,512.00,699.00,11601.00,233374.00,0.00,0.00,145272.00,57019.00,1024.00,896.00,29163.00
1974:Q2,251347.00,1452.00,0.00,0.00,107088.00,3882.00,3349.00,937.00,3577.00,95343.00,104530.00,21305.00,83225.00,25074.00,560.00,715.00,11928.00,236406.00,0.00,0.00,146977.00,57733.00,809.00,830.00,30057.00
1974:Q3,248506.00,1503.00,0.00,0.00,107924.00,3874.00,3327.00,989.00,3618.00,96116.00,106602.00,22175.00,84427.00,18864.00,603.00,732.00,12278.00,239730.00,0.00,0.00,148706.00,58695.00,885.00,764.00,30680.00
1974:Q4,255018.00,1999.00,0.00,0.00,108617.00,4070.00,3372.00,1065.00,3667.00,96443.00,109096.00,22862.00,86234.00,21292.00,628.00,749.00,12637.00,243920.00,0.00,0.00,150528.00,60372.00,835.00,597.00,31588.00
1975:Q1,264130.00,1614.00,0.00,0.00,111735.00,4682.00,3585.00,1110.00,3696.00,98662.00,110572.00,23326.00,87246.00,25779.00,635.00,766.00,13029.00,248863.00,0.00,0.00,152431.00,62694.00,990.00,636.00,32112.00
1975:Q2,271546.00,1547.00,0.00,0.00,113717.00,4768.00,3712.00,1179.00,3783.00,100275.00,111675.00,23708.00,87967.00,29723.00,626.00,784.00,13474.00,254443.00,0.00,0.00,154402.00,65593.00,757.00,675.00,33016.00
1975:Q3,272572.00,1295.00,0.00,0.00,117693.00,6394.00,3821.00,1282.00,4165.00,102031.00,112430.00,24099.00,88331.00,25843.00,611.00,802.00,13898.00,260544.00,0.00,0.00,156422.00,68877.00,812.00,714.00,33719.00
1975:Q4,279674.00,1925.00,0.00,0.00,121014.00,4813.00,4736.00,1419.00,4508.00,105538.00,113635.00,24467.00,89168.00,27451.00,600.00,820.00,14229.00,267046.00,0.00,0.00,158474.00,72349.00,745.00,752.00,34726.00
1976:Q1,289625.00,1451.00,0.00,0.00,126421.00,5247.00,5072.00,1642.00,5014.00,109446.00,114190.00,24763.00,89427.00,31542.00,594.00,839.00,14588.00,273872.00,0.00,0.00,160562.00,76120.00,938.00,807.00,35445.00
1976:Q2,295543.00,1510.00,0.00,0.00,130705.00,6053.00,4956.00,1648.00,5196.00,112852.00,114842.00,25136.00,89706.00,32125.00,587.00,859.00,14915.00,281316.00,0.00,0.00,162688.00,80343.00,735.00,862.00,36688.00
1976:Q3,302782.00,1181.00,0.00,0.00,136368.00,6264.00,5419.00,2090.00,5406.00,117189.00,115696.00,25494.00,90202.00,32834.00,581.00,879.00,15243.00,288877.00,0.00,0.00,164857.00,84666.00,863.00,917.00,37574.00
1976:Q4,311079.00,2003.00,0.00,0.00,140926.00,5224.00,5368.00,2318.00,5594.00,122422.00,117389.00,25834.00,91555.00,33686.00,576.00,899.00,15600.00,296055.00,0.00,0.00,167073.00,88740.00,878.00,972.00,38392.00
1977:Q1,316213.00,1423.00,24.00,0.00,147179.00,6724.00,5542.00,2547.00,5712.00,126654.00,118092.00,26248.00,91844.00,31836.00,578.00,920.00,16161.00,303169.00,0.00,0.00,169321.00,92446.00,956.00,1027.00,39419.00
1977:Q2,324615.00,1390.00,59.00,0.00,152385.00,6985.00,5337.00,2685.00,5805.00,131573.00,119643.00,26709.00,92934.00,32879.00,584.00,941.00,16734.00,310065.00,0.00,0.00,171587.00,95847.00,1060.00,1050.00,40521.00
1977:Q3,331321.00,1455.00,102.00,0.00,157756.00,7927.00,5719.00,3040.00,6030.00,135040.00,121311.00,27141.00,94170.00,31840.00,592.00,963.00,17302.00,317148.00,0.00,0.00,173924.00,99313.00,1171.00,1073.00,41667.00
1977:Q4,339856.00,2130.00,150.00,0.00,161444.00,4896.00,5315.00,4002.00,6051.00,141180.00,124405.00,27556.00,96849.00,32300.00,600.00,985.00,17842.00,324826.00,0.00,0.00,176386.00,103217.00,1268.00,1066.00,42889.00
1978:Q1,347713.00,1405.00,200.00,0.00,169069.00,7784.00,5075.00,4605.00,6002.00,145603.00,125929.00,28007.00,97922.00,31191.00,605.00,1019.00,18295.00,332940.00,0.00,0.00,178989.00,107458.00,1360.00,1089.00,44044.00
1978:Q2,358695.00,1466.00,249.00,0.00,174018.00,7462.00,4924.00,4895.00,5943.00,150794.00,128478.00,28616.00,99862.00,34052.00,606.00,1054.00,18772.00,341483.00,0.00,0.00,181752.00,111959.00,1457.00,1151.00,45164.00
1978:Q3,371864.00,1438.00,312.00,0.00,180515.00,9027.00,5113.00,5831.00,6073.00,154471.00,131419.00,29250.00,102169.00,37209.00,613.00,1090.00,19268.00,350304.00,0.00,0.00,184550.00,116692.00,1541.00,1213.00,46308.00
1978:Q4,378342.00,2367.00,403.00,0.00,182596.00,6349.00,4822.00,6543.00,6402.00,158480.00,136313.00,30146.00,106167.00,35063.00,637.00,1128.00,19835.00,359249.00,0.00,0.00,187257.00,121630.00,1597.00,1276.00,47489.00
1979:Q1,390222.00,1149.00,521.00,0.00,189421.00,8080.00,5357.00,7121.00,6090.00,162773.00,139492.00,31165.00,108327.00,37318.00,679.00,1166.00,20476.00,368351.00,0.00,0.00,189908.00,126736.00,1630.00,1338.00,48739.00
1979:Q2,400274.00,1516.00,663.00,0.00,194151.00,9041.00,5204.00,7988.00,6089.00,165829.00,143109.00,32139.00,110970.00,37700.00,739.00,1206.00,21190.00,377632.00,0.00,0.00,192540.00,131964.00,1645.00,1500.00,49983.00
1979:Q3,412306.00,1233.00,824.00,0.00,198859.00,10126.00,5150.00,9023.00,6240.00,168320.00,147170.00,33061.00,114109.00,40249.00,805.00,1247.00,21919.00,387135.00,0.00,0.00,195135.00,137504.00,1638.00,1662.00,51196.00
1979:Q4,419276.00,2670.00,1000.00,0.00,198709.00,7957.00,4888.00,9381.00,6428.00,170055.00,153247.00,34825.00,118422.00,38892.00,865.00,1290.00,22603.00,396902.00,0.00,0.00,197675.00,143546.00,1600.00,1908.00,52173.00
1980:Q1,426920.00,1425.00,1150.00,0.00,203315.00,7302.00,4917.00,9870.00,6462.00,174764.00,159290.00,36895.00,122395.00,36241.00,919.00,1334.00,23246.00,406957.00,0.00,0.00,200166.00,150151.00,1676.00,2070.00,52894.00
1980:Q2,440154.00,2122.00,1235.00,0.00,205276.00,8196.00,5135.00,9739.00,6338.00,175868.00,164941.00,39377.00,125564.00,40389.00,967.00,1380.00,23844.00,417327.00,0.00,0.00,202612.00,157384.00,1805.00,2324.00,53202.00
1980:Q3,453220.00,2095.00,1417.00,0.00,210772.00,10978.00,5338.00,10303.00,6466.00,177687.00,168268.00,40206.00,128062.00,43759.00,1021.00,1427.00,24461.00,427865.00,0.00,0.00,205012.00,164801.00,1930.00,2458.00,53664.00
1980:Q4,464178.00,3210.00,1858.00,0.00,212618.00,10142.00,5838.00,11144.00,6701.00,178793.00,172492.00,41411.00,131081.00,46273.00,1093.00,1476.00,25158.00,438426.00,0.00,0.00,207364.00,171960.00,1996.00,2794.00,54312.00
1981:Q1,476516.00,2185.00,2602.00,0.00,219959.00,12795.00,7206.00,12256.00,6832.00,180870.00,176128.00,43211.00,132917.00,47057.00,1168.00,1527.00,25890.00,448628.00,0.00,0.00,209689.00,178243.00,2002.00,2832.00,55862.00
1981:Q2,487514.00,2546.00,3694.00,0.00,225309.00,14088.00,6952.00,13667.00,6956.00,183646.00,179598.00,44939.00,134659.00,46960.00,1231.00,1579.00,26597.00,458349.00,0.00,0.00,212006.00,183634.00,1951.00,2965.00,57793.00
1981:Q3,495359.00,3118.00,4793.00,0.00,230963.00,17278.00,7192.00,14322.00,7044.00,185127.00,183078.00,47042.00,136036.00,43009.00,1329.00,1633.00,27436.00,468973.00,0.00,0.00,214238.00,189900.00,1894.00,3076.00,59865.00
1981:Q4,507525.00,4279.00,5558.00,0.00,233308.00,17564.00,8167.00,14293.00,7151.00,186133.00,186453.00,48706.00,137747.00,46163.00,1507.00,1689.00,28568.00,482870.00,0.00,0.00,216308.00,199792.00,1882.00,3580.00,61308.00
1982:Q1,515636.00,1902.00,6081.00,0.00,242769.00,19084.00,11071.00,15157.00,7501.00,189956.00,188843.00,50013.00,138830.00,42512.00,1791.00,1740.00,29998.00,496043.00,0.00,0.00,218192.00,209369.00,1915.00,3692.00,62875.00
1982:Q2,527021.00,3265.00,6453.00,0.00,249772.00,20631.00,10952.00,16274.00,7876.00,194039.00,191042.00,51370.00,139672.00,40771.00,2208.00,1748.00,31762.00,510383.00,0.00,0.00,219864.00,220367.00,1988.00,3949.00,64215.00
1982:Q3,544267.00,3615.00,6650.00,0.00,257609.00,22359.00,12705.00,17307.00,8241.00,196997.00,192900.00,52423.00,140477.00,45467.00,2607.00,1737.00,33682.00,526726.00,0.00,0.00,221501.00,233354.00,2062.00,3912.00,65897.00
1982:Q4,567539.00,4612.00,6650.00,0.00,268288.00,21735.00,16529.00,18634.00,9047.00,202343.00,194950.00,52961.00,141989.00,52893.00,2837.00,1686.00,35623.00,539981.00,0.00,0.00,223279.00,242900.00,2099.00,3949.00,67754.00
1983:Q1,585275.00,3049.00,6347.00,0.00,280258.00,24737.00,19715.00,19319.00,9219.00,207268.00,196756.00,53427.00,143329.00,57381.00,2904.00,1671.00,36909.00,553435.00,0.00,0.00,225167.00,252335.00,2100.00,3970.00,69863.00
1983:Q2,604732.00,3113.00,5636.00,0.00,290052.00,25122.00,22088.00,20265.00,9852.00,212725.00,198436.00,53711.00,144725.00,63878.00,2816.00,1722.00,39079.00,570670.00,0.00,0.00,227132.00,265284.00,2069.00,3988.00,72197.00
1983:Q3,619332.00,2673.00,4961.00,0.00,300207.00,26722.00,24513.00,22151.00,10022.00,216799.00,201216.00,53860.00,147356.00,63871.00,2697.00,1761.00,41946.00,582126.00,0.00,0.00,229126.00,272354.00,2033.00,4008.00,74605.00
1983:Q4,632714.00,3964.00,4762.00,0.00,308738.00,25162.00,28636.00,25863.00,9986.00,219091.00,205062.00,54063.00,150999.00,62197.00,2671.00,1725.00,43595.00,595742.00,0.00,0.00,231100.00,281650.00,2017.00,4007.00,76968.00
1984:Q1,642635.00,2792.00,5027.00,0.00,321956.00,28696.00,30886.00,28094.00,9014.00,225266.00,205485.00,54184.00,151301.00,59290.00,2683.00,1698.00,43704.00,606492.00,0.00,0.00,232275.00,287889.00,2017.00,3841.00,80470.00
1984:Q2,656255.00,2798.00,5735.00,0.00,333248.00,30312.00,31752.00,30538.00,8712.00,231934.00,207856.00,54325.00,153531.00,56950.00,2673.00,1704.00,45291.00,619445.00,0.00,0.00,233344.00,295754.00,2019.00,3821.00,84507.00
1984:Q3,677298.00,2682.00,6515.00,0.00,345939.00,31871.00,35035.00,33223.00,8444.00,237366.00,209811.00,54439.00,155372.00,61538.00,2749.00,1737.00,46327.00,639486.00,0.00,0.00,234650.00,310503.00,2036.00,3720.00,88577.00
1984:Q4,697212.00,4631.00,6994.00,0.00,358897.00,29306.00,41204.00,36870.00,8713.00,242804.00,211204.00,54505.00,156699.00,60316.00,3019.00,1928.00,50223.00,662056.00,0.00,0.00,236066.00,328343.00,2078.00,4878.00,90691.00
1985:Q1,718807.00,2743.00,7227.00,0.00,374440.00,31975.00,42665.00,39898.00,8891.00,251011.00,212950.00,54480.00,158470.00,65353.00,3526.00,1873.00,50695.00,680235.00,0.00,0.00,238143.00,340677.00,2146.00,4736.00,94533.00
1985:Q2,743233.00,3238.00,7266.00,0.00,388851.00,31560.00,45019.00,42861.00,8914.00,260497.00,216542.00,54428.00,162114.00,68628.00,3979.00,1964.00,52765.00,702633.00,0.00,0.00,240521.00,356665.00,2236.00,4835.00,98376.00
1985:Q3,759590.00,3712.00,7270.00,0.00,405381.00,32737.00,46615.00,47568.00,9044.00,269417.00,219111.00,54351.00,164760.00,64164.00,4171.00,1979.00,53802.00,714805.00,0.00,0.00,243282.00,363585.00,2345.00,5276.00,100317.00
1985:Q4,796086.00,5130.00,9074.00,0.00,420446.00,29063.00,51700.00,49368.00,9708.00,280607.00,226166.00,54369.00,171797.00,73989.00,3514.00,1575.00,56192.00,750807.00,0.00,0.00,246507.00,260441.00,2470.00,7260.00,234129.00
1986:Q1,824354.00,3501.00,9568.00,0.00,438387.00,28699.00,53627.00,53500.00,10023.00,292538.00,229364.00,54368.00,174996.00,79521.00,6894.00,1520.00,55599.00,776884.00,0.00,0.00,250407.00,273503.00,2624.00,6862.00,243488.00
1986:Q2,853426.00,4171.00,9733.00,0.00,452244.00,29451.00,52798.00,55885.00,10791.00,303319.00,234865.00,54369.00,180496.00,83293.00,9525.00,1175.00,58420.00,805657.00,0.00,0.00,254507.00,295200.00,2818.00,7024.00,246108.00
1986:Q3,873209.00,4159.00,10033.00,0.00,469680.00,33428.00,55032.00,56720.00,11648.00,312852.00,240325.00,54345.00,185980.00,75641.00,11032.00,1251.00,61088.00,822337.00,0.00,0.00,259007.00,305194.00,3007.00,8521.00,246608.00
1986:Q4,905925.00,5781.00,10015.00,0.00,486583.00,34484.00,59033.00,59976.00,11659.00,321431.00,247897.00,54055.00,193842.00,76393.00,14460.00,1460.00,63336.00,855896.00,0.00,0.00,263728.00,327864.00,3145.00,9363.00,251796.00
1987:Q1,945849.00,4835.00,8525.00,0.00,505992.00,35168.00,61253.00,62756.00,10658.00,336157.00,249454.00,53711.00,195743.00,95625.00,13587.00,1471.00,66360.00,893279.00,0.00,0.00,270606.00,341692.00,3233.00,9887.00,267861.00
1987:Q2,972207.00,4039.00,8140.00,0.00,521292.00,33215.00,57641.00,64744.00,10944.00,354748.00,253917.00,53535.00,200382.00,100365.00,13018.00,1483.00,69953.00,917241.00,0.00,0.00,276503.00,349692.00,3271.00,10281.00,277494.00
1987:Q3,1010850.00,4116.00,7964.00,0.00,543983.00,36511.00,57246.00,67654.00,10208.00,372364.00,257940.00,53677.00,204263.00,108914.00,12078.00,1517.00,74338.00,952842.00,0.00,0.00,282786.00,362976.00,3303.00,10414.00,293363.00
1987:Q4,907953.00,4212.00,6912.00,0.00,521554.00,24885.00,51325.00,62266.00,10450.00,372628.00,262149.00,53626.00,208523.00,40011.00,5415.00,1889.00,65811.00,845171.00,0.00,0.00,279128.00,349433.00,3370.00,7204.00,206036.00
1988:Q1,941671.00,3379.00,6692.00,0.00,544053.00,26692.00,51213.00,63821.00,10330.00,391997.00,265286.00,53142.00,212144.00,42985.00,5837.00,1994.00,71445.00,876851.00,0.00,0.00,284853.00,371022.00,3459.00,7454.00,210063.00
1988:Q2,969891.00,3561.00,6792.00,0.00,563190.00,27606.00,52360.00,66255.00,9797.00,407172.00,270016.00,53652.00,216364.00,44812.00,6697.00,1935.00,72888.00,902283.00,0.00,0.00,290429.00,386180.00,3556.00,7146.00,214972.00
1988:Q3,993568.00,3265.00,6965.00,0.00,581812.00,29601.00,52530.00,67774.00,9271.00,422636.00,274872.00,53965.00,220907.00,43518.00,7591.00,2028.00,73517.00,922814.00,0.00,0.00,295611.00,400191.00,3674.00,7608.00,215730.00
1988:Q4,1016429.00,4028.00,6963.00,0.00,601264.00,28195.00,52494.00,70725.00,8892.00,440958.00,282789.00,54236.00,228553.00,40167.00,8121.00,2118.00,70979.00,952831.00,0.00,0.00,302683.00,419330.00,3829.00,7263.00,219726.00
1989:Q1,1035354.00,3404.00,6642.00,0.00,619354.00,31176.00,50747.00,76357.00,8590.00,452484.00,287592.00,54972.00,232620.00,38548.00,7921.00,2019.00,69874.00,969700.00,0.00,0.00,305829.00,426060.00,4031.00,8169.00,225611.00
1989:Q2,1062833.00,3809.00,5852.00,0.00,641290.00,29564.00,48457.00,84056.00,8566.00,470647.00,293621.00,55874.00,237747.00,38823.00,7355.00,1921.00,70162.00,996206.00,0.00,0.00,313187.00,439949.00,4290.00,8123.00,230657.00
1989:Q3,1083748.00,4061.00,5431.00,0.00,655496.00,30068.00,45976.00,90277.00,8710.00,480465.00,299649.00,56481.00,243168.00,39512.00,6867.00,1744.00,70988.00,1014656.00,0.00,0.00,318313.00,447496.00,4550.00,8537.00,235760.00
1989:Q4,1108233.00,4671.00,6212.00,0.00,674460.00,32701.00,45927.00,95081.00,8747.00,492004.00,307741.00,57265.00,250476.00,38265.00,6817.00,2398.00,67669.00,1042140.00,0.00,0.00,328219.00,458060.00,4755.00,8552.00,242554.00
1990:Q1,1132034.00,4559.00,8267.00,0.00,695258.00,31563.00,51786.00,98776.00,9025.00,504108.00,317455.00,60915.00,256540.00,35951.00,7382.00,2478.00,60684.00,1064113.00,0.00,0.00,333962.00,472701.00,4904.00,8956.00,243590.00
1990:Q2,1171390.00,4553.00,8302.00,0.00,718689.00,35106.00,51190.00,102332.00,10650.00,519411.00,324082.00,62937.00,261145.00,38934.00,8225.00,2464.00,66141.00,1102628.00,0.00,0.00,340753.00,502966.00,4994.00,8760.00,245155.00
1990:Q3,1179981.00,4528.00,8337.00,0.00,741721.00,36907.00,51723.00,108454.00,11488.00,533149.00,322847.00,60434.00,262413.00,31850.00,9192.00,2859.00,58647.00,1110970.00,0.00,0.00,346616.00,505319.00,5090.00,8775.00,245170.00
1990:Q4,1200934.00,4538.00,8372.00,0.00,754578.00,34524.00,50580.00,113982.00,11964.00,543528.00,325618.00,61344.00,264274.00,36823.00,6281.00,2709.00,62015.00,1134031.00,0.00,0.00,352098.00,520983.00,5255.00,9868.00,245827.00
1991:Q1,1239500.00,4701.00,8406.00,0.00,779179.00,38807.00,53602.00,121251.00,13623.00,551896.00,329799.00,64570.00,265229.00,41235.00,5901.00,2860.00,67419.00,1165356.00,0.00,0.00,358977.00,534458.00,5479.00,10145.00,256297.00
1991:Q2,1264509.00,4822.00,8441.00,0.00,807942.00,40281.00,54749.00,137043.00,10913.00,564956.00,332832.00,65134.00,267698.00,39259.00,5634.00,2849.00,62730.00,1186307.00,0.00,0.00,365675.00,537848.00,5750.00,10252.00,266782.00
1991:Q3,1283545.00,5109.00,8476.00,0.00,823040.00,42349.00,61118.00,139665.00,11461.00,568447.00,332367.00,66395.00,265972.00,40043.00,5237.00,2686.00,66587.00,1201013.00,0.00,0.00,369347.00,543199.00,6049.00,11547.00,270871.00
1991:Q4,1281275.00,5155.00,8511.00,0.00,826697.00,34345.00,65789.00,154321.00,9748.00,562494.00,321463.00,66076.00,255387.00,42303.00,5136.00,3683.00,68327.00,1204763.00,0.00,0.00,373137.00,539530.00,6358.00,8633.00,277105.00
1992:Q1,1299069.00,5118.00,8546.00,0.00,848450.00,35860.00,67826.00,161364.00,9637.00,573763.00,320992.00,66611.00,254381.00,42327.00,4907.00,3857.00,64872.00,1222132.00,0.00,1.00,379898.00,543970.00,6680.00,8951.00,282632.00
1992:Q2,1317660.00,5000.00,8580.00,0.00,870264.00,35868.00,69307.00,166104.00,9757.00,589228.00,318130.00,67680.00,250450.00,42705.00,4782.00,4043.00,64156.00,1240598.00,0.00,4.00,383111.00,555768.00,7022.00,9428.00,285265.00
1992:Q3,1337729.00,4784.00,8615.00,0.00,893032.00,34252.00,72580.00,174492.00,10194.00,601514.00,314341.00,69121.00,245220.00,43906.00,4456.00,4006.00,64589.00,1262108.00,0.00,49.00,391742.00,564475.00,7381.00,9253.00,289208.00
1992:Q4,1353818.00,4529.00,8650.00,0.00,912782.00,31210.00,74498.00,181232.00,10802.00,615040.00,309950.00,71719.00,238231.00,44867.00,4148.00,4021.00,64871.00,1284324.00,0.00,7.00,397581.00,577773.00,7754.00,9681.00,291528.00
1993:Q1,1385372.00,4556.00,8685.00,0.00,946189.00,33253.00,81147.00,187022.00,10902.00,633865.00,308403.00,72531.00,235872.00,45853.00,4090.00,4107.00,63489.00,1308497.00,0.00,39.00,404425.00,586677.00,8154.00,8611.00,300591.00
1993:Q2,1413565.00,4581.00,8719.00,0.00,975630.00,35302.00,86104.00,196415.00,11922.00,645887.00,307196.00,73508.00,233688.00,46289.00,3877.00,3864.00,63409.00,1330395.00,0.00,184.00,411692.00,594495.00,8597.00,9269.00,306158.00
1993:Q3,1437810.00,4602.00,8754.00,0.00,1005483.00,33748.00,92516.00,203520.00,13248.00,662451.00,304417.00,75348.00,229069.00,47163.00,3767.00,3819.00,59805.00,1351740.00,0.00,149.00,419201.00,601212.00,9027.00,9603.00,312548.00
1993:Q4,1450309.00,4621.00,8789.00,0.00,1023410.00,32836.00,93327.00,209081.00,14058.00,674108.00,297442.00,77356.00,220086.00,49037.00,3542.00,4864.00,58604.00,1365044.00,0.00,246.00,426587.00,599399.00,9389.00,13134.00,316289.00
1994:Q1,1477485.00,4714.00,8824.00,0.00,1046067.00,34460.00,89994.00,214992.00,13931.00,692690.00,295673.00,78793.00,216880.00,48244.00,3401.00,4963.00,65599.00,1382781.00,0.00,255.00,432157.00,605831.00,9677.00,13635.00,321226.00
1994:Q2,1480774.00,4805.00,8858.00,0.00,1054942.00,34352.00,92668.00,213371.00,12356.00,702195.00,295863.00,81153.00,214710.00,48222.00,3312.00,5223.00,59549.00,1388062.00,0.00,261.00,437203.00,601875.00,9886.00,13663.00,325174.00
1994:Q3,1513464.00,4896.00,8893.00,0.00,1076857.00,36451.00,96103.00,214141.00,11926.00,718236.00,295423.00,82937.00,212486.00,49514.00,3401.00,5106.00,69374.00,1412616.00,0.00,269.00,453252.00,604585.00,10093.00,13952.00,330465.00
1994:Q4,1523321.00,4987.00,8928.00,0.00,1092932.00,36432.00,90323.00,220309.00,12164.00,733704.00,295991.00,84665.00,211326.00,48826.00,3325.00,4752.00,63580.00,1427579.00,0.00,592.00,457996.00,607235.00,10378.00,10941.00,340437.00
1995:Q1,1554403.00,4885.00,8963.00,0.00,1121502.00,38675.00,93180.00,227318.00,11014.00,751315.00,297109.00,85945.00,211164.00,50118.00,3381.00,4777.00,63668.00,1452193.00,0.00,585.00,468467.00,609301.00,10741.00,11166.00,351933.00
1995:Q2,1584941.00,4781.00,8997.00,0.00,1148362.00,38490.00,92513.00,228091.00,12386.00,776882.00,298609.00,87355.00,211254.00,52049.00,3435.00,5038.00,63670.00,1478469.00,0.00,622.00,479886.00,613776.00,11154.00,11342.00,361689.00
1995:Q3,1603042.00,4678.00,9032.00,0.00,1157400.00,39896.00,91603.00,230762.00,11894.00,783245.00,302415.00,89383.00,213032.00,54261.00,3445.00,4921.00,66890.00,1491353.00,0.00,609.00,485916.00,614488.00,11590.00,11711.00,367039.00
1995:Q4,1613965.00,4575.00,9068.00,0.00,1164217.00,32577.00,86697.00,225215.00,11035.00,808693.00,305517.00,96988.00,208529.00,54832.00,3319.00,5611.00,66826.00,1499012.00,0.00,512.00,492750.00,608722.00,11975.00,13810.00,371243.00
1996:Q1,1624779.00,4292.00,9102.00,0.00,1174250.00,38121.00,84548.00,221564.00,11479.00,818538.00,307201.00,98757.00,208444.00,56303.00,3284.00,5829.00,64518.00,1499356.00,0.00,1143.00,495472.00,603302.00,12090.00,14004.00,373345.00
1996:Q2,1628800.00,4104.00,9137.00,0.00,1172498.00,39047.00,79670.00,217291.00,11268.00,825222.00,308244.00,99887.00,208357.00,57771.00,3234.00,6012.00,67800.00,1500726.00,0.00,1213.00,501085.00,595949.00,12200.00,14110.00,376169.00
1996:Q3,1652029.00,3920.00,9172.00,0.00,1202143.00,36990.00,80438.00,224779.00,11524.00,848412.00,306851.00,102728.00,204123.00,58782.00,3162.00,6265.00,61734.00,1514342.00,0.00,1112.00,513864.00,590172.00,12350.00,14545.00,382299.00
1996:Q4,1726154.00,3506.00,10253.00,0.00,1252920.00,35808.00,71056.00,228216.00,12612.00,905228.00,305567.00,101256.00,204311.00,67626.00,3147.00,6553.00,76582.00,1552216.00,0.00,1600.00,527326.00,526318.00,12732.00,17628.00,466612.00
1997:Q1,1738728.00,2831.00,10102.00,0.00,1275948.00,41236.00,71037.00,227164.00,12834.00,923677.00,305840.00,102956.00,202884.00,67434.00,3015.00,7292.00,66266.00,1557058.00,0.00,1788.00,537939.00,531364.00,13007.00,18473.00,454487.00
1997:Q2,1800919.00,3305.00,10033.00,0.00,1316591.00,43942.00,71274.00,229639.00,13116.00,958620.00,308332.00,104897.00,203435.00,73134.00,3180.00,7415.00,78929.00,1598761.00,0.00,1822.00,549808.00,545897.00,13312.00,22165.00,465757.00
1997:Q3,1843571.00,3020.00,9946.00,0.00,1340972.00,49485.00,74159.00,233253.00,13583.00,970492.00,307229.00,105882.00,201347.00,77887.00,3228.00,7265.00,94024.00,1623864.00,0.00,1867.00,562904.00,553093.00,13640.00,23167.00,469193.00
1997:Q4,1840097.00,6678.00,9918.00,0.00,1348208.00,51381.00,62855.00,210453.00,16309.00,1007210.00,307615.00,105420.00,202195.00,76954.00,3011.00,8642.00,79071.00,1622223.00,0.00,1783.00,569887.00,547009.00,11664.00,25170.00,466710.00
1998:Q1,1872779.00,1933.00,9969.00,0.00,1369235.00,51847.00,60713.00,208313.00,16956.00,1031406.00,306994.00,105730.00,201264.00,82609.00,3289.00,9284.00,89466.00,1645580.00,0.00,1785.00,572934.00,536794.00,11071.00,25426.00,497570.00
1998:Q2,1888932.00,3141.00,10032.00,0.00,1378289.00,51410.00,57971.00,204355.00,17482.00,1047071.00,309482.00,107202.00,202280.00,84962.00,3309.00,10178.00,89539.00,1656956.00,0.00,1632.00,577754.00,537320.00,11182.00,26174.00,502894.00
1998:Q3,1907730.00,2846.00,10022.00,0.00,1393335.00,58381.00,55075.00,200067.00,17998.00,1061814.00,310571.00,108303.00,202268.00,76823.00,2997.00,9475.00,101661.00,1676548.00,0.00,2037.00,583178.00,550291.00,11292.00,26452.00,503298.00
1998:Q4,1914096.00,4387.00,10124.00,0.00,1398714.00,53827.00,52174.00,195979.00,18552.00,1078182.00,316329.00,107731.00,208598.00,86288.00,3391.00,11149.00,83714.00,1676580.00,0.00,2475.00,599896.00,528389.00,11405.00,27268.00,507147.00
1999:Q1,1942870.00,1672.00,10275.00,0.00,1411505.00,51706.00,51414.00,198454.00,18793.00,1091138.00,317304.00,103534.00,213770.00,89328.00,3406.00,11517.00,97863.00,1711708.00,0.00,3288.00,607390.00,530915.00,11214.00,27991.00,530910.00
1999:Q2,1955383.00,2909.00,10468.00,0.00,1409868.00,48509.00,49555.00,198976.00,18845.00,1093983.00,322505.00,102798.00,219707.00,92620.00,3539.00,12007.00,101467.00,1729336.00,0.00,4033.00,617604.00,524902.00,11025.00,37795.00,533977.00
1999:Q3,1958908.00,2848.00,10557.00,0.00,1408545.00,52792.00,47461.00,198439.00,18792.00,1091061.00,324731.00,103262.00,221469.00,91978.00,3338.00,12663.00,104248.00,1744657.00,0.00,4307.00,621914.00,524073.00,10838.00,38116.00,545409.00
1999:Q4,1956321.00,4313.00,10643.00,0.00,1395628.00,57801.00,44915.00,195754.00,18533.00,1078625.00,330045.00,104122.00,225923.00,96915.00,3721.00,9369.00,105687.00,1745198.00,0.00,3200.00,633198.00,512677.00,10651.00,32123.00,553349.00
2000:Q1,1979260.00,2909.00,10915.00,0.00,1411317.00,53090.00,44306.00,198776.00,18647.00,1096498.00,328484.00,104118.00,224366.00,98973.00,3933.00,10187.00,112542.00,1756668.00,0.00,3016.00,640726.00,489062.00,10259.00,34088.00,579517.00
2000:Q2,2004224.00,4496.00,11045.00,0.00,1420579.00,56657.00,43427.00,199952.00,18539.00,1102004.00,332750.00,105334.00,227416.00,100740.00,3850.00,10617.00,120147.00,1771232.00,0.00,2746.00,644615.00,500158.00,9867.00,37292.00,576554.00
2000:Q3,2036434.00,2510.00,11182.00,0.00,1440169.00,60409.00,42816.00,202594.00,18560.00,1115790.00,336668.00,107327.00,229341.00,103133.00,3901.00,11053.00,127818.00,1794903.00,0.00,2659.00,653498.00,511915.00,9474.00,48637.00,568720.00
2000:Q4,2042529.00,3887.00,11526.00,0.00,1447100.00,56875.00,41769.00,204233.00,18517.00,1125706.00,338430.00,108180.00,230250.00,97959.00,3644.00,10426.00,129557.00,1805109.00,0.00,2481.00,662228.00,530395.00,9082.00,42886.00,558037.00
2001:Q1,2118178.00,17597.00,11075.00,1521.00,1471705.00,44511.00,41720.00,207236.00,18553.00,1159685.00,338442.00,109381.00,229061.00,89197.00,3263.00,11042.00,174336.00,1859158.00,2650.00,1884.00,685013.00,577610.00,21558.00,45378.00,525065.00
2001:Q2,2173281.00,23288.00,11267.00,3186.00,1507198.00,44551.00,41580.00,209927.00,18545.00,1192595.00,340914.00,109766.00,231148.00,94637.00,3425.00,11031.00,178335.00,1903702.00,2396.00,1908.00,693673.00,578555.00,22289.00,47923.00,556958.00
2001:Q3,2224467.00,24901.00,11147.00,1785.00,1555739.00,51434.00,41557.00,213374.00,18587.00,1230787.00,344190.00,111248.00,232942.00,90697.00,3002.00,11237.00,181769.00,1957149.00,2827.00,2773.00,700353.00,639761.00,22719.00,49220.00,539496.00
2001:Q4,2223662.00,26132.00,10267.00,1360.00,1564766.00,32798.00,45268.00,214143.00,18382.00,1254175.00,347647.00,111188.00,236459.00,80358.00,4436.00,8551.00,180145.00,1964153.00,1279.00,3119.00,706139.00,617097.00,26710.00,38784.00,571025.00
2002:Q1,2300799.00,24358.00,11754.00,6932.00,1627249.00,31803.00,52216.00,231731.00,19029.00,1292470.00,348291.00,111570.00,236721.00,79389.00,4620.00,8692.00,189514.00,2036108.00,15874.00,3716.00,720445.00,595864.00,27251.00,40314.00,632644.00
2002:Q2,2365502.00,23897.00,12752.00,8933.00,1682082.00,34852.00,59119.00,248239.00,19530.00,1320342.00,350141.00,111799.00,238342.00,78624.00,4374.00,10650.00,194049.00,2095578.00,17305.00,4025.00,736463.00,641898.00,28186.00,40782.00,626919.00
2002:Q3,2446197.00,32956.00,14102.00,11169.00,1746098.00,31390.00,67244.00,267657.00,20203.00,1359604.00,351523.00,112463.00,239060.00,75082.00,4014.00,11047.00,200206.00,2165625.00,14892.00,4518.00,760011.00,694625.00,30477.00,41538.00,619564.00
2002:Q4,2494102.00,24615.00,12568.00,4787.00,1797182.00,35121.00,73172.00,284874.00,20653.00,1383362.00,356531.00,113537.00,242994.00,76558.00,4371.00,12201.00,205289.00,2184689.00,13887.00,5142.00,747470.00,735150.00,36964.00,49618.00,596458.00
2003:Q1,2590748.00,33079.00,15217.00,12267.00,1860997.00,29216.00,73662.00,292698.00,22289.00,1443132.00,357368.00,113238.00,244130.00,79817.00,4539.00,12177.00,215287.00,2271274.00,19696.00,6250.00,764407.00,769299.00,7537.00,49625.00,654460.00
2003:Q2,2661915.00,32684.00,15565.00,9841.00,1922035.00,27066.00,71872.00,299559.00,23919.00,1499619.00,360907.00,113679.00,247228.00,86468.00,5375.00,12543.00,216497.00,2320721.00,19774.00,6619.00,774448.00,763312.00,7570.00,47890.00,701108.00
2003:Q3,2709787.00,34040.00,18116.00,8596.00,1958847.00,28400.00,70694.00,301603.00,25213.00,1532937.00,363446.00,113331.00,250115.00,88972.00,5820.00,12740.00,219210.00,2356079.00,22839.00,7405.00,785605.00,763334.00,7850.00,47402.00,721644.00
2003:Q4,2727140.00,32612.00,13054.00,2251.00,1984131.00,21525.00,64413.00,303819.00,26550.00,1567824.00,367473.00,113661.00,253812.00,89137.00,6624.00,14394.00,217464.00,2362628.00,14680.00,8030.00,784203.00,767429.00,8393.00,46603.00,733290.00
2004:Q1,2808900.00,31309.00,16438.00,3869.00,2042465.00,21607.00,65118.00,310573.00,27972.00,1617195.00,368788.00,113902.00,254886.00,94203.00,6805.00,14212.00,230811.00,2427068.00,15327.00,7939.00,782000.00,794008.00,11372.00,46671.00,769751.00
2004:Q2,2861990.00,35452.00,17020.00,3681.00,2085559.00,19309.00,63944.00,315501.00,29280.00,1657525.00,371386.00,114922.00,256464.00,94960.00,6810.00,15160.00,231962.00,2466239.00,17509.00,8615.00,791000.00,810040.00,9861.00,60535.00,768679.00
2004:Q3,2916055.00,35152.00,19685.00,3247.00,2132175.00,20946.00,63567.00,320111.00,30603.00,1696948.00,376168.00,116222.00,259946.00,96837.00,6793.00,16047.00,229951.00,2506834.00,16826.00,8639.00,799200.00,837088.00,9759.00,64468.00,770854.00
2004:Q4,2960149.00,34939.00,18173.00,3824.00,2160403.00,15464.00,61938.00,323068.00,31811.00,1728122.00,382288.00,117165.00,265123.00,100764.00,7337.00,16568.00,235853.00,2530895.00,13481.00,11063.00,806820.00,840759.00,11089.00,66596.00,781087.00
2005:Q1,2997894.00,28161.00,19818.00,10832.00,2190452.00,8573.00,66445.00,330134.00,32833.00,1752467.00,384175.00,117685.00,266490.00,99263.00,7380.00,16932.00,240881.00,2579873.00,19935.00,8401.00,815848.00,863842.00,10595.00,67128.00,794124.00
2005:Q2,3010160.00,35398.00,16954.00,8696.00,2194944.00,7823.00,70334.00,328969.00,33287.00,1754531.00,389043.00,119487.00,269556.00,93321.00,7691.00,17525.00,246588.00,2607192.00,19903.00,8966.00,826210.00,860617.00,9811.00,68228.00,813457.00
2005:Q3,3028538.00,36584.00,16615.00,6037.00,2208324.00,10071.00,74929.00,328540.00,33821.00,1760963.00,391803.00,120074.00,271729.00,93299.00,8174.00,19064.00,248638.00,2632051.00,20717.00,9061.00,836629.00,855396.00,8963.00,69474.00,831811.00
2005:Q4,3007612.00,30837.00,14587.00,2839.00,2196960.00,11229.00,77009.00,325477.00,34002.00,1749243.00,398245.00,122243.00,276002.00,90710.00,8476.00,19067.00,245891.00,2624925.00,20925.00,9184.00,841388.00,869465.00,8598.00,65840.00,809525.00
2006:Q1,3040966.00,32256.00,16651.00,2104.00,2225481.00,12442.00,75696.00,332870.00,35272.00,1769201.00,403202.00,124149.00,279053.00,97560.00,8221.00,18480.00,237011.00,2660959.00,24061.00,9888.00,854884.00,850493.00,10096.00,67480.00,844057.00
2006:Q2,3056171.00,32152.00,18130.00,1967.00,2220143.00,12379.00,72489.00,328464.00,36035.00,1770776.00,413127.00,127320.00,285807.00,96439.00,7434.00,18393.00,248386.00,2684775.00,23457.00,10218.00,850623.00,856774.00,8356.00,77472.00,857875.00
2006:Q3,3081479.00,32014.00,21864.00,2185.00,2213801.00,13480.00,70218.00,328478.00,36802.00,1764823.00,420226.00,129903.00,290323.00,102588.00,7039.00,19209.00,262553.00,2707322.00,20358.00,10835.00,859919.00,843453.00,8975.00,80625.00,883157.00
2006:Q4,3081741.00,36466.00,25144.00,2762.00,2158063.00,13550.00,66455.00,321500.00,36751.00,1719807.00,425571.00,132056.00,293515.00,142581.00,6788.00,19976.00,264390.00,2700280.00,21242.00,11942.00,867050.00,812741.00,12928.00,71336.00,903041.00
2007:Q1,3093219.00,39110.00,23821.00,2154.00,2168865.00,14878.00,63630.00,323937.00,38216.00,1728204.00,431737.00,135577.00,296160.00,144640.00,7207.00,21543.00,254142.00,2714205.00,17864.00,13183.00,869492.00,804804.00,12240.00,70927.00,925695.00
2007:Q2,3115748.00,36558.00,23694.00,3014.00,2173366.00,15594.00,60847.00,325863.00,39593.00,1731469.00,441933.00,139845.00,302088.00,151911.00,7869.00,22647.00,254756.00,2735887.00,18403.00,16335.00,873991.00,796393.00,10800.00,73399.00,946566.00
2007:Q3,3146174.00,40902.00,21753.00,3113.00,2183862.00,15598.00,57879.00,328657.00,41113.00,1740615.00,450360.00,143299.00,307061.00,153270.00,8346.00,24257.00,260311.00,2767873.00,19162.00,22364.00,874867.00,785785.00,10510.00,72846.00,982339.00
2007:Q4,3139709.00,40015.00,23598.00,2978.00,2170455.00,19177.00,54335.00,327828.00,42129.00,1726986.00,461106.00,145317.00,315789.00,146847.00,8413.00,25589.00,260708.00,2765275.00,20178.00,25666.00,879679.00,784809.00,10739.00,68689.00,975515.00
2008:Q1,3121945.00,44876.00,29851.00,3285.00,2123000.00,22724.00,64004.00,321682.00,42760.00,1671830.00,470710.00,150177.00,320533.00,124020.00,7880.00,27424.00,290899.00,2825639.00,21343.00,28571.00,884628.00,806248.00,8850.00,72599.00,1003400.00
2008:Q2,3079746.00,52335.00,33202.00,3411.00,2070626.00,23208.00,74264.00,314693.00,43281.00,1615180.00,480264.00,154275.00,325989.00,124530.00,7902.00,28177.00,279299.00,2850849.00,23505.00,29868.00,895412.00,818779.00,5471.00,70626.00,1007188.00
2008:Q3,3019792.00,53889.00,30070.00,3902.00,1988345.00,18029.00,82968.00,304341.00,43345.00,1539662.00,493037.00,162528.00,330509.00,111063.00,7103.00,29783.00,302600.00,2861319.00,21470.00,38490.00,916186.00,875008.00,754.00,72107.00,937304.00
2008:Q4,3010285.00,61861.00,40923.00,8314.00,1914758.00,18480.00,97976.00,292036.00,43088.00,1463178.00,493325.00,165548.00,327777.00,90051.00,5884.00,24954.00,370215.00,2898269.00,12905.00,49291.00,932719.00,899714.00,-1401.00,60297.00,944744.00
2009:Q1,3061044.00,49999.00,44309.00,13010.00,2016273.00,24415.00,109134.00,289236.00,49198.00,1544290.00,484957.00,159999.00,324958.00,48128.00,5032.00,24369.00,374967.00,2897054.00,13214.00,49647.00,949552.00,892452.00,1306.00,61971.00,928912.00
2009:Q2,3113987.00,46023.00,42669.00,11228.00,2098024.00,29758.00,110997.00,293301.00,55091.00,1608877.00,478445.00,155944.00,322501.00,53257.00,5268.00,26447.00,352626.00,2885210.00,10867.00,47622.00,954091.00,864162.00,1935.00,68676.00,937857.00
2009:Q3,3203450.00,45126.00,39433.00,12032.00,2199859.00,31533.00,112314.00,294419.00,61447.00,1700146.00,472542.00,151510.00,321032.00,57202.00,5509.00,27686.00,344061.00,2900573.00,14256.00,44951.00,956451.00,832251.00,1590.00,73033.00,978041.00
2009:Q4,3286515.00,34419.00,35274.00,10660.00,2312156.00,34759.00,113446.00,298405.00,68145.00,1797401.00,456177.00,140430.00,315747.00,70424.00,5212.00,28912.00,333281.00,2911613.00,12434.00,45471.00,969529.00,823432.00,2149.00,69401.00,989197.00
2010:Q1,3332870.00,30730.00,31418.00,11907.00,2352424.00,19317.00,117636.00,297489.00,76328.00,1841654.00,450558.00,139520.00,311038.00,75520.00,5115.00,29673.00,345525.00,2922713.00,9151.00,45006.00,973733.00,825457.00,3499.00,70721.00,995146.00
2010:Q2,3395762.00,40048.00,27961.00,11568.00,2412665.00,22389.00,122169.00,296569.00,85490.00,1886048.00,447121.00,139583.00,307538.00,70566.00,4463.00,30671.00,350699.00,2961734.00,9848.00,43774.00,980898.00,853046.00,3933.00,71488.00,998747.00
2010:Q3,3468376.00,40992.00,24803.00,11568.00,2478343.00,28512.00,127056.00,295655.00,95755.00,1931365.00,448175.00,140287.00,307888.00,78505.00,4597.00,31002.00,350391.00,2992801.00,10971.00,43540.00,996865.00,862182.00,5898.00,73732.00,999613.00
2010:Q4,3508421.00,32380.00,22477.00,11627.00,2535471.00,22708.00,132313.00,294757.00,107257.00,1978436.00,447418.00,140255.00,307163.00,75575.00,4575.00,46257.00,332641.00,3007644.00,10258.00,43415.00,1001483.00,859134.00,5750.00,84325.00,1003279.00
2011:Q1,3568697.00,27984.00,21192.00,8380.00,2597588.00,21411.00,137574.00,299632.00,112887.00,2026084.00,447388.00,139281.00,308107.00,73119.00,5049.00,46290.00,341707.00,3038005.00,12762.00,44236.00,1013494.00,860097.00,7156.00,79848.00,1020412.00
2011:Q2,3628750.00,29417.00,19414.00,8710.00,2641825.00,19614.00,142037.00,302773.00,118104.00,2059297.00,454733.00,141902.00,312831.00,77153.00,5354.00,47375.00,344769.00,3069303.00,12522.00,44280.00,1027074.00,869459.00,6287.00,82336.00,1027345.00
2011:Q3,3739418.00,39472.00,18325.00,9096.00,2705657.00,23962.00,150154.00,307161.00,124052.00,2100328.00,464944.00,146063.00,318881.00,77441.00,5035.00,48724.00,370724.00,3151794.00,11530.00,44600.00,1059085.00,935150.00,4793.00,75732.00,1020904.00
2011:Q4,3785444.00,35440.00,31035.00,6576.00,2739338.00,9262.00,158870.00,309834.00,129528.00,2131844.00,471094.00,148175.00,322919.00,76486.00,5603.00,54179.00,365693.00,3170343.00,12108.00,44912.00,1074506.00,903982.00,12118.00,103619.00,1019098.00
2012:Q1,3829722.00,34606.00,27206.00,9363.00,2782786.00,10503.00,159212.00,312036.00,134089.00,2166946.00,473297.00,146200.00,327097.00,79550.00,5623.00,56222.00,361069.00,3183440.00,14148.00,46123.00,1075175.00,911218.00,8089.00,102257.00,1026430.00
2012:Q2,3830976.00,37833.00,30090.00,9534.00,2762350.00,15822.00,155914.00,306994.00,135604.00,2148016.00,478211.00,147246.00,330965.00,73252.00,4969.00,57319.00,377418.00,3163431.00,14862.00,49535.00,1059855.00,897201.00,12406.00,103713.00,1025859.00
2012:Q3,3888190.00,35267.00,29269.00,9991.00,2815132.00,20167.00,156895.00,310068.00,140785.00,2187217.00,482377.00,148445.00,333932.00,76965.00,4709.00,57966.00,376514.00,3190983.00,16394.00,49443.00,1063432.00,894572.00,11838.00,105602.00,1049702.00
2012:Q4,3925830.00,36733.00,28929.00,8680.00,2848096.00,25777.00,158172.00,310586.00,144957.00,2208604.00,486111.00,150134.00,335977.00,77553.00,4251.00,69101.00,366376.00,3198044.00,14373.00,48151.00,1068266.00,905809.00,5995.00,105304.00,1050146.00
2013:Q1,3893513.00,37864.00,22060.00,5102.00,2814729.00,21166.00,149401.00,303068.00,143909.00,2197185.00,485038.00,149313.00,335725.00,78510.00,4494.00,68545.00,377171.00,3211411.00,22318.00,49123.00,1070780.00,924562.00,6117.00,107391.00,1031120.00
2013:Q2,3861295.00,28185.00,20449.00,5883.00,2786036.00,21128.00,142733.00,295687.00,142848.00,2183640.00,490750.00,151029.00,339721.00,79357.00,4490.00,69620.00,376525.00,3223392.00,22887.00,50330.00,1077412.00,935664.00,4218.00,108849.00,1024032.00
2013:Q3,3848438.00,37355.00,22946.00,6133.00,2750145.00,25528.00,136972.00,287015.00,141072.00,2159558.00,499300.00,151907.00,347393.00,80654.00,4726.00,70486.00,376693.00,3247764.00,22517.00,49441.00,1088493.00,945824.00,5240.00,110345.00,1025904.00
2013:Q4,3836627.00,31939.00,21612.00,3116.00,2728923.00,31236.00,130904.00,280172.00,140105.00,2146506.00,506516.00,153672.00,352844.00,80081.00,4987.00,68388.00,391065.00,3275864.00,20896.00,50111.00,1096591.00,952088.00,4706.00,88096.00,1063376.00
2014:Q1,3913992.00,35389.00,21393.00,2905.00,2778154.00,27543.00,136210.00,284069.00,144006.00,2186326.00,510433.00,155677.00,354756.00,82215.00,5179.00,68936.00,409388.00,3318759.00,20935.00,50498.00,1104701.00,974668.00,5652.00,88114.00,1074191.00
2014:Q2,3965869.00,33868.00,21103.00,2699.00,2834948.00,24203.00,141733.00,288660.00,149205.00,2231147.00,516320.00,157050.00,359270.00,85867.00,5468.00,68442.00,397154.00,3336451.00,23198.00,51081.00,1115376.00,978864.00,5139.00,90852.00,1071941.00
2014:Q3,4031677.00,37590.00,22668.00,2730.00,2880162.00,23158.00,147320.00,291792.00,153784.00,2264108.00,524692.00,159638.00,365054.00,85138.00,5502.00,69654.00,403541.00,3364912.00,22542.00,51402.00,1126776.00,987921.00,4529.00,94862.00,1076880.00
2014:Q4,4100036.00,35396.00,27660.00,3138.00,2912337.00,25172.00,153225.00,293093.00,157500.00,2283347.00,534636.00,161616.00,373020.00,83460.00,5668.00,68854.00,428887.00,3406815.00,21900.00,51928.00,1142715.00,999595.00,3879.00,97019.00,1089779.00
2015:Q1,4046107.00,34366.00,27449.00,2967.00,2864199.00,23765.00,152041.00,285292.00,157519.00,2245582.00,527533.00,157752.00,369781.00,84047.00,5721.00,70784.00,429041.00,3381986.00,22144.00,54076.00,1122432.00,978949.00,5718.00,105129.00,1093538.00
2015:Q2,4023229.00,27459.00,26323.00,2711.00,2847451.00,21682.00,152091.00,280512.00,159151.00,2234015.00,535561.00,156166.00,379395.00,87267.00,5641.00,70719.00,420097.00,3392288.00,22446.00,56223.00,1128662.00,1001951.00,5093.00,105406.00,1072507.00
2015:Q3,4063133.00,38253.00,31983.00,3138.00,2843293.00,25063.00,154302.00,276494.00,161198.00,2226236.00,545113.00,156884.00,388229.00,85894.00,5214.00,69391.00,440854.00,3460933.00,22411.00,57239.00,1139735.00,1039336.00,3736.00,105198.00,1093278.00
2015:Q4,4052437.00,44423.00,28495.00,2663.00,2833030.00,21244.00,154373.00,272820.00,163443.00,2221150.00,560740.00,156519.00,404221.00,83628.00,5282.00,60019.00,434157.00,3475555.00,22793.00,58121.00,1146791.00,1055255.00,3938.00,91769.00,1096888.00
2016:Q1,4223751.00,42337.00,30453.00,2846.00,2964088.00,22703.00,162430.00,281758.00,171219.00,2325978.00,569507.00,160174.00,409333.00,87258.00,5338.00,60710.00,461214.00,3564088.00,22870.00,60615.00,1162413.00,1076282.00,4607.00,100605.00,1136696.00
2016:Q2,4413375.00,62598.00,30028.00,2807.00,3082839.00,22387.00,168203.00,288948.00,177507.00,2425794.00,577032.00,158891.00,418141.00,89976.00,5493.00,61841.00,500761.00,3674915.00,22551.00,65410.00,1185589.00,1102744.00,4709.00,100872.00,1193040.00
2016:Q3,4453158.00,57193.00,30211.00,2824.00,3123211.00,22523.00,169033.00,291711.00,179230.00,2460714.00,585722.00,160113.00,425609.00,91767.00,5724.00,64299.00,492207.00,3704400.00,22689.00,67495.00,1196331.00,1110457.00,3448.00,109057.00,1194923.00
