date,FL224090045.Q,FL223020043.Q,FL223030045.Q,FL223034043.Q,FL222051043.Q,FL224022045.Q,FL223069143.Q,FL223061143.Q,FL223061743.Q,FL223062043.Q,FL223063045.Q,FL223065043.Q,LM223064145.Q,LM223064243.Q,FL223090045.Q,FL223073045.Q,FL223093043.Q,FL224190043.Q
1945:Q4,9559.00,69.00,0.00,0.00,0.00,2508.00,0.00,1519.00,0.00,849.00,140.00,18.00,7.00,0.00,6957.00,6957.00,0.00,9559.00
1946:Q1,ND,ND,ND,ND,ND,ND,ND,ND,ND,ND,ND,ND,ND,ND,ND,ND,ND,ND
1946:Q2,ND,ND,ND,ND,ND,ND,ND,ND,ND,ND,ND,ND,ND,ND,ND,ND,ND,ND
1946:Q3,ND,ND,ND,ND,ND,ND,ND,ND,ND,ND,ND,ND,ND,ND,ND,ND,ND,ND
1946:Q4,11166.00,77.00,0.00,0.00,0.00,2766.00,0.00,1671.00,0.00,935.00,160.00,21.00,8.00,0.00,8294.00,8294.00,0.00,11166.00
1947:Q1,ND,ND,ND,ND,ND,ND,ND,ND,ND,ND,ND,ND,ND,ND,ND,ND,ND,ND
1947:Q2,ND,ND,ND,ND,ND,ND,ND,ND,ND,ND,ND,ND,ND,ND,ND,ND,ND,ND
1947:Q3,ND,ND,ND,ND,ND,ND,ND,ND,ND,ND,ND,ND,ND,ND,ND,ND,ND,ND
1947:Q4,13114.00,85.00,0.00,0.00,0.00,3087.00,0.00,1860.00,0.00,1037.00,190.00,25.00,10.00,0.00,9907.00,9907.00,0.00,13114.00
1948:Q1,ND,ND,ND,ND,ND,ND,ND,ND,ND,ND,ND,ND,ND,ND,ND,ND,ND,ND
1948:Q2,ND,ND,ND,ND,ND,ND,ND,ND,ND,ND,ND,ND,ND,ND,ND,ND,ND,ND
1948:Q3,ND,ND,ND,ND,ND,ND,ND,ND,ND,ND,ND,ND,ND,ND,ND,ND,ND,ND
1948:Q4,15040.00,91.00,0.00,0.00,0.00,3506.00,0.00,2073.00,0.00,1166.00,267.00,35.00,13.00,0.00,11395.00,11395.00,0.00,15040.00
1949:Q1,ND,ND,ND,ND,ND,ND,ND,ND,ND,ND,ND,ND,ND,ND,ND,ND,ND,ND
1949:Q2,ND,ND,ND,ND,ND,ND,ND,ND,ND,ND,ND,ND,ND,ND,ND,ND,ND,ND
1949:Q3,ND,ND,ND,ND,ND,ND,ND,ND,ND,ND,ND,ND,ND,ND,ND,ND,ND,ND
1949:Q4,17034.00,101.00,0.00,0.00,0.00,4008.00,0.00,2257.00,0.00,1349.00,402.00,52.00,20.00,0.00,12853.00,12853.00,0.00,17034.00
1950:Q1,ND,ND,ND,ND,ND,ND,ND,ND,ND,ND,ND,ND,ND,ND,ND,ND,ND,ND
1950:Q2,ND,ND,ND,ND,ND,ND,ND,ND,ND,ND,ND,ND,ND,ND,ND,ND,ND,ND
1950:Q3,ND,ND,ND,ND,ND,ND,ND,ND,ND,ND,ND,ND,ND,ND,ND,ND,ND,ND
1950:Q4,19140.00,119.00,0.00,0.00,0.00,4632.00,0.00,2498.00,0.00,1549.00,585.00,75.00,29.00,0.00,14285.00,14285.00,0.00,19140.00
1951:Q1,ND,ND,ND,ND,ND,ND,ND,ND,ND,ND,ND,ND,ND,ND,ND,ND,ND,ND
1951:Q2,ND,ND,ND,ND,ND,ND,ND,ND,ND,ND,ND,ND,ND,ND,ND,ND,ND,ND
1951:Q3,ND,ND,ND,ND,ND,ND,ND,ND,ND,ND,ND,ND,ND,ND,ND,ND,ND,ND
1951:Q4,20876.00,138.00,0.00,0.00,0.00,5331.00,0.00,2918.00,0.00,1712.00,701.00,105.00,41.00,0.00,15261.00,15261.00,0.00,20876.00
1952:Q1,21475.00,143.00,0.00,0.00,0.00,5572.00,0.00,3070.00,5.00,1751.00,746.00,113.00,44.00,0.00,15603.00,15603.00,0.00,21475.00
1952:Q2,22087.00,148.00,0.00,0.00,0.00,5749.00,0.00,3148.00,10.00,1794.00,797.00,122.00,47.00,0.00,16021.00,16021.00,0.00,22087.00
1952:Q3,22719.00,153.00,0.00,0.00,0.00,6089.00,0.00,3313.00,15.00,1838.00,923.00,131.00,49.00,0.00,16297.00,16297.00,0.00,22719.00
1952:Q4,23362.00,158.00,0.00,0.00,0.00,6287.00,0.00,3374.00,20.00,1883.00,1010.00,141.00,56.00,0.00,16720.00,16720.00,0.00,23362.00
1953:Q1,23930.00,164.00,0.00,0.00,0.00,6561.00,0.00,3465.00,22.00,1933.00,1141.00,152.00,59.00,0.00,16994.00,16994.00,0.00,23930.00
1953:Q2,24516.00,173.00,0.00,0.00,0.00,6932.00,0.00,3655.00,23.00,1986.00,1268.00,163.00,63.00,0.00,17185.00,17185.00,0.00,24516.00
1953:Q3,25122.00,182.00,0.00,0.00,0.00,7291.00,0.00,3830.00,24.00,2042.00,1395.00,175.00,68.00,0.00,17406.00,17406.00,0.00,25122.00
1953:Q4,25741.00,189.00,0.00,0.00,0.00,7514.00,0.00,3860.00,25.00,2103.00,1526.00,188.00,75.00,0.00,17775.00,17775.00,0.00,25741.00
1954:Q1,26451.00,193.00,0.00,0.00,0.00,7898.00,0.00,4043.00,28.00,2166.00,1661.00,202.00,82.00,0.00,18076.00,18076.00,0.00,26451.00
1954:Q2,27181.00,195.00,0.00,0.00,0.00,8305.00,0.00,4234.00,31.00,2232.00,1808.00,217.00,84.00,0.00,18380.00,18380.00,0.00,27181.00
1954:Q3,27932.00,195.00,0.00,0.00,0.00,8606.00,0.00,4310.00,34.00,2302.00,1960.00,233.00,89.00,0.00,18809.00,18809.00,0.00,27932.00
1954:Q4,28696.00,194.00,0.00,0.00,0.00,8912.00,0.00,4383.00,38.00,2376.00,2115.00,249.00,99.00,0.00,19242.00,19242.00,0.00,28696.00
1955:Q1,29489.00,191.00,0.00,0.00,0.00,9188.00,0.00,4438.00,43.00,2456.00,2251.00,266.00,113.00,0.00,19731.00,19731.00,0.00,29489.00
1955:Q2,30302.00,185.00,0.00,0.00,0.00,9459.00,0.00,4478.00,48.00,2542.00,2391.00,283.00,148.00,0.00,20227.00,20227.00,0.00,30302.00
1955:Q3,31137.00,179.00,0.00,0.00,0.00,9788.00,0.00,4566.00,53.00,2632.00,2537.00,301.00,180.00,0.00,20689.00,20689.00,0.00,31137.00
1955:Q4,31988.00,174.00,0.00,0.00,0.00,10139.00,0.00,4666.00,58.00,2723.00,2692.00,318.00,200.00,0.00,21157.00,21157.00,0.00,31988.00
1956:Q1,32923.00,175.00,0.00,0.00,0.00,10594.00,0.00,4879.00,60.00,2816.00,2839.00,336.00,217.00,0.00,21601.00,21601.00,0.00,32923.00
1956:Q2,33875.00,178.00,0.00,0.00,0.00,10840.00,0.00,4903.00,62.00,2911.00,2964.00,352.00,201.00,0.00,22304.00,22304.00,0.00,33875.00
1956:Q3,34852.00,183.00,0.00,0.00,0.00,11073.00,0.00,4929.00,64.00,3009.00,3071.00,371.00,189.00,0.00,23036.00,23036.00,0.00,34852.00
1956:Q4,35846.00,190.00,0.00,0.00,0.00,11286.00,0.00,4944.00,67.00,3110.00,3165.00,395.00,200.00,0.00,23775.00,23775.00,0.00,35846.00
1957:Q1,36760.00,200.00,0.00,0.00,0.00,11631.00,0.00,5061.00,74.00,3214.00,3282.00,425.00,215.00,0.00,24289.00,24289.00,0.00,36760.00
1957:Q2,37703.00,214.00,0.00,0.00,0.00,11974.00,0.00,5114.00,82.00,3322.00,3456.00,460.00,277.00,0.00,24778.00,24778.00,0.00,37703.00
1957:Q3,38679.00,228.00,0.00,0.00,0.00,12380.00,0.00,5147.00,89.00,3431.00,3713.00,499.00,294.00,0.00,25278.00,25278.00,0.00,38679.00
1957:Q4,39682.00,237.00,0.00,0.00,0.00,12718.00,0.00,5058.00,97.00,3539.00,4024.00,540.00,300.00,0.00,25887.00,25887.00,0.00,39682.00
1958:Q1,40825.00,242.00,0.00,0.00,0.00,13197.00,0.00,5104.00,102.00,3648.00,4343.00,584.00,320.00,0.00,26482.00,26482.00,0.00,40825.00
1958:Q2,42000.00,245.00,0.00,0.00,0.00,13439.00,0.00,4950.00,107.00,3760.00,4622.00,631.00,340.00,0.00,27345.00,27345.00,0.00,42000.00
1958:Q3,43202.00,245.00,0.00,0.00,0.00,13818.00,0.00,4960.00,112.00,3868.00,4878.00,681.00,365.00,0.00,28093.00,28093.00,0.00,43202.00
1958:Q4,44413.00,244.00,0.00,0.00,0.00,14227.00,0.00,5021.00,117.00,3963.00,5126.00,736.00,400.00,0.00,28806.00,28806.00,0.00,44413.00
1959:Q1,44301.00,241.00,0.00,0.00,0.00,14634.00,0.00,5102.00,124.00,4048.00,5360.00,792.00,415.00,0.00,28219.00,28219.00,0.00,44301.00
1959:Q2,44206.00,234.00,0.00,0.00,0.00,14953.00,0.00,5126.00,132.00,4124.00,5571.00,847.00,453.00,0.00,27719.00,27719.00,0.00,44206.00
1959:Q3,44133.00,227.00,0.00,0.00,0.00,15459.00,0.00,5350.00,139.00,4192.00,5778.00,911.00,460.00,0.00,27076.00,27076.00,0.00,44133.00
1959:Q4,44078.00,221.00,0.00,0.00,0.00,15845.00,0.00,5462.00,146.00,4251.00,5986.00,992.00,500.00,0.00,26520.00,26520.00,0.00,44078.00
1960:Q1,45288.00,223.00,0.00,0.00,0.00,16338.00,0.00,5663.00,159.00,4305.00,6211.00,1091.00,491.00,0.00,27145.00,27145.00,0.00,45288.00
1960:Q2,46528.00,229.00,0.00,0.00,0.00,16717.00,0.00,5724.00,171.00,4356.00,6466.00,1209.00,532.00,0.00,27841.00,27841.00,0.00,46528.00
1960:Q3,47815.00,236.00,0.00,0.00,0.00,16998.00,0.00,5653.00,184.00,4393.00,6768.00,1333.00,521.00,0.00,28727.00,28727.00,0.00,47815.00
1960:Q4,49142.00,243.00,0.00,0.00,0.00,17437.00,0.00,5711.00,196.00,4406.00,7124.00,1450.00,600.00,0.00,29412.00,29412.00,0.00,49142.00
1961:Q1,50406.00,251.00,0.00,0.00,0.00,17992.00,0.00,5855.00,214.00,4399.00,7524.00,1564.00,704.00,0.00,29895.00,29895.00,0.00,50406.00
1961:Q2,51712.00,260.00,0.00,0.00,0.00,18435.00,0.00,5872.00,233.00,4374.00,7956.00,1680.00,735.00,0.00,30602.00,30602.00,0.00,51712.00
1961:Q3,53050.00,269.00,0.00,0.00,0.00,18853.00,0.00,5865.00,252.00,4330.00,8406.00,1793.00,792.00,0.00,31343.00,31343.00,0.00,53050.00
1961:Q4,54393.00,277.00,0.00,0.00,0.00,19186.00,0.00,5800.00,271.00,4263.00,8852.00,1896.00,900.00,0.00,32134.00,32134.00,0.00,54393.00
1962:Q1,53255.00,285.00,0.00,0.00,0.00,19830.00,0.00,6025.00,325.00,4175.00,9305.00,1990.00,931.00,0.00,30219.00,30219.00,0.00,53255.00
1962:Q2,52134.00,294.00,0.00,0.00,0.00,20248.00,0.00,6075.00,343.00,4058.00,9772.00,2074.00,753.00,0.00,28765.00,28765.00,0.00,52134.00
1962:Q3,51040.00,302.00,0.00,0.00,0.00,20671.00,0.00,6125.00,380.00,3930.00,10236.00,2155.00,845.00,0.00,27067.00,27067.00,0.00,51040.00
1962:Q4,49972.00,307.00,0.00,0.00,0.00,20969.00,0.00,6100.00,395.00,3804.00,10670.00,2242.00,1000.00,0.00,25454.00,25454.00,0.00,49972.00
1963:Q1,51078.00,311.00,0.00,0.00,0.00,21386.00,0.00,6200.00,387.00,3682.00,11117.00,2331.00,1122.00,0.00,25928.00,25928.00,0.00,51078.00
1963:Q2,52230.00,313.00,0.00,0.00,0.00,22017.00,0.00,6475.00,381.00,3553.00,11608.00,2420.00,1249.00,0.00,26231.00,26231.00,0.00,52230.00
1963:Q3,53426.00,314.00,0.00,0.00,0.00,22492.00,0.00,6550.00,351.00,3426.00,12165.00,2512.00,1375.00,0.00,26733.00,26733.00,0.00,53426.00
1963:Q4,54645.00,313.00,0.00,0.00,0.00,22944.00,0.00,6510.00,347.00,3304.00,12783.00,2612.00,1500.00,0.00,27276.00,27276.00,0.00,54645.00
1964:Q1,55958.00,313.00,0.00,0.00,0.00,23660.00,0.00,6725.00,341.00,3194.00,13400.00,2716.00,1657.00,0.00,27612.00,27612.00,0.00,55958.00
1964:Q2,57296.00,313.00,0.00,0.00,0.00,24387.00,0.00,6975.00,375.00,3089.00,13948.00,2822.00,1782.00,0.00,27992.00,27992.00,0.00,57296.00
1964:Q3,58683.00,313.00,0.00,0.00,0.00,24881.00,0.00,7066.00,369.00,2991.00,14455.00,2937.00,1906.00,0.00,28646.00,28646.00,0.00,58683.00
1964:Q4,60111.00,311.00,0.00,0.00,0.00,25255.00,0.00,7030.00,381.00,2900.00,14944.00,3070.00,2000.00,0.00,29475.00,29475.00,0.00,60111.00
1965:Q1,61626.00,311.00,0.00,0.00,0.00,26054.00,0.00,7417.00,376.00,2820.00,15441.00,3221.00,2094.00,0.00,29946.00,29946.00,0.00,61626.00
1965:Q2,63203.00,311.00,0.00,0.00,0.00,26689.00,0.00,7590.00,381.00,2748.00,15970.00,3389.00,2074.00,0.00,30740.00,30740.00,0.00,63203.00
1965:Q3,64844.00,312.00,0.00,0.00,0.00,27096.00,0.00,7351.00,485.00,2684.00,16576.00,3567.00,2326.00,0.00,31543.00,31543.00,0.00,64844.00
1965:Q4,66529.00,317.00,0.00,0.00,0.00,27515.00,0.00,7153.00,492.00,2625.00,17245.00,3746.00,2500.00,0.00,32451.00,32451.00,0.00,66529.00
1966:Q1,68447.00,325.00,0.00,0.00,0.00,28357.00,0.00,7312.00,502.00,2579.00,17964.00,3936.00,2580.00,0.00,33249.00,33249.00,0.00,68447.00
1966:Q2,70415.00,335.00,0.00,0.00,0.00,28941.00,0.00,7046.00,622.00,2543.00,18730.00,4143.00,2633.00,0.00,34363.00,34363.00,0.00,70415.00
1966:Q3,72426.00,349.00,0.00,0.00,0.00,29837.00,0.00,7166.00,671.00,2513.00,19487.00,4344.00,2527.00,0.00,35369.00,35369.00,0.00,72426.00
1966:Q4,74459.00,368.00,0.00,0.00,0.00,30432.00,0.00,7115.00,652.00,2481.00,20184.00,4516.00,2800.00,0.00,36343.00,36343.00,0.00,74459.00
1967:Q1,75665.00,407.00,0.00,0.00,0.00,30920.00,0.00,6800.00,669.00,2461.00,20990.00,4681.00,3292.00,0.00,36365.00,36365.00,0.00,75665.00
1967:Q2,76934.00,415.00,17.00,0.00,0.00,31595.00,0.00,6646.00,744.00,2442.00,21763.00,4847.00,3420.00,0.00,36640.00,36640.00,0.00,76934.00
1967:Q3,78294.00,381.00,69.00,0.00,0.00,32328.00,0.00,6308.00,759.00,2424.00,22837.00,4925.00,3740.00,0.00,36851.00,36851.00,0.00,78294.00
1967:Q4,79751.00,303.00,161.00,0.00,0.00,33277.00,0.00,6165.00,785.00,2406.00,23921.00,5003.00,3900.00,0.00,37107.00,37107.00,0.00,79751.00
1968:Q1,82538.00,365.00,108.00,0.00,0.00,33818.00,0.00,6219.00,758.00,2437.00,24404.00,5148.00,3847.00,0.00,39252.00,39252.00,0.00,82538.00
1968:Q2,85439.00,403.00,75.00,0.00,0.00,34599.00,0.00,6120.00,1028.00,2372.00,25079.00,5269.00,4696.00,0.00,40397.00,40397.00,0.00,85439.00
1968:Q3,88475.00,429.00,146.00,0.00,0.00,35358.00,0.00,6023.00,1138.00,2384.00,25813.00,5275.00,5232.00,0.00,42035.00,42035.00,0.00,88475.00
1968:Q4,91608.00,377.00,230.00,0.00,0.00,36278.00,0.00,5921.00,1410.00,2382.00,26565.00,5362.00,5800.00,0.00,43561.00,43561.00,0.00,91608.00
1969:Q1,94639.00,497.00,52.00,0.00,0.00,37074.00,0.00,5850.00,1437.00,2386.00,27401.00,5426.00,6091.00,0.00,45499.00,45499.00,0.00,94639.00
1969:Q2,97772.00,315.00,143.00,0.00,0.00,38022.00,0.00,5815.00,1465.00,2368.00,28374.00,5475.00,6458.00,0.00,47359.00,47359.00,0.00,97772.00
1969:Q3,101003.00,329.00,211.00,0.00,0.00,39122.00,0.00,5696.00,1552.00,2348.00,29526.00,5550.00,6699.00,0.00,49092.00,49092.00,0.00,101003.00
1969:Q4,104299.00,309.00,170.00,0.00,0.00,39893.00,0.00,5437.00,1566.00,2331.00,30559.00,5575.00,7300.00,0.00,51052.00,51052.00,0.00,104299.00
1970:Q1,106145.00,236.00,138.00,0.00,0.00,40853.00,0.00,5335.00,1592.00,2308.00,31618.00,5650.00,7750.00,0.00,51518.00,51518.00,0.00,106145.00
1970:Q2,108100.00,306.00,209.00,0.00,0.00,41683.00,0.00,5179.00,1609.00,2159.00,32736.00,5808.00,6754.00,0.00,53340.00,53340.00,0.00,108100.00
1970:Q3,110187.00,274.00,167.00,0.00,0.00,43016.00,0.00,5274.00,1576.00,2133.00,34033.00,5789.00,8577.00,0.00,52364.00,52364.00,0.00,110187.00
1970:Q4,112397.00,388.00,213.00,0.00,0.00,43682.00,0.00,5104.00,1491.00,2032.00,35055.00,5920.00,10100.00,0.00,52094.00,52094.00,0.00,112397.00
1971:Q1,117558.00,352.00,233.00,0.00,0.00,44608.00,0.00,4880.00,1414.00,2040.00,36274.00,6019.00,12058.00,0.00,54288.00,54288.00,0.00,117558.00
1971:Q2,122913.00,420.00,180.00,0.00,0.00,45366.00,0.00,4426.00,1400.00,2042.00,37498.00,6170.00,12798.00,0.00,57979.00,57979.00,0.00,122913.00
1971:Q3,128484.00,450.00,174.00,0.00,0.00,46005.00,0.00,4371.00,1448.00,2050.00,38136.00,6178.00,13942.00,0.00,61735.00,61735.00,0.00,128484.00
1971:Q4,134243.00,548.00,148.00,0.00,0.00,46588.00,0.00,3896.00,1544.00,2152.00,38996.00,6288.00,15400.00,0.00,65271.00,65271.00,0.00,134243.00
1972:Q1,140527.00,703.00,39.00,0.00,0.00,47648.00,0.00,3633.00,1668.00,2229.00,40118.00,6309.00,17456.00,0.00,68372.00,68372.00,0.00,140527.00
1972:Q2,146951.00,747.00,33.00,0.00,0.00,48708.00,0.00,3723.00,1800.00,2466.00,40719.00,6257.00,18513.00,0.00,72693.00,72693.00,0.00,146951.00
1972:Q3,153513.00,723.00,65.00,0.00,0.00,49785.00,0.00,3643.00,1944.00,2123.00,42075.00,6340.00,19828.00,0.00,76772.00,76772.00,0.00,153513.00
1972:Q4,160120.00,767.00,191.00,0.00,0.00,50958.00,0.00,3597.00,2105.00,2029.00,43227.00,6470.00,22200.00,0.00,79534.00,79534.00,0.00,160120.00
1973:Q1,158799.00,612.00,304.00,0.00,0.00,52185.00,0.00,3687.00,2284.00,1622.00,44592.00,6632.00,21487.00,0.00,77579.00,77579.00,0.00,158799.00
1973:Q2,157546.00,664.00,429.00,0.00,0.00,53471.00,0.00,3460.00,2480.00,1536.00,45995.00,6821.00,20326.00,0.00,75835.00,75835.00,0.00,157546.00
1973:Q3,156384.00,600.00,660.00,0.00,0.00,54945.00,0.00,3028.00,2840.00,1650.00,47427.00,6888.00,22451.00,0.00,70840.00,70840.00,0.00,156384.00
1973:Q4,155304.00,544.00,800.00,0.00,0.00,55970.00,0.00,2508.00,3334.00,1691.00,48437.00,7141.00,20200.00,0.00,70649.00,70649.00,0.00,155304.00
1974:Q1,159755.00,359.00,887.00,0.00,0.00,57235.00,0.00,1840.00,3817.00,1845.00,49733.00,7277.00,21039.00,0.00,72958.00,72958.00,0.00,159855.00
1974:Q2,164502.00,305.00,1183.00,0.00,0.00,58908.00,0.00,1886.00,4145.00,1444.00,51433.00,7330.00,19295.00,0.00,77481.00,77481.00,0.00,164611.00
1974:Q3,169496.00,270.00,1373.00,0.00,0.00,60758.00,0.00,1515.00,4401.00,1248.00,53594.00,7423.00,14477.00,0.00,85195.00,85195.00,0.00,169615.00
1974:Q4,174705.00,254.00,1543.00,0.00,0.00,61684.00,0.00,1585.00,4583.00,983.00,54533.00,7702.00,16400.00,0.00,87122.00,87122.00,0.00,174835.00
1975:Q1,180057.00,317.00,1811.00,0.00,0.00,63492.00,0.00,1559.00,4719.00,789.00,56425.00,7705.00,20263.00,0.00,86469.00,86469.00,0.00,180201.00
1975:Q2,185590.00,332.00,1688.00,0.00,0.00,65872.00,0.00,2215.00,4836.00,728.00,58093.00,7810.00,24371.00,0.00,85517.00,85517.00,0.00,185747.00
1975:Q3,191203.00,296.00,1342.00,0.00,0.00,67748.00,0.00,2548.00,5045.00,906.00,59249.00,7875.00,22267.00,0.00,91675.00,91675.00,0.00,191372.00
1975:Q4,196743.00,275.00,1171.00,0.00,0.00,70714.00,0.00,2540.00,5254.00,1940.00,60980.00,7542.00,24300.00,0.00,92741.00,92741.00,0.00,196925.00
1976:Q1,195764.00,265.00,1065.00,0.00,0.00,73056.00,0.00,3058.00,5536.00,2193.00,62269.00,7543.00,28204.00,0.00,85631.00,85631.00,0.00,195960.00
1976:Q2,194721.00,285.00,1133.00,0.00,0.00,76687.00,0.00,3632.00,5855.00,3150.00,64050.00,7623.00,28717.00,0.00,80276.00,80276.00,0.00,194934.00
1976:Q3,193777.00,254.00,1055.00,0.00,0.00,78968.00,0.00,3900.00,6275.00,3383.00,65410.00,7625.00,29254.00,0.00,76621.00,76621.00,0.00,194007.00
1976:Q4,192984.00,266.00,1148.00,0.00,0.00,79959.00,0.00,4057.00,6836.00,3360.00,65706.00,7732.00,30100.00,0.00,73779.00,73779.00,0.00,193232.00
1977:Q1,197477.00,236.00,1098.00,0.00,0.00,81459.00,0.00,4712.00,8412.00,2872.00,65463.00,7684.00,28699.00,0.00,78301.00,78301.00,0.00,197750.00
1977:Q2,202247.00,300.00,1401.00,0.00,0.00,84540.00,0.00,6568.00,8619.00,3628.00,65725.00,7864.00,29936.00,0.00,78206.00,78206.00,0.00,202543.00
1977:Q3,207251.00,320.00,1483.00,0.00,0.00,87795.00,0.00,6757.00,8839.00,3556.00,68643.00,7622.00,29322.00,0.00,80709.00,80709.00,0.00,207572.00
1977:Q4,212369.00,280.00,1416.00,0.00,0.00,91175.00,0.00,6760.00,9585.00,3544.00,71286.00,8041.00,30000.00,0.00,81457.00,81457.00,0.00,212717.00
1978:Q1,217823.00,332.00,1758.00,0.00,0.00,94464.00,0.00,7624.00,10968.00,3386.00,72486.00,8082.00,29203.00,0.00,83984.00,83984.00,0.00,218201.00
1978:Q2,223435.00,387.00,2043.00,0.00,0.00,98950.00,0.00,9095.00,11351.00,3732.00,74772.00,8246.00,32043.00,0.00,81766.00,81766.00,0.00,223849.00
1978:Q3,229254.00,419.00,2436.00,0.00,0.00,102405.00,0.00,9543.00,11921.00,3668.00,77273.00,8407.00,35155.00,0.00,80432.00,80432.00,0.00,229707.00
1978:Q4,235253.00,385.00,2354.00,0.00,0.00,107409.00,0.00,9454.00,13965.00,3951.00,80039.00,8586.00,33300.00,0.00,83219.00,83219.00,0.00,235748.00
1979:Q1,241680.00,459.00,2747.00,0.00,0.00,109371.00,0.00,10677.00,14432.00,4073.00,80189.00,8797.00,35504.00,0.00,84802.00,84802.00,0.00,242233.00
1979:Q2,248347.00,479.00,2844.00,0.00,0.00,113753.00,0.00,13327.00,14496.00,3867.00,82063.00,9017.00,35908.00,0.00,86346.00,86346.00,0.00,248963.00
1979:Q3,255209.00,484.00,3055.00,0.00,0.00,114725.00,0.00,13287.00,14065.00,3880.00,83493.00,9322.00,38316.00,0.00,89307.00,89307.00,0.00,255894.00
1979:Q4,262146.00,566.00,3458.00,0.00,0.00,116955.00,0.00,14706.00,15360.00,3910.00,82979.00,9604.00,37100.00,0.00,94463.00,94463.00,0.00,262899.00
1980:Q1,265522.00,616.00,3569.00,0.00,0.00,122397.00,0.00,16159.00,15981.00,4101.00,86156.00,10054.00,34654.00,0.00,94232.00,94214.00,18.00,266327.00
1980:Q2,268966.00,664.00,3556.00,0.00,0.00,129872.00,0.00,17582.00,17783.00,4025.00,90482.00,10295.00,38460.00,0.00,86119.00,86084.00,35.00,269826.00
1980:Q3,272606.00,589.00,3559.00,0.00,0.00,133641.00,0.00,19999.00,18052.00,3921.00,91669.00,10597.00,41618.00,0.00,82602.00,82549.00,53.00,273524.00
1980:Q4,276403.00,603.00,3684.00,0.00,0.00,136284.00,0.00,20927.00,19083.00,4059.00,92215.00,10890.00,44300.00,0.00,80642.00,80572.00,70.00,277392.00
1981:Q1,284349.00,784.00,4107.00,0.00,0.00,139477.00,0.00,22432.00,20201.00,3920.00,92924.00,11166.00,45689.00,0.00,83126.00,83038.00,88.00,285416.00
1981:Q2,292559.00,716.00,3761.00,0.00,0.00,146259.00,0.00,24531.00,20948.00,3995.00,96785.00,11602.00,46506.00,0.00,83715.00,83610.00,105.00,293701.00
1981:Q3,300999.00,743.00,4296.00,0.00,0.00,149946.00,0.00,25215.00,22121.00,3859.00,98751.00,12200.00,43646.00,0.00,90168.00,90045.00,123.00,302213.00
1981:Q4,309531.00,624.00,3813.00,0.00,0.00,156449.00,0.00,27564.00,24250.00,3856.00,100779.00,12519.00,47800.00,0.00,88326.00,88185.00,141.00,310831.00
1982:Q1,318725.00,652.00,3972.00,0.00,0.00,162435.00,0.00,29545.00,27237.00,3651.00,102002.00,12990.00,45088.00,0.00,93588.00,93417.00,171.00,320097.00
1982:Q2,328185.00,760.00,4610.00,0.00,0.00,168574.00,0.00,32417.00,27893.00,3848.00,104416.00,13226.00,44136.00,0.00,96879.00,96677.00,202.00,329613.00
1982:Q3,338002.00,836.00,5083.00,0.00,0.00,174283.00,0.00,35849.00,31339.00,3550.00,103545.00,13667.00,50162.00,0.00,93971.00,93738.00,233.00,339474.00
1982:Q4,348164.00,981.00,5992.00,0.00,0.00,176919.00,0.00,36898.00,34310.00,3131.00,102580.00,13773.00,60200.00,0.00,90299.00,90035.00,264.00,349668.00
1983:Q1,355066.00,1202.00,7350.00,0.00,164.00,180066.00,164.00,39812.00,35339.00,2363.00,102388.00,13983.00,68737.00,0.00,83564.00,83265.00,299.00,356651.00
1983:Q2,362355.00,1226.00,7757.00,0.00,406.00,184530.00,406.00,43672.00,36156.00,2483.00,101813.00,14099.00,81807.00,0.00,72530.00,72179.00,351.00,364024.00
1983:Q3,369916.00,1161.00,7305.00,0.00,695.00,182817.00,695.00,46278.00,36406.00,2423.00,97015.00,14149.00,87559.00,0.00,76230.00,75808.00,422.00,371684.00
1983:Q4,377539.00,1400.00,8785.00,0.00,1000.00,184170.00,1000.00,48910.00,39252.00,2000.00,93008.00,14651.00,89641.00,0.00,77892.00,77383.00,509.00,379410.00
1984:Q1,386061.00,1623.00,10104.00,0.00,1321.00,190729.00,1321.00,54561.00,40192.00,2151.00,92504.00,14726.00,88715.00,0.00,78843.00,78369.00,474.00,388072.00
1984:Q2,394594.00,1790.00,11093.00,0.00,1657.00,201352.00,1657.00,59177.00,38801.00,2264.00,99453.00,14935.00,87637.00,0.00,76130.00,75691.00,439.00,396771.00
1984:Q3,403358.00,2003.00,12727.00,0.00,2040.00,209169.00,2040.00,64331.00,39492.00,2068.00,101238.00,14961.00,96406.00,0.00,66052.00,65630.00,422.00,405701.00
1984:Q4,412340.00,1999.00,11960.00,0.00,2500.00,217912.00,2500.00,67914.00,43308.00,1534.00,102656.00,15255.00,96514.00,0.00,66200.00,65831.00,369.00,414852.00
1985:Q1,421595.00,2339.00,14085.00,0.00,3039.00,217234.00,3039.00,73822.00,43495.00,1550.00,95328.00,15319.00,105957.00,0.00,63622.00,63236.00,386.00,424316.00
1985:Q2,431247.00,2886.00,14614.00,0.00,3656.00,222794.00,3656.00,77190.00,40841.00,1278.00,99829.00,15345.00,111742.00,0.00,60210.00,59806.00,404.00,434165.00
1985:Q3,441245.00,2496.00,14149.00,0.00,4320.00,231312.00,4320.00,79910.00,41556.00,1225.00,104301.00,15321.00,105134.00,0.00,68513.00,68073.00,440.00,444365.00
1985:Q4,451419.00,2351.00,13327.00,1427.00,5000.00,237054.00,5000.00,85383.00,38124.00,1128.00,107419.00,15309.00,120071.00,6773.00,50107.00,49617.00,490.00,454747.00
1986:Q1,462526.00,2300.00,14072.00,1494.00,5714.00,243096.00,5714.00,95028.00,34901.00,938.00,106515.00,15400.00,135544.00,7353.00,37553.00,36964.00,589.00,466075.00
1986:Q2,473952.00,2200.00,14183.00,1480.00,6480.00,250530.00,6480.00,98507.00,36024.00,1196.00,108323.00,15197.00,147760.00,6799.00,29323.00,28643.00,680.00,477709.00
1986:Q3,485760.00,2499.00,11595.00,1587.00,7355.00,263318.00,7355.00,104604.00,37905.00,1035.00,112419.00,15364.00,140408.00,5803.00,37831.00,37160.00,671.00,489710.00
1986:Q4,497855.00,3082.00,9891.00,1725.00,8270.00,281535.00,8270.00,115329.00,38147.00,709.00,119080.00,15550.00,150215.00,5545.00,22042.00,21340.00,702.00,502002.00
1987:Q1,508432.00,3709.00,7403.00,1757.00,9211.00,293098.00,9211.00,122815.00,39917.00,553.00,120602.00,15333.00,184755.00,7522.00,-14356.00,-15126.00,770.00,512882.00
1987:Q2,519373.00,4301.00,5753.00,1885.00,10170.00,299182.00,10170.00,129503.00,41311.00,606.00,117592.00,15228.00,196669.00,9277.00,-23092.00,-23857.00,765.00,524134.00
1987:Q3,530649.00,4712.00,5019.00,1937.00,10929.00,303473.00,10929.00,135414.00,42927.00,647.00,113556.00,15408.00,210476.00,10894.00,-32199.00,-32818.00,619.00,535675.00
1987:Q4,542002.00,4844.00,5216.00,2015.00,11272.00,313435.00,11272.00,138866.00,42961.00,808.00,119528.00,15331.00,170087.00,9098.00,10704.00,10133.00,571.00,547300.00
1988:Q1,552214.00,4852.00,5761.00,2112.00,11247.00,317490.00,11247.00,143570.00,40327.00,667.00,121679.00,15448.00,188043.00,9065.00,-1804.00,-2331.00,527.00,557814.00
1988:Q2,562664.00,5095.00,5865.00,2270.00,10900.00,325603.00,10900.00,142940.00,39568.00,742.00,131453.00,15637.00,196898.00,8870.00,-8474.00,-8957.00,483.00,568576.00
1988:Q3,573808.00,4736.00,6488.00,2326.00,10468.00,330853.00,10468.00,148740.00,39557.00,622.00,131466.00,15586.00,204078.00,7832.00,-8559.00,-9071.00,512.00,579969.00
1988:Q4,585663.00,4410.00,7116.00,2329.00,10183.00,334934.00,10183.00,150659.00,35347.00,533.00,138212.00,15603.00,212634.00,7448.00,-8994.00,-11111.00,2117.00,592074.00
1989:Q1,618278.00,3685.00,8123.00,2428.00,10320.00,345503.00,10320.00,151057.00,37920.00,467.00,145739.00,15132.00,225318.00,7371.00,398.00,-2335.00,2733.00,625072.00
1989:Q2,651831.00,3593.00,8418.00,2599.00,10353.00,356190.00,10353.00,151664.00,43928.00,403.00,149842.00,15118.00,251759.00,7614.00,-3813.00,-7732.00,3919.00,659011.00
1989:Q3,686225.00,3298.00,8850.00,2610.00,10526.00,361431.00,10526.00,153198.00,47393.00,336.00,149978.00,15295.00,270927.00,8029.00,5259.00,59.00,5200.00,693775.00
1989:Q4,721082.00,3171.00,9060.00,2791.00,9703.00,366167.00,9703.00,152396.00,51203.00,268.00,152597.00,15299.00,277832.00,7780.00,29279.00,23010.00,6269.00,729004.00
1990:Q1,737526.00,3790.00,8479.00,2929.00,9969.00,382642.00,9969.00,162764.00,54214.00,479.00,155216.00,15181.00,267614.00,7257.00,39665.00,33056.00,6609.00,746279.00
1990:Q2,754117.00,4318.00,7953.00,2813.00,11410.00,389877.00,11410.00,168301.00,56085.00,486.00,153595.00,15243.00,282130.00,8380.00,31993.00,24164.00,7829.00,763938.00
1990:Q3,771145.00,4716.00,7802.00,2738.00,11820.00,392299.00,11820.00,170147.00,61255.00,245.00,148832.00,15311.00,250979.00,6961.00,78519.00,70894.00,7625.00,781916.00
1990:Q4,788151.00,4974.00,7701.00,2791.00,12233.00,385928.00,12233.00,168235.00,62851.00,473.00,142136.00,16061.00,284569.00,7772.00,66122.00,58291.00,7831.00,800030.00
1991:Q1,805501.00,4366.00,14658.00,2722.00,13785.00,390515.00,13785.00,177144.00,62935.00,364.00,136287.00,16562.00,327145.00,9730.00,26018.00,22108.00,3910.00,818226.00
1991:Q2,823292.00,4640.00,12230.00,2804.00,16515.00,394449.00,16515.00,178753.00,64651.00,487.00,134043.00,16322.00,328790.00,10273.00,37269.00,32506.00,4763.00,837104.00
1991:Q3,842239.00,3038.00,9902.00,3006.00,20870.00,391528.00,20870.00,163948.00,64551.00,549.00,141610.00,16675.00,357453.00,12235.00,27532.00,22500.00,5032.00,857018.00
1991:Q4,862148.00,3807.00,8828.00,2950.00,18868.00,387730.00,18868.00,165494.00,58038.00,619.00,144711.00,16886.00,394962.00,13102.00,15015.00,10394.00,4621.00,878055.00
1992:Q1,912024.00,3960.00,8406.00,2970.00,19299.00,397418.00,19299.00,171904.00,55408.00,554.00,150253.00,16173.00,388418.00,14241.00,61139.00,56401.00,4738.00,928756.00
1992:Q2,962656.00,4435.00,8358.00,2979.00,20685.00,402636.00,20685.00,177959.00,49236.00,534.00,154222.00,17066.00,391220.00,15673.00,99604.00,94863.00,4741.00,980448.00
1992:Q3,1013627.00,6409.00,7910.00,3090.00,23573.00,419036.00,23573.00,197677.00,48036.00,378.00,149372.00,16306.00,400848.00,15615.00,120840.00,116803.00,4037.00,1033006.00
1992:Q4,1064960.00,6515.00,6942.00,3106.00,24680.00,425302.00,24680.00,203534.00,39761.00,445.00,156882.00,16453.00,431666.00,17915.00,132381.00,127837.00,4544.00,1085771.00
1993:Q1,1084499.00,5836.00,7591.00,3446.00,25219.00,424066.00,25219.00,204950.00,32740.00,460.00,160697.00,15645.00,463983.00,19457.00,119256.00,114619.00,4637.00,1106459.00
1993:Q2,1103695.00,6129.00,8601.00,3766.00,26344.00,435798.00,26344.00,211378.00,32078.00,617.00,165381.00,14506.00,465277.00,21158.00,122116.00,117391.00,4725.00,1127330.00
1993:Q3,1124532.00,5460.00,8554.00,3789.00,19887.00,452871.00,19887.00,221833.00,34149.00,1222.00,175780.00,15055.00,487775.00,23455.00,107686.00,103384.00,4302.00,1148521.00
1993:Q4,1145464.00,6619.00,6230.00,4124.00,20449.00,454083.00,20449.00,217450.00,35796.00,1371.00,179017.00,14529.00,506221.00,25631.00,107578.00,103469.00,4109.00,1169969.00
1994:Q1,1168449.00,5476.00,5869.00,4512.00,20399.00,459417.00,20399.00,224335.00,40588.00,716.00,173379.00,14637.00,492220.00,26468.00,139451.00,135629.00,3822.00,1193015.00
1994:Q2,1191705.00,5794.00,5520.00,4763.00,22909.00,458923.00,22909.00,220641.00,45014.00,845.00,169514.00,14941.00,494757.00,27578.00,156520.00,152446.00,4074.00,1216727.00
1994:Q3,1215637.00,7137.00,2636.00,4807.00,25093.00,459577.00,25093.00,217370.00,38390.00,1104.00,177620.00,15024.00,520213.00,30529.00,150621.00,145990.00,4631.00,1241073.00
1994:Q4,1239767.00,6737.00,2483.00,4958.00,27825.00,463505.00,27825.00,215554.00,39872.00,1112.00,179142.00,15199.00,521682.00,44781.00,152597.00,148010.00,4587.00,1265716.00
1995:Q1,1267495.00,5139.00,2536.00,5071.00,29519.00,483917.00,29519.00,224973.00,44665.00,1053.00,183707.00,15397.00,558839.00,50241.00,116836.00,112609.00,4227.00,1294197.00
1995:Q2,1296274.00,4687.00,2594.00,5443.00,31257.00,485294.00,31257.00,217221.00,48067.00,1131.00,187618.00,15558.00,612334.00,55761.00,83346.00,78765.00,4581.00,1323228.00
1995:Q3,1325797.00,5145.00,4209.00,5614.00,29383.00,487519.00,29383.00,211282.00,56192.00,1374.00,189288.00,15746.00,667210.00,60148.00,50823.00,45989.00,4834.00,1352871.00
1995:Q4,1355524.00,4207.00,4464.00,5894.00,31477.00,493864.00,31477.00,208194.00,63118.00,1830.00,189245.00,15938.00,703520.00,62902.00,33258.00,28457.00,4801.00,1382904.00
1996:Q1,1379266.00,4772.00,4969.00,6330.00,26428.00,509040.00,26428.00,213528.00,69231.00,2271.00,197582.00,16126.00,736723.00,64753.00,10125.00,4969.00,5156.00,1407559.00
1996:Q2,1403490.00,5883.00,3871.00,6593.00,28179.00,523235.00,28179.00,221067.00,70214.00,1297.00,202478.00,16324.00,762670.00,66448.00,-9713.00,-15151.00,5438.00,1432608.00
1996:Q3,1429347.00,7186.00,2274.00,6988.00,27573.00,511657.00,27573.00,213439.00,65037.00,496.00,205112.00,16526.00,802307.00,67960.00,-13124.00,-18392.00,5268.00,1458312.00
1996:Q4,1454878.00,7466.00,2293.00,7592.00,28222.00,521621.00,28222.00,212791.00,68622.00,561.00,211425.00,16734.00,846588.00,73182.00,-48820.00,-54339.00,5519.00,1484330.00
1997:Q1,1476929.00,5353.00,5021.00,8326.00,27395.00,541152.00,27395.00,211138.00,78763.00,2051.00,221805.00,16946.00,848717.00,73083.00,-49064.00,-54000.00,4936.00,1507453.00
1997:Q2,1500308.00,8820.00,2302.00,8689.00,32233.00,557669.00,32233.00,214907.00,78798.00,2059.00,229672.00,17160.00,952228.00,84676.00,-163469.00,-168642.00,5173.00,1531187.00
1997:Q3,1524482.00,6505.00,2823.00,9831.00,32148.00,573056.00,32149.00,223531.00,81608.00,2467.00,233301.00,17382.00,1032573.00,92503.00,-242339.00,-247670.00,5331.00,1555588.00
1997:Q4,1549654.00,5314.00,2420.00,9644.00,28616.00,580667.00,28616.00,218997.00,87006.00,1503.00,244545.00,17607.00,1051316.00,93362.00,-239292.00,-244870.00,5578.00,1580398.00
1998:Q1,1579246.00,6666.00,1653.00,9710.00,36927.00,595950.00,36927.00,212146.00,90116.00,2080.00,254681.00,18673.00,1153078.00,106899.00,-350310.00,-356075.00,5765.00,1611574.00
1998:Q2,1611291.00,7610.00,1621.00,9759.00,35839.00,613538.00,35839.00,213210.00,98041.00,2227.00,264221.00,20681.00,1162493.00,106732.00,-346982.00,-352898.00,5916.00,1643531.00
1998:Q3,1643622.00,7749.00,1717.00,9802.00,38309.00,627731.00,38309.00,207823.00,104820.00,2151.00,274628.00,21499.00,1015882.00,95796.00,-174863.00,-180666.00,5803.00,1676285.00
1998:Q4,1676455.00,9973.00,1983.00,9949.00,37532.00,639064.00,37532.00,212576.00,106104.00,3252.00,279600.00,22410.00,1188056.00,115863.00,-348375.00,-354187.00,5812.00,1709503.00
1999:Q1,1709850.00,7600.00,2169.00,10546.00,41037.00,657123.00,41037.00,211463.00,113106.00,4536.00,286981.00,22793.00,1216866.00,122112.00,-370396.00,-376654.00,6258.00,1743773.00
1999:Q2,1744334.00,9450.00,1651.00,10968.00,40909.00,660889.00,40909.00,213790.00,114932.00,3241.00,288017.00,23968.00,1312387.00,128360.00,-444248.00,-450772.00,6524.00,1778808.00
1999:Q3,1776803.00,9370.00,2120.00,11736.00,39259.00,670704.00,39259.00,204790.00,112839.00,3122.00,310694.00,23855.00,1231949.00,120845.00,-333035.00,-339605.00,6570.00,1814602.00
1999:Q4,1809809.00,9225.00,1692.00,11784.00,40375.00,681303.00,40375.00,198824.00,129022.00,3044.00,310038.00,25687.00,1407716.00,140858.00,-508831.00,-515945.00,7114.00,1850792.00
2000:Q1,1844366.00,11100.00,2400.00,11800.00,45400.00,695000.00,45400.00,196900.00,124500.00,2900.00,325300.00,24300.00,1449700.00,150600.00,-545934.00,-552911.00,6977.00,1888844.00
2000:Q2,1880121.00,12778.00,2869.00,12107.00,45179.00,698673.00,47652.00,194886.00,143291.00,2836.00,310008.00,24741.00,1408895.00,155780.00,-480901.00,-488133.00,7232.00,1927310.00
2000:Q3,1917574.00,12556.00,4738.00,12914.00,41857.00,704547.00,46805.00,185471.00,159082.00,2272.00,310917.00,21781.00,1429789.00,170961.00,-481569.00,-489038.00,7469.00,1966602.00
2000:Q4,1959036.00,9935.00,1606.00,13220.00,39836.00,721119.00,47257.00,179057.00,178873.00,1707.00,314225.00,22122.00,1298683.00,178341.00,-325826.00,-334042.00,8216.00,2006392.00
2001:Q1,2005982.00,8313.00,1475.00,13827.00,36015.00,697891.00,45909.00,177342.00,176064.00,1943.00,296633.00,21862.00,1185877.00,170422.00,-129700.00,-139050.00,9350.00,2050845.00
2001:Q2,2052559.00,13291.00,1944.00,14434.00,38694.00,708765.00,51061.00,183128.00,194655.00,1779.00,278142.00,20503.00,1265772.00,181102.00,-191946.00,-201340.00,9394.00,2096171.00
2001:Q3,2098766.00,13369.00,1813.00,14941.00,36372.00,679138.00,51214.00,166813.00,178346.00,715.00,282050.00,20944.00,1125466.00,162483.00,44240.00,34029.00,10211.00,2142352.00
2001:Q4,2145116.00,11448.00,1781.00,15447.00,33951.00,668411.00,51266.00,155099.00,180737.00,1651.00,279658.00,20984.00,1260360.00,184263.00,-51529.00,-61529.00,10000.00,2188961.00
2002:Q1,2187613.00,12126.00,2550.00,15954.00,32430.00,675783.00,52218.00,163285.00,181928.00,686.00,277666.00,20925.00,1294055.00,193344.00,-59554.00,-68447.00,8893.00,2232663.00
2002:Q2,2234061.00,11004.00,2619.00,16461.00,28708.00,654356.00,50970.00,153870.00,186219.00,822.00,262475.00,20766.00,1192749.00,178024.00,129374.00,119453.00,9921.00,2277113.00
2002:Q3,2280305.00,11959.00,2249.00,16248.00,28337.00,636363.00,50310.00,156284.00,189259.00,837.00,239673.00,20927.00,973655.00,152652.00,437915.00,427577.00,10338.00,2322299.00
2002:Q4,2324683.00,12925.00,1696.00,15513.00,27056.00,617599.00,48036.00,158882.00,192558.00,858.00,217265.00,21098.00,1056772.00,167385.00,404639.00,394195.00,10444.00,2367850.00
2003:Q1,2366917.00,13910.00,1138.00,14798.00,25808.00,599323.00,45820.00,162134.00,196651.00,876.00,193842.00,21297.00,1035799.00,166739.00,488105.00,477453.00,10652.00,2411837.00
2003:Q2,2410205.00,14731.00,903.00,14413.00,25137.00,573994.00,44629.00,161290.00,195736.00,851.00,171488.00,22796.00,1215260.00,185115.00,357856.00,347540.00,10316.00,2456972.00
2003:Q3,2458023.00,14075.00,862.00,13770.00,24017.00,607026.00,42640.00,155486.00,216040.00,2570.00,190290.00,21453.00,1273898.00,191131.00,311791.00,301029.00,10762.00,2503620.00
2003:Q4,2505530.00,13741.00,842.00,13444.00,23446.00,637119.00,41628.00,148631.00,235068.00,4386.00,207406.00,20399.00,1420987.00,207879.00,167673.00,156347.00,11326.00,2551643.00
2004:Q1,2602900.00,13426.00,823.00,13136.00,22910.00,669714.00,40675.00,143553.00,256252.00,6478.00,222756.00,19055.00,1446593.00,213772.00,203471.00,191765.00,11706.00,2647064.00
2004:Q2,2699997.00,12517.00,767.00,12247.00,21359.00,691699.00,37921.00,134943.00,273153.00,8253.00,237429.00,17755.00,1444746.00,215636.00,283271.00,271254.00,12017.00,2743713.00
2004:Q3,2801295.00,15294.00,3396.00,14827.00,16607.00,678312.00,31226.00,139774.00,260694.00,2304.00,244314.00,17160.00,1414445.00,224517.00,416737.00,392792.00,23945.00,2841697.00
2004:Q4,2894780.00,12871.00,5204.00,19729.00,15833.00,661612.00,31815.00,148691.00,231128.00,2539.00,247439.00,15004.00,1557152.00,249922.00,357453.00,321729.00,35724.00,2940110.00
2005:Q1,2945904.00,9979.00,7267.00,23601.00,13737.00,667002.00,31678.00,156079.00,207940.00,1953.00,269352.00,13603.00,1514044.00,252016.00,444655.00,404467.00,40188.00,2989427.00
2005:Q2,2997339.00,8105.00,9371.00,28899.00,12800.00,668379.00,31806.00,164628.00,184810.00,1555.00,285580.00,11653.00,1540028.00,259498.00,458606.00,403030.00,55576.00,3039339.00
2005:Q3,3042226.00,8047.00,12132.00,31718.00,8613.00,676473.00,26683.00,159742.00,185323.00,1476.00,303249.00,14231.00,1588510.00,268799.00,433703.00,367118.00,66585.00,3089948.00
2005:Q4,3086914.00,6095.00,14413.00,35970.00,6958.00,693187.00,26576.00,152468.00,181911.00,1647.00,330585.00,13437.00,1605563.00,278131.00,433160.00,353645.00,79515.00,3140934.00
2006:Q1,3143520.00,4291.00,17024.00,39802.00,5088.00,721448.00,25890.00,150428.00,180526.00,1741.00,362863.00,13077.00,1673634.00,292975.00,376181.00,284997.00,91184.00,3205668.00
2006:Q2,3204749.00,2897.00,19655.00,43258.00,2727.00,745307.00,24355.00,145994.00,178983.00,1815.00,394160.00,13254.00,1626350.00,287823.00,463478.00,359603.00,103875.00,3271533.00
2006:Q3,3262623.00,3083.00,21233.00,45192.00,2878.00,744534.00,26081.00,145818.00,178051.00,1694.00,392890.00,14279.00,1671635.00,292664.00,467125.00,361316.00,105809.00,3338623.00
2006:Q4,3320430.00,3274.00,22864.00,47148.00,3032.00,773135.00,27859.00,149806.00,189486.00,1605.00,404379.00,15337.00,1765134.00,306237.00,384269.00,276637.00,107632.00,3406455.00
2007:Q1,3355909.00,3467.00,24528.00,49117.00,3188.00,788910.00,29668.00,152609.00,191119.00,1514.00,414000.00,16414.00,1762756.00,309013.00,398516.00,289131.00,109385.00,3450359.00
2007:Q2,3388260.00,3664.00,26231.00,51074.00,3345.00,820957.00,31512.00,158227.00,196619.00,1431.00,433168.00,17517.00,1845558.00,321758.00,298156.00,187227.00,110929.00,3495469.00
2007:Q3,3432727.00,3602.00,26122.00,49350.00,3264.00,813980.00,31155.00,149118.00,190981.00,1368.00,441358.00,17417.00,1904515.00,314754.00,299723.00,189351.00,110372.00,3541720.00
2007:Q4,3477284.00,3541.00,26000.00,47649.00,3184.00,806766.00,30791.00,140220.00,185232.00,1402.00,449121.00,17310.00,1875980.00,294163.00,402691.00,292921.00,109770.00,3588471.00
2008:Q1,3531542.00,3485.00,25913.00,46065.00,3110.00,809833.00,30475.00,131713.00,180426.00,1372.00,465847.00,17227.00,1737253.00,258867.00,629789.00,520477.00,109312.00,3640226.00
2008:Q2,3581710.00,3425.00,25780.00,44441.00,3033.00,830834.00,30112.00,131788.00,182928.00,1318.00,484688.00,17114.00,1744796.00,243634.00,668653.00,559987.00,108666.00,3692371.00
2008:Q3,3640973.00,3481.00,26578.00,44164.00,3054.00,841972.00,30798.00,134215.00,174377.00,1326.00,501256.00,15768.00,1592214.00,212385.00,901357.00,801179.00,100178.00,3745476.00
2008:Q4,3704904.00,3511.00,27140.00,43677.00,3056.00,790085.00,31238.00,127599.00,156936.00,1268.00,473044.00,14489.00,1227981.00,170072.00,1424893.00,1332784.00,92109.00,3798991.00
2009:Q1,3745776.00,3501.00,27337.00,42799.00,3025.00,770573.00,31288.00,132951.00,151263.00,1149.00,453922.00,13236.00,1099245.00,151794.00,1634266.00,1550065.00,84201.00,3837745.00
2009:Q2,3778245.00,3445.00,27149.00,41464.00,2958.00,699837.00,30917.00,138636.00,143452.00,1049.00,385783.00,11964.00,1280306.00,164004.00,1547118.00,1470953.00,76165.00,3877538.00
2009:Q3,3814344.00,3434.00,27339.00,40614.00,2929.00,682977.00,30963.00,139603.00,146226.00,1131.00,365054.00,11919.00,1484771.00,182554.00,1377807.00,1298940.00,78867.00,3918431.00
2009:Q4,3855165.00,3424.00,27550.00,39736.00,2898.00,700848.00,31024.00,145402.00,152209.00,1330.00,370883.00,11876.00,1566234.00,189237.00,1313362.00,1231614.00,81748.00,3959833.00
2010:Q1,3968196.00,3412.00,27754.00,38810.00,2866.00,706845.00,31072.00,147659.00,155537.00,1506.00,371071.00,11825.00,1657973.00,195332.00,1323379.00,1238701.00,84678.00,4071258.00
2010:Q2,4088968.00,3404.00,28008.00,37873.00,2835.00,703966.00,31164.00,144778.00,156660.00,1680.00,369684.00,11787.00,1470978.00,181804.00,1648313.00,1560396.00,87917.00,4183498.00
2010:Q3,4195474.00,3663.00,30478.00,39833.00,3024.00,696270.00,33708.00,145189.00,153653.00,1750.00,361970.00,11694.00,1589563.00,193757.00,1627192.00,1534766.00,92426.00,4296272.00
2010:Q4,4302203.00,3931.00,33057.00,41846.00,3220.00,724055.00,36357.00,153668.00,154699.00,1993.00,377338.00,11570.00,1728779.00,203870.00,1551875.00,1454821.00,97054.00,4408700.00
2011:Q1,4346676.00,4205.00,35693.00,43877.00,3419.00,735032.00,39062.00,157859.00,153648.00,2147.00,382316.00,11421.00,1793316.00,209064.00,1510649.00,1408926.00,101723.00,4457451.00
2011:Q2,4393813.00,4495.00,38493.00,46015.00,3630.00,733712.00,41932.00,158018.00,149996.00,2214.00,381552.00,11247.00,1741497.00,206179.00,1608545.00,1501910.00,106635.00,4506298.00
2011:Q3,4450252.00,4318.00,36981.00,44207.00,3487.00,726616.00,40284.00,155657.00,137992.00,1799.00,390884.00,11143.00,1477612.00,160491.00,1985397.00,1882517.00,102880.00,4555332.00
2011:Q4,4493335.00,4123.00,35309.00,42208.00,3330.00,728760.00,38463.00,160743.00,128199.00,1437.00,399918.00,10990.00,1655256.00,148349.00,1865010.00,1766330.00,98680.00,4604100.00
2012:Q1,4531077.00,3927.00,33632.00,40204.00,3171.00,732676.00,36637.00,169397.00,119295.00,1087.00,406260.00,10829.00,1866275.00,143898.00,1696465.00,1602006.00,94459.00,4650466.00
2012:Q2,4576939.00,3744.00,32062.00,38327.00,3023.00,728588.00,34927.00,171173.00,108894.00,745.00,412849.00,10698.00,1808668.00,115810.00,1836019.00,1745486.00,90533.00,4696676.00
2012:Q3,4620517.00,3765.00,32246.00,38547.00,3041.00,720615.00,35127.00,171422.00,105781.00,1068.00,407217.00,10364.00,1864459.00,136518.00,1810962.00,1717826.00,93136.00,4743268.00
2012:Q4,4665026.00,3786.00,32421.00,38757.00,3057.00,726299.00,35318.00,172903.00,103502.00,1421.00,413155.00,10010.00,1810680.00,152688.00,1887328.00,1791524.00,95804.00,4789600.00
2013:Q1,4709754.00,3801.00,32546.00,38906.00,3069.00,735064.00,35454.00,173852.00,101419.00,1781.00,422558.00,9633.00,1964837.00,174496.00,1747402.00,1649040.00,98362.00,4838609.00
2013:Q2,4759182.00,3818.00,32701.00,39090.00,3084.00,765906.00,35621.00,178734.00,101186.00,2253.00,448112.00,9242.00,1966848.00,189198.00,1749295.00,1648176.00,101119.00,4887905.00
2013:Q3,4800415.00,3937.00,33717.00,40305.00,3179.00,789921.00,36729.00,182788.00,103415.00,2335.00,464654.00,9359.00,2025597.00,202195.00,1692205.00,1588784.00,103421.00,4937508.00
2013:Q4,4840428.00,4055.00,34723.00,41508.00,3274.00,816047.00,37825.00,188307.00,106342.00,2393.00,481180.00,9462.00,2172066.00,216174.00,1543119.00,1437477.00,105642.00,4986900.00
2014:Q1,4896556.00,4175.00,35753.00,42739.00,3371.00,826038.00,38947.00,188961.00,107250.00,2367.00,488513.00,9565.00,2154716.00,223090.00,1597109.00,1489207.00,107902.00,5047933.00
2014:Q2,4949025.00,4292.00,36751.00,43933.00,3466.00,835877.00,40035.00,189329.00,108306.00,2363.00,495844.00,9647.00,2202968.00,233885.00,1578206.00,1468196.00,110010.00,5109471.00
2014:Q3,5015125.00,4360.00,37335.00,44630.00,3521.00,842504.00,40670.00,187149.00,105946.00,2280.00,506459.00,9842.00,2172770.00,245419.00,1654744.00,1541571.00,113173.00,5171609.00
2014:Q4,5078014.00,4424.00,37887.00,45290.00,3573.00,836363.00,41272.00,181298.00,102206.00,2240.00,509347.00,10030.00,2257772.00,262537.00,1620138.00,1503872.00,116266.00,5233900.00
2015:Q1,5142307.00,4487.00,38428.00,45937.00,3624.00,826426.00,41861.00,176435.00,98803.00,2207.00,507120.00,10214.00,2269646.00,282352.00,1661193.00,1541878.00,119315.00,5297921.00
2015:Q2,5209618.00,4554.00,39000.00,46621.00,3678.00,852177.00,42484.00,177973.00,97068.00,2220.00,532432.00,10408.00,2242999.00,296686.00,1713495.00,1590996.00,122499.00,5362924.00
2015:Q3,5283090.00,4488.00,38439.00,45949.00,3625.00,847187.00,41872.00,173523.00,95118.00,2039.00,534635.00,9926.00,2057743.00,277184.00,1998549.00,1878401.00,120148.00,5429081.00
2015:Q4,5348627.00,4452.00,38127.00,45576.00,3595.00,855711.00,41533.00,174823.00,95500.00,2004.00,541851.00,9598.00,2157226.00,284042.00,1950300.00,1832295.00,118005.00,5496000.00
2016:Q1,5415418.00,4249.00,36387.00,43496.00,3431.00,870212.00,39637.00,175598.00,95926.00,2392.00,556659.00,8316.00,2155107.00,282507.00,2011713.00,1899069.00,112644.00,5562919.00
2016:Q2,5482210.00,4258.00,36466.00,43590.00,3438.00,875734.00,39724.00,173927.00,94510.00,2395.00,565178.00,8160.00,2154739.00,295062.00,2060763.00,1947527.00,113236.00,5629838.00
