date,FL174090005.Q,FL153091003.Q,FL173020005.Q,FL173030005.Q,FL173034005.Q,FL174022005.Q,FL163069103.Q,FL173061105.Q,FL153061705.Q,FL173062005.Q,FL153063005.Q,FL174023005.Q,FL153069005.Q,FL173065005.Q,FL173066005.Q,LM153064105.Q,LM153064205.Q,FL153040005.Q,FL153050005.Q,FL543150005.Q,FL574190005.Q,FL363150005.Q,FL173099005.Q,FL174190005.Q,FL173165105.Q,FL173165205.Q,FL153166000.Q,FL153169005.Q,FL173199005.Q
1945:Q4,469840.56,0.00,72354.53,50230.00,0.00,78843.00,0.00,66517.00,61.00,3869.00,8396.00,13462.00,694.00,12189.00,579.00,144855.00,1245.00,39560.00,57011.00,2700.00,20697.00,33614.00,12280.03,45484.05,18706.00,8606.12,6800.00,3330.00,8041.93
1946:Q1,ND,ND,ND,ND,ND,ND,ND,ND,ND,ND,ND,ND,ND,ND,ND,ND,ND,ND,ND,ND,ND,ND,ND,ND,ND,ND,ND,ND,ND
1946:Q2,ND,ND,ND,ND,ND,ND,ND,ND,ND,ND,ND,ND,ND,ND,ND,ND,ND,ND,ND,ND,ND,ND,ND,ND,ND,ND,ND,ND,ND
1946:Q3,ND,ND,ND,ND,ND,ND,ND,ND,ND,ND,ND,ND,ND,ND,ND,ND,ND,ND,ND,ND,ND,ND,ND,ND,ND,ND,ND,ND,ND
1946:Q4,488374.00,0.00,78157.00,56568.00,0.00,76574.00,85.00,65127.00,93.00,3817.00,7452.00,15113.00,733.00,13711.00,669.00,138515.00,1298.00,43360.00,64505.00,3100.00,22077.00,39328.00,14284.00,56570.00,23100.00,9597.00,9777.00,2602.00,11494.00
1947:Q1,ND,ND,ND,ND,ND,ND,ND,ND,ND,ND,ND,ND,ND,ND,ND,ND,ND,ND,ND,ND,ND,ND,ND,ND,ND,ND,ND,ND,ND
1947:Q2,ND,ND,ND,ND,ND,ND,ND,ND,ND,ND,ND,ND,ND,ND,ND,ND,ND,ND,ND,ND,ND,ND,ND,ND,ND,ND,ND,ND,ND
1947:Q3,ND,ND,ND,ND,ND,ND,ND,ND,ND,ND,ND,ND,ND,ND,ND,ND,ND,ND,ND,ND,ND,ND,ND,ND,ND,ND,ND,ND,ND
1947:Q4,502768.00,0.00,78214.00,60047.00,0.00,76418.00,103.00,65065.00,148.00,4458.00,6644.00,16511.00,660.00,15070.00,781.00,136405.00,1413.00,46510.00,71873.00,3600.00,23594.00,44679.00,15377.00,68383.00,28267.00,10436.00,13298.00,2686.00,13695.00
1948:Q1,ND,ND,ND,ND,ND,ND,ND,ND,ND,ND,ND,ND,ND,ND,ND,ND,ND,ND,ND,ND,ND,ND,ND,ND,ND,ND,ND,ND,ND
1948:Q2,ND,ND,ND,ND,ND,ND,ND,ND,ND,ND,ND,ND,ND,ND,ND,ND,ND,ND,ND,ND,ND,ND,ND,ND,ND,ND,ND,ND,ND
1948:Q3,ND,ND,ND,ND,ND,ND,ND,ND,ND,ND,ND,ND,ND,ND,ND,ND,ND,ND,ND,ND,ND,ND,ND,ND,ND,ND,ND,ND,ND
1948:Q4,514632.00,0.00,75359.00,62248.00,0.00,77463.00,234.00,65817.00,95.00,4629.00,6688.00,17824.00,654.00,16268.00,902.00,135486.00,1516.00,49353.00,79319.00,4200.00,24957.00,50162.00,16063.00,79530.00,33422.00,11611.00,16332.00,2787.00,15378.00
1949:Q1,ND,ND,ND,ND,ND,ND,ND,ND,ND,ND,ND,ND,ND,ND,ND,ND,ND,ND,ND,ND,ND,ND,ND,ND,ND,ND,ND,ND,ND
1949:Q2,ND,ND,ND,ND,ND,ND,ND,ND,ND,ND,ND,ND,ND,ND,ND,ND,ND,ND,ND,ND,ND,ND,ND,ND,ND,ND,ND,ND,ND
1949:Q3,ND,ND,ND,ND,ND,ND,ND,ND,ND,ND,ND,ND,ND,ND,ND,ND,ND,ND,ND,ND,ND,ND,ND,ND,ND,ND,ND,ND,ND
1949:Q4,535929.00,0.00,73473.00,64842.00,0.00,77594.00,304.00,67256.00,29.00,3724.00,6281.00,18661.00,702.00,16993.00,966.00,142455.00,3071.00,52104.00,87060.00,4825.00,26227.00,56008.00,16669.00,89473.00,37754.00,13092.00,19374.00,3350.00,15903.00
1950:Q1,ND,ND,ND,ND,ND,ND,ND,ND,ND,ND,ND,ND,ND,ND,ND,ND,ND,ND,ND,ND,ND,ND,ND,ND,ND,ND,ND,ND,ND
1950:Q2,ND,ND,ND,ND,ND,ND,ND,ND,ND,ND,ND,ND,ND,ND,ND,ND,ND,ND,ND,ND,ND,ND,ND,ND,ND,ND,ND,ND,ND
1950:Q3,ND,ND,ND,ND,ND,ND,ND,ND,ND,ND,ND,ND,ND,ND,ND,ND,ND,ND,ND,ND,ND,ND,ND,ND,ND,ND,ND,ND,ND
1950:Q4,578388.00,0.00,76281.00,67207.00,0.00,78538.00,442.00,66500.00,121.00,5465.00,6010.00,19807.00,971.00,17689.00,1147.00,164696.00,3344.00,55049.00,95244.00,5600.00,27229.00,62415.00,18222.00,107339.00,45348.00,15224.00,23947.00,4063.00,18757.00
1951:Q1,ND,ND,ND,ND,ND,ND,ND,ND,ND,ND,ND,ND,ND,ND,ND,ND,ND,ND,ND,ND,ND,ND,ND,ND,ND,ND,ND,ND,ND
1951:Q2,ND,ND,ND,ND,ND,ND,ND,ND,ND,ND,ND,ND,ND,ND,ND,ND,ND,ND,ND,ND,ND,ND,ND,ND,ND,ND,ND,ND,ND
1951:Q3,ND,ND,ND,ND,ND,ND,ND,ND,ND,ND,ND,ND,ND,ND,ND,ND,ND,ND,ND,ND,ND,ND,ND,ND,ND,ND,ND,ND,ND
1951:Q4,626166.00,0.00,81230.00,72177.00,0.00,78323.00,791.00,65426.00,79.00,5740.00,6287.00,20772.00,893.00,18623.00,1256.00,184698.00,3482.00,57777.00,108809.00,6575.00,32068.00,70166.00,18898.00,119628.00,51792.00,17552.00,25350.00,4186.00,20748.00
1952:Q1,637455.00,0.00,80346.00,73469.00,0.00,80979.00,978.00,66245.00,123.00,7499.00,6134.00,21498.00,748.00,18652.00,2098.00,186383.00,3612.00,58445.00,112851.00,6845.00,33515.00,72491.00,19872.00,121544.00,53149.00,17961.00,24597.00,4229.00,21608.00
1952:Q2,651047.00,0.00,78437.00,75744.00,0.00,82987.00,893.00,65904.00,0.00,9835.00,6355.00,21892.00,695.00,18913.00,2284.00,192556.00,3696.00,59153.00,116622.00,7129.00,34629.00,74864.00,19961.00,126955.00,54880.00,18725.00,26878.00,4300.00,22172.00
1952:Q3,662163.00,0.00,81051.00,77273.00,0.00,84828.00,1047.00,67045.00,0.00,10606.00,6130.00,22152.00,677.00,19126.00,2349.00,192065.00,3837.00,59892.00,120444.00,7417.00,35725.00,77302.00,20621.00,130739.00,56721.00,19320.00,27965.00,4347.00,22386.00
1952:Q4,662159.00,0.00,82918.00,79651.00,0.00,85382.00,1040.00,67389.00,-1.00,10957.00,5997.00,22673.00,714.00,19289.00,2670.00,181107.00,3932.00,60665.00,124409.00,7700.00,36940.00,79769.00,21422.00,135109.00,58486.00,19650.00,30522.00,4404.00,22047.00
1953:Q1,668147.00,0.00,83588.00,81545.00,0.00,85999.00,1270.00,66956.00,52.00,11875.00,5846.00,22805.00,737.00,19619.00,2449.00,177857.00,3867.00,61439.00,128324.00,7980.00,38202.00,82142.00,22724.00,138750.00,60073.00,19887.00,30901.00,4618.00,23271.00
1953:Q2,666821.00,0.00,80286.00,84177.00,0.00,89516.00,1213.00,69312.00,135.00,12743.00,6113.00,23085.00,639.00,19886.00,2560.00,168582.00,3778.00,62199.00,132392.00,8259.00,39571.00,84562.00,22807.00,144195.00,62293.00,20596.00,32672.00,4864.00,23770.00
1953:Q3,672083.00,0.00,82884.00,85755.00,0.00,90016.00,1389.00,69128.00,209.00,13542.00,5748.00,23235.00,663.00,20020.00,2552.00,163848.00,3753.00,62937.00,136525.00,8539.00,40958.00,87028.00,23131.00,147561.00,64272.00,21052.00,33354.00,4850.00,24034.00
1953:Q4,693767.00,0.00,84034.00,87886.00,0.00,89348.00,1296.00,68038.00,154.00,13873.00,5987.00,23791.00,708.00,20285.00,2798.00,177572.00,4146.00,63647.00,140617.00,8825.00,42280.00,89512.00,22727.00,149130.00,66003.00,21280.00,34614.00,4996.00,22237.00
1954:Q1,711885.00,0.00,82524.00,89888.00,0.00,89865.00,1424.00,68196.00,140.00,14386.00,5719.00,23767.00,786.00,20492.00,2489.00,188593.00,4512.00,64339.00,144626.00,9113.00,43470.00,92043.00,23771.00,150808.00,67416.00,21551.00,32744.00,5086.00,24011.00
1954:Q2,733858.00,0.00,81664.00,92829.00,0.00,89295.00,1300.00,67555.00,140.00,14678.00,5622.00,24212.00,833.00,20817.00,2562.00,203782.00,4895.00,65018.00,148566.00,9401.00,44542.00,94623.00,23597.00,156640.00,70234.00,22466.00,34006.00,5311.00,24623.00
1954:Q3,762786.00,0.00,86029.00,94440.00,0.00,88373.00,1301.00,66201.00,152.00,15246.00,5473.00,24538.00,919.00,21107.00,2512.00,221823.00,5469.00,65687.00,152538.00,9695.00,45583.00,97260.00,23889.00,161300.00,72336.00,23205.00,34242.00,5615.00,25903.00
1954:Q4,772348.00,0.00,86536.00,97182.00,0.00,88122.00,1072.00,66087.00,147.00,15964.00,4852.00,25242.00,1020.00,21423.00,2799.00,222895.00,6110.00,66349.00,156605.00,10000.00,46674.00,99931.00,23307.00,165835.00,75356.00,23588.00,35963.00,6047.00,24882.00
1955:Q1,788943.00,0.00,86294.00,99274.00,0.00,90275.00,1362.00,67640.00,39.00,16484.00,4750.00,25320.00,1023.00,21796.00,2501.00,229212.00,6525.00,67031.00,160719.00,10322.00,47788.00,102609.00,24293.00,170687.00,78237.00,24084.00,35702.00,6442.00,26222.00
1955:Q2,817187.00,0.00,83960.00,101868.00,0.00,91875.00,1457.00,68240.00,117.00,17509.00,4552.00,25621.00,913.00,22089.00,2619.00,249889.00,7186.00,67740.00,165063.00,10663.00,49050.00,105350.00,23985.00,179932.00,81697.00,24831.00,38755.00,6552.00,28097.00
1955:Q3,844052.00,0.00,87511.00,103362.00,0.00,93957.00,1503.00,69181.00,232.00,18360.00,4681.00,25913.00,985.00,22315.00,2613.00,263912.00,7257.00,68498.00,169458.00,11004.00,50301.00,108153.00,24185.00,187025.00,85032.00,25509.00,40543.00,6701.00,29240.00
1955:Q4,855035.00,0.00,87960.00,105783.00,0.00,94951.00,1354.00,68843.00,605.00,19174.00,4975.00,26529.00,899.00,22725.00,2905.00,265154.00,7839.00,69254.00,173766.00,11325.00,51451.00,110990.00,23799.00,192531.00,87936.00,25692.00,42949.00,6713.00,29240.00
1956:Q1,882848.00,0.00,87324.00,107946.00,0.00,97763.00,1832.00,70474.00,721.00,19569.00,5167.00,26802.00,972.00,23199.00,2631.00,281337.00,8555.00,70104.00,178087.00,11624.00,52603.00,113860.00,24930.00,195953.00,90356.00,26474.00,42251.00,6770.00,30102.00
1956:Q2,882357.00,0.00,85920.00,110925.00,0.00,98874.00,1682.00,70183.00,958.00,20436.00,5615.00,27241.00,835.00,23674.00,2732.00,272249.00,8613.00,71013.00,182354.00,11895.00,53675.00,116784.00,25168.00,202920.00,93327.00,27467.00,44281.00,6856.00,30988.00
1956:Q3,889594.00,0.00,88664.00,112516.00,0.00,100441.00,1601.00,70632.00,1115.00,21308.00,5785.00,27615.00,867.00,23976.00,2772.00,267245.00,8506.00,71904.00,186928.00,12175.00,54938.00,119815.00,25775.00,207810.00,96174.00,28316.00,44978.00,6905.00,31436.00
1956:Q4,920944.00,0.00,89978.00,115230.00,0.00,100615.00,1420.00,70225.00,959.00,21900.00,6111.00,28270.00,882.00,24327.00,3061.00,287591.00,9046.00,72724.00,191968.00,12500.00,56529.00,122939.00,25522.00,211727.00,98745.00,28576.00,46580.00,7034.00,30792.00
1957:Q1,921221.00,0.00,89043.00,118462.00,0.00,103038.00,1836.00,70878.00,933.00,22537.00,6854.00,28434.00,815.00,24871.00,2748.00,274073.00,9106.00,73468.00,199016.00,12868.00,58237.00,127911.00,26581.00,214164.00,100851.00,28811.00,45242.00,7006.00,32253.00
1957:Q2,948162.00,0.00,87064.00,121985.00,0.00,103367.00,1617.00,70743.00,1154.00,22812.00,7041.00,29016.00,814.00,25333.00,2869.00,290373.00,9687.00,74135.00,206575.00,13279.00,60286.00,133010.00,25961.00,219994.00,103039.00,29510.00,47223.00,7317.00,32905.00
1957:Q3,937147.00,0.00,89893.00,123872.00,0.00,105341.00,1713.00,71650.00,1100.00,23526.00,7352.00,29519.00,833.00,25843.00,2843.00,264793.00,9001.00,74784.00,214010.00,13700.00,62085.00,138225.00,25934.00,223969.00,105397.00,30352.00,47971.00,7327.00,32922.00
1957:Q4,950135.00,0.00,89786.00,127167.00,0.00,105712.00,1715.00,71507.00,1463.00,23851.00,7176.00,30279.00,894.00,26283.00,3102.00,266234.00,8714.00,75462.00,221333.00,14100.00,63731.00,143502.00,25448.00,226943.00,107374.00,30734.00,49217.00,7160.00,32458.00
1958:Q1,977290.00,0.00,90031.00,130705.00,0.00,106501.00,1979.00,70949.00,1208.00,24382.00,7983.00,30403.00,951.00,26750.00,2702.00,280386.00,9463.00,76183.00,226766.00,14475.00,65252.00,147039.00,26853.00,227806.00,108975.00,31428.00,46775.00,7550.00,33078.00
1958:Q2,999219.00,0.00,87056.00,134835.00,0.00,104662.00,2034.00,71186.00,824.00,23317.00,7301.00,31358.00,1045.00,27539.00,2774.00,294788.00,10610.00,76958.00,232144.00,14826.00,66666.00,150652.00,26808.00,232899.00,111142.00,32485.00,47704.00,8111.00,33456.00
1958:Q3,1043973.00,0.00,93015.00,137708.00,0.00,103061.00,2064.00,68645.00,798.00,23794.00,7760.00,32092.00,1116.00,28168.00,2808.00,323591.00,11791.00,77752.00,237630.00,15189.00,68103.00,154338.00,27332.00,237842.00,114035.00,33532.00,47940.00,8280.00,34055.00
1958:Q4,1067796.00,0.00,94073.00,141266.00,0.00,103828.00,1817.00,68638.00,833.00,24616.00,7924.00,33146.00,1156.00,28887.00,3103.00,333401.00,13242.00,78535.00,243343.00,15600.00,69685.00,158058.00,26962.00,243900.00,117177.00,34180.00,49490.00,8591.00,34462.00
1959:Q1,1085904.00,0.00,93452.00,143832.00,0.00,106442.00,1866.00,69977.00,917.00,25460.00,8222.00,33438.00,1272.00,29330.00,2836.00,339692.00,14132.00,79331.00,247721.00,16068.00,71231.00,160422.00,27864.00,248537.00,119935.00,35463.00,48991.00,8742.00,35406.00
1959:Q2,1107367.00,0.00,92134.00,147681.00,0.00,107046.00,1883.00,69458.00,1523.00,26068.00,8114.00,34026.00,1118.00,29939.00,2969.00,351283.00,14973.00,80133.00,252546.00,16602.00,73084.00,162860.00,27545.00,257962.00,123346.00,37109.00,51878.00,8985.00,36645.00
1959:Q3,1115407.00,0.00,95141.00,149934.00,0.00,109726.00,2064.00,70444.00,2011.00,27058.00,8149.00,34289.00,1031.00,30314.00,2944.00,345399.00,14747.00,80994.00,257312.00,17129.00,74805.00,165378.00,27865.00,266088.00,127007.00,38496.00,53918.00,8984.00,37682.00
1959:Q4,1143785.00,0.00,94308.00,152525.00,0.00,112037.00,1607.00,71584.00,2267.00,28362.00,8217.00,33868.00,-358.00,30801.00,3425.00,364442.00,15818.00,81956.00,262175.00,17575.00,76659.00,167941.00,26656.00,272125.00,130099.00,39173.00,57213.00,9206.00,36435.00
1960:Q1,1137010.00,0.00,92261.00,154522.00,0.00,118347.00,2740.00,75466.00,1630.00,28972.00,9539.00,33485.00,-721.00,31342.00,2864.00,344090.00,15312.00,82895.00,267741.00,17946.00,78031.00,171764.00,28357.00,275778.00,132580.00,40451.00,55757.00,9090.00,37900.00
1960:Q2,1152802.00,0.00,90354.00,158156.00,0.00,118953.00,2779.00,74183.00,1909.00,30072.00,10010.00,34238.00,-897.00,32110.00,3025.00,350070.00,16097.00,83772.00,273388.00,18248.00,79493.00,175647.00,27774.00,284060.00,135366.00,41800.00,58622.00,9401.00,38870.00
1960:Q3,1141636.00,0.00,93852.00,161281.00,0.00,118329.00,2843.00,73602.00,1294.00,30503.00,10087.00,35207.00,-540.00,32820.00,2927.00,325875.00,15640.00,84539.00,278717.00,18532.00,80543.00,179642.00,28196.00,290066.00,138582.00,43066.00,59590.00,9679.00,39148.00
1960:Q4,1193321.00,0.00,95626.00,164461.00,0.00,117396.00,2550.00,72194.00,1033.00,31007.00,10612.00,36825.00,48.00,33575.00,3202.00,364553.00,17026.00,85184.00,284547.00,18850.00,81980.00,183717.00,27704.00,295336.00,141378.00,43954.00,61248.00,9901.00,38856.00
1961:Q1,1244364.00,0.00,93550.00,169701.00,0.00,116910.00,3048.00,72095.00,359.00,30769.00,10639.00,36412.00,-607.00,34425.00,2594.00,403160.00,19440.00,85872.00,290230.00,19191.00,83342.00,187697.00,29089.00,298973.00,143645.00,45558.00,59339.00,10472.00,39959.00
1961:Q2,1256415.00,0.00,91941.00,175096.00,0.00,116959.00,2960.00,70684.00,224.00,31610.00,11481.00,38099.00,83.00,35253.00,2763.00,403029.00,20003.00,86665.00,295620.00,19544.00,84282.00,191794.00,29002.00,306618.00,146603.00,47162.00,60597.00,11139.00,41117.00
1961:Q3,1280328.00,0.00,94939.00,177733.00,0.00,117661.00,2911.00,72300.00,244.00,31180.00,11026.00,38206.00,-602.00,36010.00,2798.00,412628.00,21007.00,87588.00,301097.00,19900.00,85195.00,196002.00,29469.00,312761.00,150179.00,48929.00,61082.00,11279.00,41292.00
1961:Q4,1325681.00,0.00,95154.00,182845.00,0.00,118070.00,2188.00,71944.00,592.00,32506.00,10840.00,39224.00,-740.00,36834.00,3130.00,443217.00,22875.00,88631.00,306733.00,20250.00,86222.00,200261.00,28932.00,319926.00,154027.00,50225.00,63435.00,11700.00,40539.00
1962:Q1,1325807.00,0.00,93426.00,189204.00,0.00,119180.00,3090.00,73081.00,567.00,31469.00,10973.00,39054.00,-1100.00,37377.00,2777.00,433050.00,22981.00,89663.00,309318.00,20591.00,86701.00,202026.00,29931.00,323754.00,156488.00,51684.00,62038.00,11525.00,42019.00
1962:Q2,1226032.00,0.00,91309.00,196080.00,0.00,118961.00,3105.00,73108.00,410.00,31384.00,10954.00,40545.00,-450.00,37975.00,3020.00,329789.00,18257.00,90651.00,310998.00,20920.00,86195.00,203883.00,29442.00,333019.00,160237.00,53567.00,65435.00,11362.00,42418.00
1962:Q3,1259123.00,0.00,93668.00,201423.00,0.00,120509.00,3342.00,74836.00,286.00,31852.00,10193.00,41087.00,-338.00,38406.00,3019.00,348408.00,18796.00,91563.00,313957.00,21258.00,86858.00,205841.00,29712.00,341155.00,164345.00,55275.00,66626.00,11883.00,43026.00
1962:Q4,1356033.00,0.00,95396.00,208828.00,0.00,119244.00,2993.00,73718.00,235.00,32087.00,10211.00,41457.00,-864.00,39006.00,3315.00,431230.00,20909.00,92398.00,317344.00,21625.00,87855.00,207864.00,29227.00,349538.00,168307.00,56834.00,69344.00,12308.00,42745.00
1963:Q1,1393963.00,0.00,96577.00,215765.00,0.00,116747.00,3850.00,70567.00,9.00,31665.00,10656.00,40826.00,-1464.00,39324.00,2966.00,455641.00,22156.00,93355.00,322748.00,22016.00,88707.00,212025.00,30148.00,354845.00,171352.00,58382.00,68935.00,12575.00,43601.00
1963:Q2,1431049.00,0.00,95389.00,223030.00,0.00,116957.00,4362.00,70564.00,0.00,31642.00,10389.00,42363.00,-908.00,40093.00,3178.00,477302.00,23306.00,94378.00,328362.00,22427.00,89630.00,216305.00,29962.00,366723.00,175801.00,60532.00,72217.00,13531.00,44642.00
1963:Q3,1467536.00,0.00,98056.00,227746.00,0.00,117735.00,4754.00,71976.00,0.00,31128.00,9877.00,42549.00,-994.00,40319.00,3224.00,497411.00,24118.00,95473.00,334218.00,22856.00,90656.00,220706.00,30230.00,375857.00,180662.00,62450.00,74362.00,14161.00,44222.00
1963:Q4,1458635.00,0.00,100081.00,234936.00,0.00,119325.00,4196.00,72892.00,0.00,32094.00,10143.00,42935.00,-1146.00,40528.00,3553.00,469895.00,24819.00,96635.00,340285.00,23300.00,91810.00,225175.00,29725.00,385781.00,185106.00,64118.00,77870.00,14502.00,44185.00
1964:Q1,1504414.00,0.00,97368.00,240745.00,0.00,121324.00,4649.00,74239.00,0.00,32475.00,9961.00,43993.00,-153.00,40880.00,3266.00,499442.00,26433.00,97719.00,346742.00,23764.00,93233.00,229745.00,30648.00,392107.00,188776.00,65481.00,78041.00,14538.00,45271.00
1964:Q2,1536820.00,0.00,97951.00,247988.00,0.00,122521.00,5403.00,74497.00,0.00,33112.00,9509.00,43185.00,-1377.00,41158.00,3404.00,515081.00,27156.00,98806.00,353281.00,24250.00,94641.00,234390.00,30851.00,404555.00,193368.00,67701.00,81812.00,14718.00,46955.00
1964:Q3,1576414.00,0.00,102798.00,253567.00,0.00,123292.00,5042.00,74484.00,0.00,34138.00,9628.00,44477.00,-573.00,41613.00,3437.00,532323.00,28523.00,99913.00,360086.00,24748.00,96166.00,239172.00,31435.00,413432.00,198076.00,69722.00,84142.00,14749.00,46743.00
1964:Q4,1605181.00,0.00,102973.00,261041.00,0.00,124133.00,5173.00,73571.00,245.00,34854.00,10290.00,45054.00,-823.00,42098.00,3779.00,544127.00,28447.00,101051.00,367066.00,25250.00,97767.00,244049.00,31289.00,422894.00,202335.00,71430.00,87352.00,14765.00,47013.00
1965:Q1,1637261.00,0.00,100651.00,268791.00,0.00,126691.00,6231.00,76555.00,21.00,33771.00,10113.00,44914.00,-756.00,42175.00,3495.00,557830.00,29751.00,102149.00,374249.00,25837.00,99460.00,248952.00,32235.00,429082.00,205891.00,72809.00,87645.00,14930.00,47807.00
1965:Q2,1629278.00,0.00,100963.00,275058.00,0.00,126933.00,6710.00,76144.00,618.00,33792.00,9669.00,45464.00,-678.00,42480.00,3662.00,534567.00,29291.00,103382.00,381287.00,26341.00,100927.00,254019.00,32333.00,441708.00,210329.00,75197.00,92243.00,15156.00,48784.00
1965:Q3,1701667.00,0.00,107003.00,280622.00,0.00,128195.00,6422.00,75984.00,909.00,34915.00,9965.00,45513.00,-548.00,42391.00,3670.00,581085.00,32050.00,104656.00,389515.00,26818.00,103436.00,259261.00,33028.00,450908.00,215042.00,77354.00,94391.00,15215.00,48907.00
1965:Q4,1759318.00,0.00,109804.00,288514.00,0.00,127470.00,6044.00,74762.00,1132.00,36531.00,9001.00,46341.00,-310.00,42611.00,4040.00,616096.00,34410.00,105876.00,397864.00,27325.00,105912.00,264627.00,32943.00,461321.00,219449.00,79115.00,97489.00,15956.00,49312.00
1966:Q1,1762396.00,0.00,108240.00,294109.00,0.00,134926.00,6752.00,78944.00,1843.00,37666.00,9721.00,45657.00,-644.00,42600.00,3701.00,596561.00,35326.00,107050.00,406395.00,27846.00,108303.00,270246.00,34131.00,468058.00,223358.00,81383.00,97096.00,16409.00,49812.00
1966:Q2,1753420.00,0.00,107165.00,299561.00,0.00,136655.00,6728.00,76488.00,4946.00,38778.00,9715.00,46952.00,-305.00,43427.00,3830.00,571128.00,34547.00,108192.00,415048.00,28367.00,110643.00,276038.00,34172.00,480285.00,227232.00,83558.00,100205.00,17016.00,52274.00
1966:Q3,1714419.00,0.00,110103.00,301554.00,0.00,142742.00,7463.00,79238.00,5724.00,39058.00,11259.00,47662.00,-53.00,43990.00,3725.00,512747.00,31301.00,109349.00,423648.00,28892.00,112760.00,281996.00,35313.00,485840.00,230272.00,85217.00,100989.00,17321.00,52041.00
1966:Q4,1774535.00,0.00,111668.00,307135.00,0.00,145474.00,8294.00,79080.00,5850.00,41151.00,11099.00,48540.00,-65.00,44617.00,3988.00,548264.00,33850.00,110570.00,433633.00,29425.00,116155.00,288053.00,35401.00,493043.00,232742.00,86321.00,103422.00,17891.00,52667.00
1967:Q1,1870812.00,0.00,111089.00,317399.00,0.00,145259.00,9855.00,77816.00,5837.00,39687.00,12064.00,49375.00,762.00,44959.00,3654.00,617507.00,38226.00,111835.00,443332.00,29976.00,120104.00,293252.00,36790.00,494615.00,234221.00,87594.00,101348.00,18796.00,52656.00
1967:Q2,1896319.00,0.00,111948.00,328269.00,0.00,140763.00,9807.00,74762.00,5716.00,38330.00,12148.00,50373.00,1299.00,45344.00,3730.00,622982.00,39284.00,113072.00,452431.00,30617.00,123179.00,298635.00,37197.00,505358.00,237076.00,89970.00,104131.00,19647.00,54534.00
1967:Q3,1964101.00,0.00,115792.00,335929.00,0.00,144472.00,9031.00,77290.00,5625.00,39262.00,13264.00,51080.00,1576.00,45877.00,3627.00,659985.00,42006.00,114314.00,462338.00,31276.00,126825.00,304237.00,38185.00,514132.00,241547.00,92539.00,105544.00,20891.00,53610.00
1967:Q4,2016627.00,0.00,122097.00,342305.00,0.00,148775.00,10135.00,79092.00,6265.00,38208.00,15075.00,52638.00,2159.00,46607.00,3872.00,682128.00,42973.00,115535.00,471818.00,31939.00,129858.00,310021.00,38358.00,538151.00,245974.00,97127.00,108567.00,22426.00,64058.00
1968:Q1,1984088.00,0.00,118252.00,351028.00,0.00,152250.00,10576.00,83621.00,5670.00,37137.00,15246.00,52473.00,1569.00,47312.00,3592.00,632831.00,40523.00,116737.00,482156.00,32612.00,132355.00,317189.00,37838.00,529385.00,249378.00,96244.00,107272.00,22257.00,54235.00
1968:Q2,2101772.00,0.00,120062.00,356713.00,0.00,154149.00,10809.00,82332.00,6475.00,38066.00,16467.00,55156.00,3722.00,47757.00,3677.00,718675.00,45972.00,117921.00,494770.00,33300.00,136923.00,324547.00,38354.00,546140.00,253675.00,99105.00,111404.00,24930.00,57025.00
1968:Q3,2143446.00,0.00,124443.00,364554.00,0.00,155257.00,11208.00,83732.00,5982.00,37621.00,16714.00,57420.00,5153.00,48735.00,3532.00,727875.00,48300.00,119110.00,506925.00,33797.00,140969.00,332159.00,39562.00,556636.00,258183.00,101675.00,114160.00,25654.00,56965.00
1968:Q4,2261389.00,0.00,131235.00,372542.00,0.00,154815.00,12168.00,82035.00,6120.00,36490.00,18002.00,57812.00,4878.00,49082.00,3852.00,815334.00,49529.00,120324.00,520069.00,34696.00,145432.00,339941.00,39728.00,572311.00,262934.00,104194.00,119324.00,27320.00,58539.00
1969:Q1,2234300.00,0.00,123978.00,377371.00,0.00,166591.00,12889.00,89394.00,5981.00,40035.00,18292.00,52334.00,1483.00,47321.00,3530.00,770526.00,48554.00,121561.00,532200.00,35300.00,149543.00,347357.00,41184.00,574387.00,264857.00,106006.00,118884.00,26142.00,58498.00
1969:Q2,2218306.00,0.00,125260.00,382359.00,0.00,166429.00,14322.00,82742.00,7983.00,42266.00,19116.00,53976.00,3271.00,47138.00,3567.00,733883.00,46190.00,122814.00,545291.00,36003.00,154204.00,355084.00,42104.00,591365.00,269738.00,109733.00,123675.00,26400.00,61818.00
1969:Q3,2224854.00,0.00,123947.00,380961.00,0.00,183434.00,16655.00,91322.00,9209.00,45302.00,20946.00,51327.00,213.00,47629.00,3485.00,713075.00,46004.00,124083.00,558892.00,36718.00,158967.00,363207.00,43131.00,601570.00,274512.00,112987.00,125813.00,25754.00,62504.00
1969:Q4,2214722.00,0.00,129498.00,381297.00,0.00,192755.00,18534.00,93666.00,11305.00,47244.00,22006.00,55900.00,2651.00,49537.00,3712.00,667356.00,45578.00,125362.00,573465.00,37561.00,164186.00,371718.00,43511.00,615933.00,278689.00,115927.00,129231.00,26775.00,65312.00
1970:Q1,2218096.00,0.00,125439.00,382494.00,0.00,205178.00,22663.00,98821.00,14195.00,48079.00,21420.00,52405.00,1482.00,47509.00,3414.00,643541.00,46279.00,126703.00,591398.00,38343.00,171848.00,381207.00,44659.00,609217.00,279940.00,104594.00,126663.00,26458.00,71562.00
1970:Q2,2099792.00,0.00,131817.00,391086.00,0.00,200031.00,24822.00,89336.00,14982.00,48227.00,22664.00,53301.00,1354.00,48469.00,3478.00,509525.00,37027.00,127979.00,603849.00,39123.00,173510.00,391216.00,45177.00,621065.00,283228.00,108086.00,129421.00,26434.00,73896.00
1970:Q3,2228163.00,0.00,135713.00,409317.00,0.00,194796.00,17559.00,86561.00,15735.00,48542.00,26399.00,55772.00,1762.00,50430.00,3580.00,593764.00,41919.00,129295.00,621870.00,39971.00,180163.00,401736.00,45717.00,632985.00,287149.00,112641.00,131424.00,27288.00,74484.00
1970:Q4,2324273.00,0.00,137246.00,424925.00,0.00,193135.00,16569.00,83741.00,15943.00,47144.00,29738.00,58201.00,3564.00,50808.00,3829.00,650213.00,44501.00,130703.00,639470.00,40960.00,185881.00,412629.00,45879.00,645482.00,290995.00,116563.00,133660.00,28088.00,76176.00
1971:Q1,2434651.00,0.00,137516.00,449007.00,0.00,188597.00,14884.00,80688.00,14951.00,46097.00,31977.00,56269.00,2478.00,50335.00,3456.00,712824.00,50329.00,132202.00,658349.00,42102.00,191720.00,424527.00,49558.00,654780.00,294998.00,119215.00,134072.00,28635.00,77860.00
1971:Q2,2470020.00,0.00,143221.00,464933.00,0.00,184951.00,13765.00,76955.00,13112.00,46375.00,34744.00,56886.00,2279.00,51066.00,3541.00,708482.00,50571.00,133786.00,675866.00,43385.00,195635.00,436846.00,51324.00,676307.00,301637.00,124397.00,138912.00,29794.00,81567.00
1971:Q3,2496778.00,0.00,145178.00,478487.00,0.00,190652.00,13728.00,79217.00,13937.00,46564.00,37206.00,55223.00,1507.00,50209.00,3507.00,693654.00,49798.00,135417.00,694721.00,44749.00,200390.00,449582.00,53647.00,695285.00,309668.00,129533.00,143465.00,30737.00,81883.00
1971:Q4,2591910.00,0.00,150874.00,494035.00,0.00,186810.00,13768.00,75100.00,14615.00,45970.00,37357.00,56525.00,3597.00,49216.00,3712.00,743724.00,53006.00,137055.00,714615.00,46131.00,205877.00,462607.00,55266.00,717580.00,316620.00,134208.00,149243.00,32037.00,85473.00
1972:Q1,2681947.00,0.00,149825.00,514594.00,0.00,187932.00,13000.00,77823.00,12831.00,46559.00,37719.00,55302.00,2096.00,49835.00,3371.00,785993.00,55084.00,138724.00,736650.00,47585.00,212862.00,476203.00,57843.00,731106.00,323810.00,137611.00,148847.00,34295.00,86544.00
1972:Q2,2719612.00,0.00,150212.00,533010.00,0.00,185108.00,12073.00,76289.00,11668.00,46909.00,38169.00,56359.00,2326.00,50626.00,3407.00,781697.00,54180.00,140430.00,758252.00,49169.00,219066.00,490017.00,60365.00,762463.00,333473.00,144965.00,156222.00,35949.00,91854.00
1972:Q3,2788324.00,0.00,154423.00,553159.00,0.00,183921.00,9464.00,77550.00,10943.00,47181.00,38783.00,55092.00,612.00,51109.00,3371.00,801771.00,53712.00,142166.00,780812.00,50718.00,225963.00,504131.00,63268.00,786500.00,344759.00,150889.00,161529.00,36811.00,92512.00
1972:Q4,2963761.00,0.00,163493.00,568827.00,0.00,182878.00,9333.00,78457.00,8898.00,47684.00,38506.00,57599.00,2709.00,51260.00,3630.00,921384.00,56383.00,143930.00,804205.00,52063.00,233770.00,518372.00,65063.00,815607.00,354615.00,158507.00,168757.00,37093.00,96635.00
1973:Q1,2929203.00,0.00,161291.00,592532.00,0.00,186996.00,7064.00,82031.00,8537.00,50607.00,38757.00,54601.00,309.00,51001.00,3291.00,853489.00,50224.00,145734.00,815640.00,53212.00,237829.00,524599.00,68695.00,842474.00,363074.00,163242.00,171528.00,36512.00,108118.00
1973:Q2,2897131.00,0.00,165146.00,608009.00,0.00,190492.00,8919.00,83013.00,8472.00,51521.00,38567.00,56304.00,1416.00,51514.00,3374.00,786769.00,45290.00,147589.00,826434.00,54172.00,241212.00,531050.00,71097.00,877021.00,374782.00,167511.00,180398.00,35401.00,118928.00
1973:Q3,2990922.00,0.00,165806.00,621009.00,0.00,202081.00,9660.00,88240.00,9481.00,54174.00,40526.00,54853.00,648.00,50937.00,3268.00,833421.00,49090.00,149452.00,841684.00,55084.00,248858.00,537742.00,73526.00,905534.00,386342.00,166106.00,186695.00,35633.00,130758.00
1973:Q4,2890656.00,0.00,176162.00,631063.00,0.00,208711.00,14111.00,89663.00,8332.00,55136.00,41469.00,57526.00,3573.00,50516.00,3437.00,693870.00,43695.00,151278.00,852551.00,56089.00,251894.00,544568.00,75800.00,927992.00,396316.00,162670.00,192980.00,35323.00,140704.00
1974:Q1,2908958.00,0.00,172203.00,653045.00,263.00,217339.00,14668.00,97177.00,5738.00,56629.00,43127.00,55726.00,1080.00,51525.00,3121.00,664408.00,41490.00,153061.00,872832.00,57019.00,258905.00,556908.00,78591.00,944765.00,404299.00,167537.00,190460.00,35216.00,147254.00
1974:Q2,2877918.00,0.00,171252.00,671077.00,570.00,220367.00,17685.00,92047.00,6970.00,57899.00,45766.00,58657.00,3135.00,52356.00,3166.00,591895.00,37557.00,154793.00,890827.00,57733.00,263523.00,569571.00,80923.00,980156.00,415158.00,175441.00,196777.00,35614.00,157165.00
1974:Q3,2767207.00,0.00,173164.00,677702.00,1386.00,240400.00,22024.00,96474.00,11510.00,62394.00,47998.00,59440.00,3044.00,53356.00,3040.00,440798.00,29123.00,156548.00,906445.00,58695.00,265154.00,582596.00,82201.00,1010529.00,425363.00,183853.00,201241.00,36432.00,163640.00
1974:Q4,2831269.00,0.00,181140.00,688823.00,2379.00,250229.00,22495.00,97491.00,13669.00,62164.00,54410.00,60503.00,3433.00,53987.00,3083.00,445034.00,31813.00,158399.00,930197.00,60372.00,273966.00,595859.00,82752.00,1031348.00,432009.00,189936.00,201926.00,36967.00,170511.00
1975:Q1,2990024.00,0.00,168537.00,716761.00,3620.00,257338.00,30347.00,95100.00,11529.00,62603.00,57759.00,53407.00,2782.00,47980.00,2645.00,547842.00,37436.00,161446.00,959276.00,62694.00,287453.00,609129.00,84360.00,1037418.00,436823.00,194273.00,195912.00,37620.00,172790.00
1975:Q2,3131611.00,0.00,178496.00,735349.00,3661.00,252025.00,26437.00,97916.00,8769.00,63059.00,55844.00,56548.00,3586.00,50303.00,2659.00,625664.00,42283.00,163796.00,987986.00,65593.00,299697.00,622696.00,85804.00,1058980.00,447576.00,198264.00,195933.00,38305.00,178903.00
1975:Q3,3098386.00,0.00,180877.00,750292.00,3708.00,261687.00,21915.00,106854.00,7681.00,65177.00,60060.00,56716.00,1519.00,52665.00,2532.00,544752.00,36835.00,165855.00,1010295.00,68877.00,304947.00,636471.00,87369.00,1084115.00,459486.00,200962.00,201183.00,39157.00,183327.00
1975:Q4,3208196.00,0.00,183008.00,770253.00,3696.00,271542.00,19746.00,113061.00,7584.00,66809.00,64342.00,61123.00,4722.00,53733.00,2668.00,584599.00,38749.00,168626.00,1037090.00,72349.00,314515.00,650226.00,89510.00,1113036.00,471020.00,204020.00,206996.00,40149.00,190851.00
1976:Q1,3354892.00,0.00,178528.00,798906.00,3557.00,270689.00,20641.00,112035.00,6963.00,69757.00,61293.00,61818.00,4797.00,54682.00,2339.00,677976.00,42619.00,170615.00,1058787.00,76120.00,325311.00,657356.00,91397.00,1131094.00,482963.00,209047.00,204908.00,41915.00,192261.00
1976:Q2,3429884.00,0.00,184709.00,822391.00,3341.00,275628.00,21250.00,109255.00,7594.00,73874.00,63655.00,61820.00,3881.00,55561.00,2378.00,696689.00,42441.00,173075.00,1075581.00,80343.00,330742.00,664496.00,94209.00,1166806.00,497634.00,212837.00,213148.00,43672.00,199514.00
1976:Q3,3489482.00,0.00,187203.00,842880.00,3322.00,278245.00,18956.00,109657.00,6993.00,74962.00,67677.00,62090.00,3165.00,56669.00,2256.00,707098.00,40957.00,175297.00,1094943.00,84666.00,338370.00,671907.00,97447.00,1200673.00,515251.00,216920.00,220688.00,44704.00,203110.00
1976:Q4,3576210.00,0.00,195476.00,863082.00,3381.00,280475.00,16851.00,104256.00,11692.00,72859.00,74817.00,66895.00,7424.00,56990.00,2481.00,731164.00,41436.00,177824.00,1115292.00,88740.00,346977.00,679575.00,101185.00,1237210.00,531432.00,221211.00,228961.00,45896.00,209709.00
1977:Q1,3583322.00,0.00,195678.00,898696.00,2939.00,289867.00,24022.00,108933.00,7499.00,73367.00,76046.00,61541.00,1431.00,57948.00,2162.00,673643.00,37826.00,180124.00,1138786.00,92446.00,354147.00,692193.00,104221.00,1266683.00,546488.00,226741.00,229155.00,46514.00,217785.00
1977:Q2,3663875.00,0.00,199867.00,919858.00,3017.00,291107.00,28271.00,101474.00,7588.00,77953.00,75821.00,63339.00,2271.00,59010.00,2058.00,691483.00,40651.00,182557.00,1163296.00,95847.00,362044.00,705405.00,108700.00,1318576.00,571489.00,232952.00,242048.00,48103.00,223984.00
1977:Q3,3704143.00,0.00,208524.00,946262.00,2956.00,295498.00,28547.00,105878.00,7913.00,76821.00,76339.00,61818.00,-282.00,60254.00,1846.00,661389.00,40413.00,184993.00,1188787.00,99313.00,370194.00,719280.00,113503.00,1367822.00,598540.00,238615.00,252953.00,48680.00,229034.00
1977:Q4,3750276.00,0.00,213164.00,967189.00,3197.00,305793.00,31539.00,106953.00,8372.00,78817.00,80112.00,68228.00,5344.00,60887.00,1997.00,630970.00,40355.00,187808.00,1215036.00,103217.00,378135.00,733684.00,118536.00,1415889.00,622779.00,244524.00,264892.00,49728.00,233967.00
1978:Q1,3786533.00,0.00,213646.00,997387.00,4734.00,314077.00,31566.00,110922.00,8564.00,84708.00,78317.00,65816.00,1906.00,62427.00,1483.00,593085.00,39400.00,190464.00,1244327.00,107458.00,387951.00,748918.00,123597.00,1451731.00,641067.00,250771.00,266971.00,52193.00,240729.00
1978:Q2,3910696.00,0.00,221361.00,1019381.00,6050.00,322384.00,38562.00,106575.00,8452.00,92098.00,76697.00,70526.00,3598.00,65581.00,1347.00,631131.00,41664.00,193533.00,1276109.00,111959.00,399353.00,764797.00,128557.00,1520345.00,669239.00,258192.00,284526.00,55477.00,252911.00
1978:Q3,4042009.00,0.00,229238.00,1044706.00,7215.00,329755.00,38267.00,112428.00,8500.00,97663.00,72897.00,75163.00,5066.00,68894.00,1203.00,671927.00,43683.00,196398.00,1310417.00,116692.00,412460.00,781265.00,133507.00,1585800.00,701677.00,265562.00,298022.00,58223.00,262316.00
1978:Q4,4095840.00,0.00,232891.00,1063881.00,8928.00,349783.00,46230.00,113493.00,9910.00,104168.00,75982.00,83164.00,11147.00,70559.00,1458.00,640129.00,41080.00,199369.00,1338408.00,121630.00,418723.00,798055.00,138208.00,1645088.00,732331.00,273814.00,311305.00,55754.00,271884.00
1979:Q1,4215245.00,0.00,227813.00,1087091.00,15693.00,366407.00,50799.00,120461.00,11678.00,109320.00,74149.00,79004.00,4274.00,73778.00,952.00,678821.00,42476.00,202002.00,1372785.00,126736.00,430987.00,815062.00,143153.00,1688927.00,757019.00,281149.00,313819.00,56035.00,280904.00
1979:Q2,4318199.00,0.00,240111.00,1099446.00,22681.00,379393.00,53900.00,123983.00,11553.00,116924.00,73033.00,85339.00,6651.00,77837.00,851.00,692151.00,43252.00,204897.00,1402700.00,131964.00,438288.00,832448.00,148229.00,1764021.00,788579.00,294540.00,327319.00,60075.00,293508.00
1979:Q3,4465179.00,0.00,253918.00,1122232.00,29822.00,389037.00,57345.00,131190.00,12626.00,121212.00,66664.00,90812.00,8476.00,81615.00,721.00,736043.00,44837.00,207494.00,1438115.00,137504.00,450434.00,850177.00,152869.00,1837816.00,822265.00,307666.00,341528.00,62614.00,303742.00
1979:Q4,4612310.00,0.00,255567.00,1137229.00,39459.00,426086.00,56004.00,158688.00,12500.00,123569.00,75325.00,97894.00,14399.00,82612.00,883.00,767889.00,38388.00,210305.00,1482128.00,143546.00,467156.00,871426.00,157365.00,1905233.00,849968.00,320469.00,354616.00,61871.00,318310.00
1980:Q1,4633948.00,0.00,247208.00,1161259.00,54525.00,436174.00,60332.00,164836.00,19044.00,124044.00,67918.00,100925.00,8741.00,91775.00,409.00,705845.00,39456.00,212764.00,1516561.00,150151.00,480601.00,885809.00,159232.00,1955688.00,880320.00,332843.00,349662.00,65448.00,327416.00
1980:Q2,4829175.00,0.00,251756.00,1180963.00,69928.00,422496.00,52550.00,159606.00,17494.00,126304.00,66542.00,105999.00,12065.00,93709.00,225.00,807631.00,44130.00,215454.00,1569834.00,157384.00,512096.00,900354.00,160985.00,1996812.00,896823.00,347589.00,345637.00,67904.00,338859.00
1980:Q3,5059263.00,0.00,271124.00,1212294.00,70003.00,426023.00,49723.00,163342.00,16814.00,128667.00,67477.00,114361.00,16096.00,98115.00,150.00,909904.00,49129.00,217872.00,1624890.00,164801.00,544499.00,915590.00,163663.00,2051380.00,925899.00,359153.00,350336.00,70792.00,345201.00
1980:Q4,5297621.00,0.00,275988.00,1261596.00,64366.00,444894.00,52267.00,176432.00,18600.00,130052.00,67543.00,121843.00,22221.00,99472.00,150.00,1010470.00,52060.00,220559.00,1674445.00,171960.00,571432.00,931053.00,171400.00,2111417.00,952035.00,369013.00,358044.00,76832.00,355493.00
1981:Q1,5397761.00,0.00,281939.00,1265214.00,98522.00,445948.00,55275.00,168400.00,14218.00,143005.00,65050.00,117986.00,14626.00,103285.00,75.00,1014946.00,52359.00,222852.00,1719423.00,178243.00,590849.00,950331.00,178571.00,2141715.00,967221.00,379937.00,353902.00,76061.00,364593.00
1981:Q2,5463584.00,0.00,288789.00,1283523.00,108564.00,441086.00,47140.00,163129.00,14201.00,151239.00,65377.00,124480.00,13063.00,111367.00,50.00,992933.00,53153.00,225503.00,1759711.00,183634.00,606133.00,969944.00,185841.00,2197967.00,990980.00,389117.00,361610.00,78570.00,377689.00
1981:Q3,5424935.00,0.00,299603.00,1305701.00,137398.00,451671.00,40112.00,173761.00,13478.00,160071.00,64249.00,129875.00,12289.00,117536.00,50.00,836812.00,48742.00,227711.00,1794793.00,189900.00,615291.00,989602.00,192629.00,2244063.00,1008827.00,397477.00,371928.00,79902.00,385930.00
1981:Q4,5643802.00,0.00,324651.00,1331018.00,154610.00,464048.00,42000.00,172056.00,14224.00,160269.00,75499.00,140130.00,18359.00,121746.00,25.00,905145.00,52640.00,230141.00,1841683.00,199792.00,631519.00,1010372.00,199736.00,2290667.00,1024623.00,411156.00,377882.00,83987.00,393019.00
1982:Q1,5608322.00,0.00,320040.00,1355130.00,164885.00,483768.00,46011.00,176192.00,13753.00,172575.00,75237.00,141873.00,14104.00,127744.00,25.00,775113.00,49981.00,232060.00,1884668.00,209369.00,644158.00,1031141.00,200804.00,2314574.00,1036050.00,422487.00,373537.00,81708.00,400792.00
1982:Q2,5694495.00,0.00,320193.00,1379138.00,175381.00,505811.00,52849.00,180662.00,13601.00,189633.00,69066.00,149162.00,17173.00,131989.00,0.00,745219.00,50031.00,234096.00,1933328.00,220367.00,660256.00,1052705.00,202136.00,2367853.00,1049487.00,437477.00,380887.00,83431.00,416571.00
1982:Q3,5903546.00,0.00,333111.00,1400034.00,201364.00,529293.00,45611.00,198453.00,13569.00,199585.00,72075.00,146334.00,17554.00,128780.00,0.00,796027.00,55666.00,235743.00,2001332.00,233354.00,692625.00,1075353.00,204641.00,2404204.00,1049598.00,453956.00,386815.00,86833.00,427002.00
1982:Q4,6217406.00,2427.00,347872.00,1459340.00,186712.00,520298.00,48718.00,188366.00,13424.00,201050.00,68740.00,159162.00,23313.00,135849.00,0.00,966318.00,65110.00,237958.00,2062168.00,242900.00,720443.00,1098825.00,210041.00,2457431.00,1064385.00,467345.00,396718.00,92616.00,436368.00
1983:Q1,6464017.00,2536.00,355417.00,1530902.00,164329.00,534472.00,47958.00,196867.00,12562.00,212501.00,64584.00,153180.00,17947.00,135233.00,0.00,1058391.00,76160.00,239874.00,2132996.00,252335.00,762165.00,1118496.00,215760.00,2470002.00,1081163.00,465088.00,391910.00,94186.00,437655.00
1983:Q2,6750316.00,2490.00,364907.00,1564937.00,150654.00,559916.00,42190.00,214312.00,12366.00,230727.00,60321.00,156487.00,18856.00,137631.00,0.00,1179666.00,92057.00,242244.00,2215651.00,265284.00,811447.00,1138920.00,221307.00,2542363.00,1110187.00,479040.00,403838.00,100633.00,448664.00
1983:Q3,6877491.00,2601.00,366615.00,1615955.00,150913.00,598900.00,36474.00,233223.00,14073.00,245174.00,69956.00,158019.00,19773.00,138246.00,0.00,1146214.00,95017.00,244290.00,2270813.00,272354.00,839127.00,1159332.00,228153.00,2621940.00,1146901.00,494090.00,420612.00,102153.00,458184.00
1983:Q4,6950470.00,6937.00,366082.00,1665236.00,149944.00,603209.00,43780.00,236703.00,14518.00,246647.00,61561.00,163191.00,22573.00,140618.00,0.00,1088573.00,98040.00,246737.00,2325818.00,281650.00,863921.00,1180247.00,236703.00,2707738.00,1179094.00,510976.00,444878.00,102953.00,469837.00
1984:Q1,7013288.00,7190.00,352048.00,1723555.00,163904.00,606330.00,43994.00,253158.00,15820.00,254723.00,38635.00,161573.00,18812.00,142761.00,0.00,1023778.00,100040.00,247998.00,2386563.00,287889.00,896874.00,1201800.00,240309.00,2771619.00,1208670.00,532878.00,452010.00,100544.00,477516.00
1984:Q2,7138975.00,7280.00,361721.00,1784995.00,166718.00,669159.00,52361.00,279540.00,17019.00,275031.00,45208.00,165414.00,18757.00,146657.00,0.00,959429.00,100241.00,249521.00,2431294.00,295754.00,912081.00,1223459.00,243203.00,2871758.00,1246094.00,556254.00,479799.00,101793.00,487818.00
1984:Q3,7374566.00,7026.00,360999.00,1833336.00,167650.00,705263.00,55652.00,296516.00,19809.00,290259.00,43027.00,172070.00,20638.00,151432.00,0.00,1008919.00,113338.00,250880.00,2509172.00,310503.00,951873.00,1246796.00,245913.00,2960629.00,1280785.00,579413.00,501839.00,100118.00,498474.00
1984:Q4,7562413.00,6902.00,384572.00,1888289.00,194318.00,704747.00,65640.00,282977.00,27522.00,290221.00,38387.00,170217.00,27897.00,142320.00,0.00,1009964.00,119018.00,252787.00,2583417.00,328343.00,985048.00,1270026.00,248182.00,3057337.00,1313080.00,603079.00,526584.00,101644.00,512950.00
1985:Q1,7862076.00,7017.00,383339.00,1925964.00,201589.00,767118.00,58800.00,303706.00,26669.00,317494.00,60449.00,188265.00,23530.00,164735.00,0.00,1069654.00,135840.00,254900.00,2675022.00,340677.00,1039940.00,1294405.00,253368.00,3163515.00,1376924.00,626719.00,536023.00,101284.00,522565.00
1985:Q2,8105284.00,6812.00,394322.00,1959931.00,207124.00,782830.00,56106.00,287302.00,39673.00,329995.00,69754.00,200311.00,32068.00,168243.00,0.00,1131477.00,162766.00,257747.00,2739032.00,356665.00,1063099.00,1319268.00,262932.00,3276007.00,1418706.00,648960.00,559592.00,105823.00,542926.00
1985:Q3,8180949.00,7207.00,410759.00,1994979.00,203542.00,816542.00,58388.00,303490.00,34893.00,347018.00,72753.00,195052.00,29522.00,165530.00,0.00,1050818.00,179161.00,260564.00,2785726.00,363585.00,1078140.00,1344001.00,276599.00,3396855.00,1469978.00,669751.00,585905.00,112784.00,558438.00
1985:Q4,8654431.00,7791.00,416614.00,2135199.00,197712.00,839923.00,56471.00,286930.00,22679.00,394259.00,79584.00,209925.00,49768.00,160157.00,0.00,1226872.00,219442.00,264336.00,2847102.00,260441.00,1215574.00,1371087.00,289516.00,3514166.00,1519551.00,677086.00,610574.00,122919.00,584036.00
1986:Q1,9028382.00,7952.00,427596.00,2164584.00,220429.00,828335.00,46010.00,263190.00,17655.00,397674.00,103806.00,211325.00,52392.00,158933.00,0.00,1390552.00,275257.00,268266.00,2932177.00,273503.00,1257137.00,1401537.00,301909.00,3548125.00,1550671.00,692623.00,606799.00,125798.00,572234.00
1986:Q2,9281569.00,8126.00,461481.00,2180167.00,229709.00,844046.00,46360.00,244361.00,21634.00,411501.00,120190.00,206732.00,46306.00,160426.00,0.00,1452430.00,312493.00,272862.00,3000819.00,295200.00,1274613.00,1431006.00,312704.00,3635227.00,1608931.00,706040.00,627891.00,126441.00,565924.00
1986:Q3,9313598.00,8447.00,481103.00,2210423.00,246589.00,858887.00,59181.00,268302.00,22949.00,397867.00,110588.00,208705.00,49510.00,159195.00,0.00,1317074.00,338139.00,277435.00,3042792.00,305194.00,1277828.00,1459770.00,324004.00,3736692.00,1675900.00,720498.00,649888.00,129755.00,560651.00
1986:Q4,9762080.00,8753.00,536272.00,2255443.00,239928.00,887800.00,56132.00,281990.00,23654.00,411316.00,114708.00,216275.00,58997.00,157278.00,0.00,1495169.00,375743.00,282599.00,3130169.00,327864.00,1312364.00,1489941.00,333930.00,3841684.00,1722797.00,744664.00,666355.00,132416.00,575452.00
1987:Q1,10228956.00,8687.00,500626.00,2262203.00,250118.00,905960.00,51388.00,263062.00,23136.00,435220.00,133154.00,215418.00,54184.00,161234.00,0.00,1768928.00,453009.00,289604.00,3230888.00,341692.00,1370002.00,1519194.00,343516.00,3864803.00,1762183.00,757347.00,644317.00,126023.00,574934.00
1987:Q2,10414446.00,8525.00,514822.00,2296079.00,245866.00,971560.00,50753.00,283621.00,23892.00,465178.00,148116.00,211296.00,52488.00,158808.00,0.00,1756493.00,458493.00,295990.00,3305455.00,349692.00,1409173.00,1546590.00,349868.00,3968920.00,1835901.00,764901.00,660313.00,129548.00,578258.00
1987:Q3,10715946.00,8400.00,521099.00,2330800.00,249497.00,1033104.00,45110.00,300104.00,29075.00,493301.00,165514.00,209761.00,53155.00,156606.00,0.00,1837446.00,458924.00,303304.00,3406832.00,362976.00,1469351.00,1574505.00,356779.00,4058300.00,1890295.00,770795.00,679637.00,131715.00,585858.00
1987:Q4,10411510.00,9759.00,536100.00,2392574.00,261399.00,1066710.00,55346.00,322605.00,35600.00,520819.00,132340.00,199242.00,41088.00,158154.00,0.00,1472855.00,397429.00,307540.00,3402424.00,350628.00,1454222.00,1597574.00,365478.00,4101755.00,1919993.00,780894.00,698640.00,116120.00,586108.00
1988:Q1,10724856.00,9724.00,524108.00,2459691.00,289444.00,1068260.00,54134.00,323345.00,31458.00,527164.00,132159.00,203332.00,42938.00,160394.00,0.00,1573991.00,414777.00,313734.00,3491230.00,377479.00,1489282.00,1624469.00,376564.00,4170578.00,1966665.00,800581.00,693732.00,114308.00,595292.00
1988:Q2,10984827.00,10130.00,529941.00,2496413.00,269649.00,1117886.00,63158.00,353163.00,27195.00,543377.00,130993.00,209595.00,45369.00,164226.00,0.00,1651625.00,420442.00,321119.00,3569114.00,396546.00,1520872.00,1651696.00,388913.00,4285602.00,2036129.00,818593.00,710128.00,115451.00,605301.00
1988:Q3,11186115.00,10318.00,525588.00,2540515.00,272480.00,1188749.00,79925.00,379691.00,31824.00,567505.00,129804.00,213242.00,45082.00,168160.00,0.00,1664249.00,414655.00,327380.00,3627437.00,415731.00,1532485.00,1679221.00,401502.00,4394227.00,2096514.00,836347.00,725838.00,117116.00,618412.00
1988:Q4,11569234.00,10708.00,540281.00,2584912.00,281202.00,1308434.00,93557.00,408356.00,55224.00,590828.00,160469.00,215419.00,45072.00,170347.00,0.00,1767619.00,410036.00,335651.00,3701028.00,435495.00,1557430.00,1708103.00,413944.00,4517940.00,2153183.00,862530.00,745206.00,119192.00,637828.00
1989:Q1,11849961.00,11153.00,522906.00,2609128.00,308575.00,1358585.00,100226.00,424863.00,51898.00,591150.00,190448.00,216278.00,46446.00,169832.00,0.00,1844643.00,416105.00,339269.00,3800893.00,443930.00,1598740.00,1758223.00,422426.00,4573307.00,2187397.00,871846.00,753193.00,110759.00,650112.00
1989:Q2,12131626.00,11032.00,518486.00,2611967.00,325992.00,1355742.00,88499.00,440411.00,41142.00,593906.00,191784.00,221141.00,52363.00,168778.00,0.00,1943489.00,445148.00,348423.00,3919419.00,468913.00,1640695.00,1809811.00,430787.00,4681317.00,2245783.00,881057.00,769617.00,117186.00,667673.00
1989:Q3,12520734.00,11268.00,514551.00,2642422.00,357700.00,1387945.00,85995.00,445681.00,52852.00,605579.00,197838.00,211586.00,44210.00,167376.00,0.00,2098716.00,465044.00,354913.00,4036742.00,487538.00,1686090.00,1863114.00,439847.00,4781055.00,2311764.00,890123.00,784207.00,117728.00,677234.00
1989:Q4,12798740.00,11874.00,543166.00,2671881.00,355906.00,1397341.00,87881.00,411809.00,78611.00,619514.00,199526.00,221777.00,55265.00,166512.00,0.00,2186242.00,457339.00,365250.00,4141760.00,495495.00,1730727.00,1915538.00,446204.00,4881377.00,2360135.00,899546.00,809285.00,116857.00,695554.00
1990:Q1,12803717.00,11755.00,527658.00,2688780.00,383317.00,1427645.00,73155.00,433293.00,87665.00,634998.00,198534.00,218636.00,50720.00,167916.00,0.00,2062072.00,450688.00,371410.00,4206750.00,513865.00,1744293.00,1948592.00,455007.00,4944924.00,2439709.00,898442.00,792320.00,120950.00,693503.00
1990:Q2,13034704.00,12312.00,536955.00,2685340.00,364629.00,1469153.00,69568.00,441618.00,102295.00,649028.00,206644.00,221776.00,52388.00,169388.00,0.00,2138795.00,473901.00,379242.00,4297012.00,547877.00,1764914.00,1984221.00,455589.00,5019090.00,2505544.00,893523.00,798712.00,122017.00,699295.00
1990:Q3,12783654.00,12949.00,531918.00,2702034.00,387016.00,1539903.00,77207.00,487952.00,113162.00,651675.00,209907.00,226618.00,55360.00,171258.00,0.00,1770584.00,435022.00,385267.00,4332677.00,552194.00,1764285.00,2016198.00,459667.00,5089634.00,2555979.00,895009.00,812302.00,117052.00,709292.00
1990:Q4,13291154.00,13427.00,533849.00,2724597.00,395719.00,1641740.00,93658.00,521709.00,121823.00,655388.00,249162.00,237315.00,64851.00,172464.00,0.00,1994466.00,458213.00,391738.00,4435277.00,569775.00,1812271.00,2053231.00,464813.00,5142466.00,2596240.00,895108.00,824391.00,120472.00,706255.00
1991:Q1,13825921.00,13959.00,554880.00,2732550.00,447039.00,1607213.00,75825.00,520723.00,98201.00,651168.00,261296.00,235431.00,63362.00,172069.00,0.00,2319065.00,503361.00,398407.00,4545074.00,577140.00,1877447.00,2090487.00,468943.00,5150996.00,2632149.00,896938.00,802207.00,121779.00,697922.00
1991:Q2,13861432.00,13957.00,555132.00,2682305.00,420101.00,1636276.00,57457.00,531722.00,102634.00,671909.00,272554.00,233666.00,61121.00,172545.00,0.00,2287419.00,524550.00,407093.00,4626410.00,592810.00,1906890.00,2126710.00,474523.00,5222451.00,2691674.00,900802.00,801306.00,123048.00,705620.00
1991:Q3,14156788.00,14409.00,556955.00,2663280.00,411243.00,1646532.00,61527.00,536983.00,103846.00,686731.00,257445.00,244453.00,72634.00,171819.00,0.00,2428254.00,572077.00,411776.00,4730091.00,605645.00,1958536.00,2165910.00,477719.00,5258871.00,2714314.00,887982.00,802500.00,133160.00,720914.00
1991:Q4,14768009.00,14565.00,590357.00,2644486.00,414436.00,1634492.00,58500.00,535315.00,104808.00,687041.00,248828.00,264594.00,95461.00,169133.00,0.00,2822437.00,633019.00,418577.00,4846523.00,621189.00,2018205.00,2207129.00,484523.00,5331633.00,2766661.00,884082.00,815581.00,144143.00,721166.00
1992:Q1,14729871.00,14566.00,603993.00,2512185.00,434302.00,1680356.00,40842.00,574945.00,115785.00,688205.00,260579.00,245666.00,78454.00,167212.00,0.00,2727671.00,656459.00,425606.00,4938007.00,629606.00,2032719.00,2275682.00,491060.00,5345494.00,2806583.00,879841.00,793353.00,140791.00,724926.00
1992:Q2,14849844.00,14953.00,616894.00,2505816.00,417956.00,1668656.00,44466.00,581803.00,101561.00,677795.00,263032.00,252167.00,86900.00,165267.00,0.00,2688502.00,700363.00,429996.00,5056163.00,646815.00,2062880.00,2346468.00,498378.00,5392939.00,2838405.00,875295.00,792332.00,147265.00,739642.00
1992:Q3,15109886.00,15504.00,646161.00,2454056.00,391078.00,1686950.00,44152.00,604352.00,114107.00,676048.00,248291.00,250816.00,86849.00,163967.00,0.00,2772559.00,752857.00,439404.00,5192287.00,661695.00,2112074.00,2418518.00,508214.00,5452210.00,2892120.00,868960.00,801933.00,148538.00,740660.00
1992:Q4,15724150.00,15600.00,707208.00,2424411.00,374128.00,1735480.00,52676.00,646370.00,123316.00,642789.00,270329.00,247843.00,85548.00,162295.00,0.00,3112850.00,801030.00,447710.00,5342618.00,693358.00,2157410.00,2491850.00,515272.00,5535052.00,2935633.00,864682.00,824769.00,148753.00,761215.00
1993:Q1,16020438.00,15445.00,683427.00,2384344.00,383588.00,1766062.00,55508.00,661015.00,106656.00,638464.00,304419.00,259892.00,101060.00,158832.00,0.00,3198127.00,876486.00,455971.00,5471510.00,713088.00,2226628.00,2531794.00,525586.00,5535290.00,2946535.00,863639.00,807262.00,155805.00,762049.00
1993:Q2,16218088.00,15352.00,705067.00,2362250.00,373887.00,1765052.00,58666.00,665079.00,75842.00,635673.00,329792.00,268974.00,112525.00,156449.00,0.00,3208966.00,949268.00,465216.00,5571242.00,733874.00,2266239.00,2571129.00,532814.00,5603676.00,3000798.00,859872.00,818662.00,155784.00,768560.00
1993:Q3,16519980.00,14697.00,729868.00,2346568.00,363885.00,1743185.00,60315.00,648126.00,65677.00,617825.00,351242.00,263845.00,109658.00,154187.00,0.00,3324804.00,1031597.00,474964.00,5683776.00,761145.00,2312298.00,2610333.00,542791.00,5692880.00,3052878.00,855104.00,842668.00,165564.00,776666.00
1993:Q4,16904421.00,15757.00,761516.00,2305231.00,372193.00,1817279.00,65040.00,682115.00,53234.00,598283.00,418607.00,263827.00,112311.00,151516.00,0.00,3478889.00,1082245.00,484813.00,5771937.00,774869.00,2345800.00,2651268.00,550734.00,5791144.00,3094973.00,852602.00,886169.00,172697.00,784703.00
1994:Q1,16939644.00,15716.00,736953.00,2310267.00,375408.00,1965327.00,65532.00,727376.00,118024.00,607627.00,446768.00,265277.00,116793.00,148484.00,0.00,3316875.00,1055369.00,490866.00,5843704.00,784603.00,2367985.00,2691116.00,563883.00,5826777.00,3126443.00,847350.00,883876.00,173188.00,795921.00
1994:Q2,17033760.00,16847.00,733170.00,2279187.00,362948.00,2079794.00,66953.00,774309.00,144862.00,619273.00,474397.00,263181.00,115032.00,148149.00,0.00,3250488.00,1043163.00,497466.00,5933297.00,786713.00,2413544.00,2733040.00,574219.00,5921467.00,3173629.00,845000.00,918580.00,174179.00,810079.00
1994:Q3,17335131.00,17357.00,727641.00,2296300.00,354649.00,2133805.00,69017.00,817327.00,163352.00,598444.00,485666.00,261658.00,115420.00,146238.00,0.00,3310075.00,1080637.00,514825.00,6049558.00,799690.00,2472110.00,2777758.00,588625.00,6024930.00,3223662.00,842060.00,959953.00,173114.00,826141.00
1994:Q4,17582829.00,18847.00,742706.00,2284185.00,388373.00,2326234.00,69716.00,908781.00,212720.00,586065.00,548952.00,260351.00,115745.00,144606.00,0.00,3350509.00,998483.00,520348.00,6093038.00,796048.00,2476579.00,2820411.00,599755.00,6158430.00,3270922.00,837765.00,1021168.00,182755.00,845820.00
1995:Q1,18069002.00,20324.00,725274.00,2333751.00,412908.00,2283805.00,70219.00,915946.00,182339.00,562380.00,552921.00,262931.00,120958.00,141973.00,0.00,3601795.00,1035576.00,532694.00,6237879.00,814099.00,2553623.00,2870157.00,622064.00,6206423.00,3299233.00,839953.00,1024546.00,178836.00,863856.00
1995:Q2,18599972.00,22461.00,732464.00,2363031.00,442004.00,2236772.00,70724.00,911614.00,182129.00,532292.00,540014.00,262961.00,123227.00,139734.00,0.00,3850083.00,1101443.00,548003.00,6399979.00,851591.00,2627329.00,2921059.00,640770.00,6315746.00,3348998.00,843250.00,1063126.00,179890.00,880483.00
1995:Q3,19220653.00,22103.00,700876.00,2398911.00,461405.00,2272399.00,71227.00,903294.00,203118.00,523943.00,570817.00,262791.00,125513.00,137278.00,0.00,4148484.00,1172754.00,556706.00,6570004.00,876072.00,2721215.00,2972717.00,654221.00,6447080.00,3405409.00,847072.00,1109599.00,190676.00,894324.00
1995:Q4,19838331.00,23356.00,706368.00,2416040.00,489125.00,2262784.00,71731.00,868599.00,227307.00,492852.00,602295.00,280846.00,145523.00,135323.00,0.00,4498259.00,1210218.00,566188.00,6714859.00,890134.00,2800966.00,3023759.00,670289.00,6561317.00,3438500.00,852247.00,1168160.00,187007.00,915404.00
1996:Q1,20383792.00,26021.00,698906.00,2489093.00,526833.00,2275243.00,72476.00,868668.00,228090.00,493165.00,612844.00,289266.00,156117.00,133149.00,0.00,4680822.00,1285952.00,571294.00,6853333.00,905674.00,2878089.00,3069570.00,687029.00,6653832.00,3500867.00,856986.00,1162207.00,207838.00,925935.00
1996:Q2,20831946.00,27693.00,694676.00,2504982.00,502492.00,2362487.00,73776.00,866386.00,284672.00,493362.00,644291.00,284036.00,153323.00,130713.00,0.00,4830299.00,1373964.00,579766.00,6964680.00,918734.00,2930461.00,3115485.00,706871.00,6791728.00,3559847.00,864835.00,1196579.00,208999.00,961468.00
1996:Q3,21106755.00,31693.00,687137.00,2540181.00,511394.00,2375942.00,74799.00,888591.00,320285.00,469157.00,623110.00,281105.00,152501.00,128604.00,0.00,4847812.00,1422429.00,594591.00,7087130.00,928728.00,2997215.00,3161187.00,727341.00,6921192.00,3623838.00,868855.00,1229847.00,209827.00,988825.00
1996:Q4,21406762.00,35469.00,683832.00,2560496.00,519123.00,2409073.00,75821.00,927193.00,350693.00,457978.00,597388.00,316492.00,190012.00,126480.00,0.00,4760668.00,1450356.00,610646.00,7312799.00,883848.00,3106790.00,3322161.00,747808.00,7058936.00,3673641.00,879507.00,1273878.00,216717.00,1015194.00
1997:Q1,21556351.00,34112.00,657301.00,2603386.00,556447.00,2380362.00,76144.00,951504.00,342959.00,445086.00,564669.00,305284.00,181365.00,123919.00,0.00,4760286.00,1468855.00,622596.00,7395587.00,900102.00,3123063.00,3372422.00,772136.00,7147794.00,3719918.00,883011.00,1254175.00,223195.00,1067495.00
1997:Q2,22949881.00,34459.00,664786.00,2628692.00,539061.00,2337343.00,76467.00,890765.00,354868.00,447940.00,567303.00,321164.00,199201.00,121963.00,0.00,5624525.00,1646651.00,640193.00,7711686.00,961009.00,3312995.00,3437682.00,801321.00,7299821.00,3774082.00,895148.00,1278038.00,233796.00,1118756.00
1997:Q3,23961562.00,36014.00,635102.00,2692164.00,566823.00,2312523.00,76792.00,864473.00,358368.00,442325.00,570565.00,322116.00,202115.00,120001.00,0.00,6121472.00,1813166.00,657230.00,7976685.00,1005029.00,3475100.00,3496556.00,828267.00,7457690.00,3866388.00,901056.00,1305805.00,251244.00,1133197.00
1997:Q4,24230311.00,37179.00,665213.00,2706979.00,592108.00,2310083.00,77115.00,835373.00,401564.00,448028.00,548003.00,337768.00,220011.00,117757.00,0.00,6194996.00,1831257.00,664963.00,8034651.00,1000393.00,3484240.00,3550018.00,855114.00,7605725.00,3907917.00,915130.00,1344165.00,254131.00,1184382.00
1998:Q1,25763768.00,36817.00,624078.00,2746354.00,651146.00,2319415.00,77877.00,844991.00,368302.00,449948.00,578297.00,363079.00,245468.00,117611.00,0.00,6996411.00,2065945.00,677161.00,8388215.00,1057654.00,3706035.00,3624526.00,895148.00,7734858.00,3976255.00,941340.00,1324043.00,263857.00,1229362.00
1998:Q2,26254556.00,37785.00,644025.00,2746280.00,631879.00,2392916.00,78639.00,826442.00,402552.00,467042.00,618241.00,377493.00,260091.00,117402.00,0.00,7124106.00,2157655.00,687898.00,8520829.00,1094719.00,3738499.00,3687611.00,933690.00,7955209.00,4066569.00,968879.00,1367744.00,275286.00,1276731.00
1998:Q3,25133993.00,39500.00,634552.00,2765155.00,676924.00,2379780.00,79401.00,811661.00,460500.00,444718.00,583500.00,416626.00,299304.00,117322.00,0.00,6197345.00,1965934.00,689579.00,8386249.00,1069307.00,3585547.00,3731395.00,982350.00,8137020.00,4157612.00,993949.00,1400718.00,273425.00,1311315.00
1998:Q4,27359381.00,37725.00,696179.00,2830448.00,700808.00,2339682.00,80163.00,787913.00,473163.00,443056.00,555387.00,413531.00,292494.00,121037.00,0.00,7530531.00,2213039.00,718262.00,8861552.00,1138869.00,3902203.00,3820480.00,1017624.00,8351970.00,4263086.00,1019029.00,1441272.00,275331.00,1353252.00
1999:Q1,27822412.00,39368.00,680620.00,2843542.00,755092.00,2388685.00,81337.00,756718.00,483078.00,451342.00,616210.00,410460.00,287875.00,122585.00,0.00,7646215.00,2249267.00,730987.00,9025735.00,1154917.00,3983027.00,3887791.00,1052441.00,8501818.00,4352687.00,1041651.00,1442398.00,279145.00,1385937.00
1999:Q2,28952855.00,40486.00,652388.00,2855820.00,717851.00,2424738.00,82511.00,721435.00,520601.00,481478.00,618713.00,412542.00,288914.00,123628.00,0.00,8345713.00,2397521.00,750133.00,9273033.00,1196772.00,4112314.00,3963947.00,1082630.00,8724353.00,4460720.00,1061234.00,1471581.00,301259.00,1429559.00
1999:Q3,28483046.00,41170.00,646475.00,2926301.00,730278.00,2449236.00,83685.00,700522.00,552820.00,485044.00,627166.00,432742.00,307759.00,124983.00,0.00,7861787.00,2282668.00,753025.00,9236487.00,1167783.00,4047795.00,4020909.00,1122877.00,8965128.00,4592004.00,1085117.00,1511895.00,303989.00,1472124.00
1999:Q4,31401988.00,40659.00,681527.00,2983885.00,810699.00,2511920.00,84859.00,861712.00,579926.00,503632.00,481791.00,476379.00,350250.00,126129.00,0.00,9625699.00,2651137.00,783859.00,9682923.00,1286859.00,4283404.00,4112660.00,1153301.00,9218363.00,4686166.00,1113521.00,1553622.00,345702.00,1519353.00
2000:Q1,32413859.00,45150.00,644238.00,3082825.00,896266.00,2414764.00,90471.00,800422.00,574888.00,502911.00,446072.00,535632.00,409140.00,126492.00,0.00,10034162.00,2852713.00,801724.00,9913637.00,1335204.00,4403288.00,4175145.00,1192749.00,9423333.00,4756887.00,1139568.00,1553765.00,404292.00,1568821.00
2000:Q2,31685046.00,45841.00,616884.00,3150563.00,868123.00,2394720.00,91082.00,691847.00,602737.00,525456.00,483598.00,520461.00,393642.00,126819.00,0.00,9359131.00,2742018.00,805122.00,9938633.00,1331519.00,4382020.00,4225094.00,1243549.00,9668917.00,4880548.00,1167535.00,1601771.00,388124.00,1630939.00
2000:Q3,31810463.00,44509.00,576485.00,3217473.00,906881.00,2368481.00,91693.00,626198.00,617047.00,512645.00,520898.00,540780.00,413685.00,127095.00,0.00,9235360.00,2749199.00,816933.00,10068929.00,1361614.00,4427542.00,4279773.00,1285433.00,9922661.00,5004006.00,1190572.00,1667073.00,392332.00,1668678.00
2000:Q4,30479718.00,48271.00,586339.00,3316032.00,983721.00,2396744.00,97305.00,630924.00,620723.00,491156.00,556636.00,590024.00,462638.00,127386.00,0.00,7983983.00,2466199.00,819098.00,9970265.00,1326304.00,4323332.00,4320629.00,1319042.00,10144999.00,5107983.00,1220193.00,1741267.00,354251.00,1721305.00
2001:Q1,29151828.00,50790.00,621269.00,3469641.00,1074736.00,2304308.00,96160.00,582816.00,483720.00,505786.00,635825.00,580060.00,450374.00,129686.00,0.00,6853710.00,2231645.00,832495.00,9786139.00,1299466.00,4126297.00,4360376.00,1347036.00,10241435.00,5203984.00,1238187.00,1749724.00,315533.00,1734007.00
2001:Q2,30193890.00,48459.00,619319.00,3529244.00,1043593.00,2272642.00,88365.00,500353.00,495558.00,542554.00,645812.00,588302.00,456455.00,131847.00,0.00,7381877.00,2426316.00,862376.00,10031278.00,1332703.00,4265371.00,4433204.00,1390484.00,10501414.00,5375382.00,1260194.00,1784249.00,315273.00,1766316.00
2001:Q3,28538571.00,48388.00,608762.00,3599288.00,1099784.00,2254913.00,86237.00,503252.00,537416.00,534317.00,593690.00,682181.00,548116.00,134065.00,0.00,6020868.00,2099917.00,850494.00,9839474.00,1310879.00,4055054.00,4473541.00,1434503.00,10799046.00,5534692.00,1284079.00,1814351.00,378484.00,1787440.00
2001:Q4,30003135.00,48676.00,661748.00,3604148.00,1156022.00,2216518.00,88154.00,485288.00,420126.00,551009.00,671941.00,640785.00,504753.00,136032.00,0.00,6874982.00,2338432.00,880004.00,10116929.00,1344135.00,4218173.00,4554621.00,1464891.00,10988053.00,5658953.00,1309776.00,1891827.00,316377.00,1811120.00
2002:Q1,30408978.00,47771.00,610657.00,3772338.00,1140160.00,2254671.00,84417.00,472099.00,427432.00,570262.00,700461.00,628366.00,490067.00,138299.00,0.00,6905934.00,2349074.00,904851.00,10312047.00,1343773.00,4351911.00,4616363.00,1483109.00,11164784.00,5806474.00,1333144.00,1883516.00,311925.00,1829725.00
2002:Q2,29140787.00,48219.00,603024.00,3794095.00,1073945.00,2267370.00,80618.00,411830.00,378163.00,604427.00,792332.00,594171.00,454512.00,139659.00,0.00,5993052.00,2185636.00,916150.00,10153354.00,1325189.00,4168765.00,4659400.00,1511771.00,11407409.00,5993536.00,1356967.00,1917644.00,290376.00,1848886.00
2002:Q3,27577343.00,49781.00,601673.00,3916703.00,1076449.00,2125088.00,80157.00,387155.00,296786.00,588460.00,772530.00,590263.00,448769.00,141494.00,0.00,4877481.00,1911677.00,916976.00,9973907.00,1310068.00,3961741.00,4702098.00,1537346.00,11651871.00,6202596.00,1377685.00,1951608.00,269725.00,1850257.00
2002:Q4,28480316.00,49937.00,648718.00,3921917.00,1126713.00,2198905.00,82218.00,319755.00,260597.00,622700.00,913635.00,587958.00,444614.00,143344.00,0.00,5221382.00,1998157.00,920915.00,10235024.00,1379932.00,4072475.00,4782617.00,1570691.00,11970094.00,6414426.00,1398036.00,1997008.00,268372.00,1892252.00
2003:Q1,28399257.00,51628.00,642416.00,4136378.00,1138341.00,2096782.00,81246.00,400712.00,175483.00,615604.00,823737.00,601566.00,456954.00,144612.00,0.00,4865647.00,2003240.00,936154.00,10331946.00,1386611.00,4080432.00,4864903.00,1595159.00,12180743.00,6585577.00,1419401.00,1989123.00,278991.00,1907652.00
2003:Q2,30006119.00,54115.00,660243.00,4210965.00,1083324.00,1985948.00,79421.00,433557.00,104037.00,647348.00,721585.00,702397.00,556490.00,145907.00,0.00,5683974.00,2314591.00,966855.00,10732224.00,1438627.00,4329737.00,4963860.00,1611482.00,12574294.00,6827343.00,1453646.00,2021930.00,368163.00,1903212.00
2003:Q3,30630855.00,51146.00,614295.00,4275585.00,1000302.00,2051953.00,77481.00,408404.00,275065.00,638872.00,652131.00,689799.00,542672.00,147127.00,0.00,5999650.00,2424392.00,990822.00,10897453.00,1461534.00,4384989.00,5050930.00,1635460.00,12844689.00,7053721.00,1486585.00,2059675.00,346649.00,1898059.00
2003:Q4,32522989.00,52841.00,648660.00,4326771.00,1016174.00,2356022.00,77314.00,467413.00,395861.00,637225.00,778209.00,672694.00,524178.00,148516.00,0.00,6812855.00,2681142.00,1013152.00,11281674.00,1518015.00,4610729.00,5152930.00,1661004.00,13114724.00,7236455.00,1528166.00,2102932.00,301191.00,1945980.00
2004:Q1,34152755.00,55204.00,655983.00,4508282.00,1018099.00,3114560.00,79498.00,476312.00,360188.00,1421817.00,776745.00,714382.00,562280.00,152102.00,0.00,6958246.00,2847662.00,1016866.00,11530681.00,1567180.00,4680019.00,5283482.00,1732791.00,13411039.00,7440191.00,1547761.00,2096472.00,319233.00,2007382.00
2004:Q2,34533678.00,57889.00,633428.00,4614075.00,991176.00,3164400.00,77999.00,456222.00,332399.00,1493773.00,804008.00,742891.00,587143.00,155748.00,0.00,6933209.00,2820313.00,1028378.00,11742684.00,1593585.00,4737004.00,5412095.00,1805234.00,13817319.00,7733963.00,1586523.00,2114539.00,335031.00,2047263.00
2004:Q3,34708924.00,58864.00,627351.00,4699251.00,933394.00,3187776.00,78358.00,409984.00,403276.00,1510029.00,786130.00,735141.00,575861.00,159280.00,0.00,6764368.00,2849823.00,1036786.00,11927715.00,1632534.00,4757237.00,5537944.00,1888455.00,14167037.00,7995116.00,1624794.00,2164875.00,328820.00,2053433.00
2004:Q4,36760449.00,61764.00,697344.00,4780481.00,964775.00,3358429.00,83702.00,526384.00,452496.00,1542080.00,753767.00,804615.00,641137.00,163478.00,0.00,7555825.00,3090957.00,1060352.00,12411509.00,1699914.00,5023528.00,5688067.00,1974399.00,14645991.00,8268493.00,1670960.00,2220119.00,383018.00,2103402.00
2005:Q1,37033400.00,67402.00,701058.00,4917004.00,930543.00,3380306.00,86133.00,498663.00,444013.00,1564007.00,787490.00,797148.00,629204.00,167944.00,0.00,7553408.00,3059184.00,1059341.00,12505687.00,1718620.00,5022897.00,5764170.00,2062318.00,14973260.00,8496943.00,1703664.00,2204974.00,384537.00,2183142.00
2005:Q2,37742601.00,64549.00,681169.00,5042320.00,924393.00,3413921.00,89692.00,452937.00,506302.00,1603095.00,761895.00,811915.00,639865.00,172050.00,0.00,7737260.00,3103759.00,1063746.00,12754182.00,1769806.00,5136063.00,5848313.00,2145387.00,15434306.00,8797644.00,1731076.00,2232389.00,382561.00,2290637.00
2005:Q3,38732097.00,66584.00,625549.00,5222465.00,944849.00,3320800.00,93413.00,442608.00,500958.00,1620075.00,663746.00,809105.00,633937.00,175168.00,0.00,8135603.00,3243345.00,1078204.00,13038886.00,1804210.00,5294112.00,5940564.00,2246707.00,15916685.00,9112752.00,1759538.00,2278385.00,376606.00,2389404.00
2005:Q4,39686454.00,63847.00,660157.00,5285858.00,1011164.00,3595982.00,98406.00,478344.00,562429.00,1651678.00,805125.00,809044.00,632106.00,176938.00,0.00,8236466.00,3283643.00,1082599.00,13304593.00,1847058.00,5430482.00,6027053.00,2353101.00,16347096.00,9389695.00,1788713.00,2320555.00,351486.00,2496647.00
2006:Q1,41503428.00,67879.00,685638.00,5483758.00,1015392.00,3736295.00,101857.00,632369.00,551168.00,1643123.00,807778.00,901965.00,660355.00,174211.00,67399.00,8978779.00,3520874.00,1010841.00,13635953.00,1892238.00,5606975.00,6136740.00,2466053.00,16849258.00,9717530.00,1841387.00,2337585.00,369368.00,2583388.00
2006:Q2,41572491.00,72666.00,673603.00,5567441.00,1052107.00,3826955.00,105854.00,621288.00,503368.00,1706281.00,890164.00,939268.00,701189.00,169319.00,68760.00,8662326.00,3456977.00,1008792.00,13734994.00,1904732.00,5600615.00,6229647.00,2577361.00,17336688.00,10040642.00,1895326.00,2349611.00,365559.00,2685550.00
2006:Q3,42302429.00,71749.00,661751.00,5703892.00,1074813.00,3595933.00,111879.00,527550.00,493695.00,1692894.00,769915.00,945978.00,709938.00,162695.00,73345.00,8921565.00,3563769.00,1027851.00,14047385.00,1948072.00,5759899.00,6339414.00,2687742.00,17809660.00,10297744.00,1952417.00,2411441.00,378166.00,2769892.00
2006:Q4,44476467.00,69946.00,688405.00,5824158.00,1178941.00,3560057.00,117451.00,389383.00,584022.00,1708954.00,760247.00,942780.00,709678.00,158262.00,74840.00,10205504.00,3831321.00,1055178.00,14309890.00,2006300.00,5845302.00,6458288.00,2810288.00,18224721.00,10461446.00,2015668.00,2456716.00,415893.00,2874998.00
2007:Q1,45686382.00,73534.00,701935.00,6030305.00,1178378.00,3655552.00,120202.00,363661.00,619241.00,1730399.00,822049.00,987615.00,753388.00,156425.00,77802.00,10582107.00,4012089.00,1059391.00,14490897.00,2021597.00,5933272.00,6536028.00,2914580.00,18555423.00,10688937.00,2081521.00,2440267.00,403404.00,2941294.00
2007:Q2,46989532.00,79929.00,657690.00,6089123.00,1232779.00,3711658.00,126564.00,356857.00,650886.00,1781740.00,795611.00,1051877.00,819854.00,154260.00,77763.00,10939412.00,4267316.00,1076425.00,14846723.00,2081281.00,6126582.00,6638860.00,3036600.00,18997896.00,10900050.00,2150809.00,2477193.00,459602.00,3010241.00
2007:Q3,47762665.00,84843.00,587521.00,6215420.00,1312616.00,4029681.00,111438.00,327835.00,786667.00,1772084.00,1031657.00,1056127.00,821018.00,153375.00,81734.00,10807352.00,4380543.00,1079149.00,15062236.00,2112114.00,6229844.00,6720278.00,3147178.00,19390251.00,11090638.00,2224628.00,2555820.00,423457.00,3095708.00
2007:Q4,47601822.00,87722.00,669129.00,6327526.00,1419892.00,4145252.00,107286.00,257663.00,802671.00,1792105.00,1185527.00,1169928.00,934569.00,152823.00,82536.00,10046395.00,4319088.00,1077158.00,15074847.00,2101762.00,6190125.00,6782960.00,3264886.00,19744959.00,11198134.00,2302154.00,2609880.00,452526.00,3182264.00
2008:Q1,46529950.00,84065.00,685495.00,6511491.00,1531195.00,4091646.00,94552.00,254917.00,753665.00,1790542.00,1197970.00,1299790.00,1063445.00,150168.00,86177.00,9087426.00,4038829.00,1063985.00,14834330.00,2038013.00,5984998.00,6811319.00,3301697.00,20001096.00,11279059.00,2348596.00,2602465.00,493329.00,3277647.00
2008:Q2,46324207.00,78508.00,650189.00,6447443.00,1467427.00,4396305.00,62383.00,393076.00,834759.00,1826591.00,1279496.00,1285505.00,1042542.00,156685.00,86278.00,8607778.00,4086150.00,1070140.00,14900442.00,2023687.00,5987709.00,6889046.00,3334320.00,20036719.00,11265590.00,2406055.00,2620825.00,421202.00,3323047.00
2008:Q3,45154772.00,70526.00,624709.00,6601921.00,1519738.00,4927747.00,20790.00,382910.00,1051784.00,1855266.00,1616997.00,1290909.00,1047984.00,153560.00,89365.00,7474505.00,3573950.00,1063746.00,14632645.00,1981532.00,5739838.00,6911275.00,3374375.00,20272135.00,11220571.00,2463807.00,2644119.00,533046.00,3410592.00
2008:Q4,42038471.00,69892.00,814699.00,6584511.00,1655149.00,4907143.00,5958.00,222786.00,1013684.00,1918959.00,1745756.00,1007023.00,767168.00,150933.00,88922.00,5650101.00,2796694.00,1050163.00,14081512.00,1845529.00,5334966.00,6901017.00,3421584.00,20074900.00,11121074.00,2530300.00,2644184.00,298031.00,3481310.00
2009:Q1,41548616.00,65515.00,815027.00,6627103.00,1628545.00,5574831.00,5558.00,533168.00,768934.00,1942467.00,2324704.00,932601.00,691444.00,150781.00,90376.00,4875072.00,2619196.00,1055032.00,13961250.00,1788293.00,5227783.00,6945174.00,3394444.00,19898083.00,11111863.00,2539581.00,2578630.00,267812.00,3400196.00
2009:Q2,43256635.00,65587.00,875253.00,6578378.00,1557451.00,5209105.00,15058.00,602675.00,487292.00,1968169.00,2135911.00,939274.00,701344.00,150407.00,87523.00,6001163.00,3115115.00,1073408.00,14472669.00,1865226.00,5530991.00,7076452.00,3369233.00,19852944.00,11060408.00,2549934.00,2549264.00,281636.00,3411702.00
2009:Q3,45222814.00,66015.00,874134.00,6549850.00,1431907.00,5053558.00,23400.00,754045.00,440870.00,1940743.00,1894500.00,963364.00,726953.00,149625.00,86786.00,7178399.00,3638181.00,1094398.00,15023172.00,1951511.00,5862784.00,7208877.00,3349837.00,19836975.00,10980159.00,2567067.00,2559110.00,306760.00,3423879.00
2009:Q4,45974669.00,62724.00,930167.00,6668757.00,1385635.00,5019289.00,22650.00,882854.00,312840.00,2001629.00,1799316.00,959877.00,728518.00,148831.00,82528.00,7352531.00,3854273.00,1109537.00,15290349.00,1987413.00,5994056.00,7308880.00,3341531.00,19804296.00,10918923.00,2574095.00,2555390.00,336691.00,3419197.00
2010:Q1,46951691.00,58472.00,870477.00,6751637.00,1272099.00,5058130.00,21620.00,1018539.00,349038.00,2039705.00,1629228.00,959407.00,726762.00,148210.00,84435.00,7686669.00,4096129.00,1115109.00,15713845.00,2037152.00,6181888.00,7494805.00,3369717.00,19650797.00,10783760.00,2568649.00,2493546.00,330641.00,3474201.00
2010:Q2,45667864.00,61341.00,868230.00,6729752.00,1215487.00,4909490.00,20561.00,1133273.00,222182.00,2036179.00,1497295.00,958249.00,729604.00,145893.00,82752.00,6912202.00,3845582.00,1099967.00,15661350.00,2001352.00,6045789.00,7614209.00,3406214.00,19584201.00,10716333.00,2562902.00,2478859.00,351676.00,3474431.00
2010:Q3,47466056.00,63875.00,873675.00,6804592.00,1201928.00,4533328.00,21011.00,1107011.00,216202.00,2003284.00,1185820.00,964259.00,743008.00,143952.00,77299.00,7913608.00,4236800.00,1126551.00,16300881.00,2109966.00,6361739.00,7829176.00,3446559.00,19527326.00,10638648.00,2552304.00,2504217.00,369487.00,3462670.00
2010:Q4,49803176.00,67271.00,955116.00,6798414.00,1205259.00,5037951.00,21149.00,1152274.00,289028.00,2070544.00,1504956.00,964868.00,751419.00,142122.00,71327.00,8795180.00,4475916.00,1137483.00,16873720.00,2198151.00,6636339.00,8039230.00,3491997.00,19468442.00,10439263.00,2542344.00,2647203.00,414316.00,3425315.00
2011:Q1,51083456.00,69608.00,974376.00,6893380.00,1174061.00,4992975.00,22624.00,1040609.00,472540.00,2080896.00,1376306.00,968035.00,757036.00,140901.00,70098.00,9400191.00,4720625.00,1153338.00,17197418.00,2255608.00,6810059.00,8131751.00,3539449.00,19405415.00,10376552.00,2538637.00,2629196.00,452095.00,3408935.00
2011:Q2,51322961.00,65296.00,1036834.00,7051953.00,1163115.00,4759800.00,21632.00,869668.00,447346.00,2042850.00,1378304.00,1012341.00,804280.00,139047.00,69014.00,9361839.00,4789960.00,1167209.00,17327797.00,2270713.00,6856172.00,8200912.00,3586816.00,19312788.00,10310953.00,2533790.00,2654278.00,449733.00,3364033.00
2011:Q3,48909299.00,64382.00,1173227.00,7054384.00,1179401.00,4698520.00,20089.00,738030.00,428314.00,2013762.00,1498325.00,1019700.00,812775.00,138812.00,68113.00,7751286.00,4248910.00,1171739.00,16898430.00,2188037.00,6519876.00,8190517.00,3649320.00,19226044.00,10254051.00,2527203.00,2703868.00,389724.00,3351198.00
2011:Q4,50348034.00,57360.00,1280057.00,7174296.00,1186350.00,4635676.00,19385.00,748457.00,329275.00,1989971.00,1548588.00,953735.00,749484.00,137177.00,67074.00,8403204.00,4436547.00,1199263.00,17301287.00,2247492.00,6750215.00,8303580.00,3720260.00,19231171.00,10196944.00,2520707.00,2758267.00,376929.00,3378324.00
2012:Q1,52573217.00,56257.00,1314589.00,7282292.00,1129114.00,4517473.00,19888.00,845540.00,264590.00,1958592.00,1428863.00,946305.00,750140.00,132129.00,64036.00,9516387.00,4959360.00,1198336.00,17881018.00,2388686.00,7074658.00,8417674.00,3772086.00,19266892.00,10132965.00,2548643.00,2747543.00,405485.00,3432256.00
2012:Q2,52169835.00,50697.00,1349639.00,7355959.00,1102709.00,4567989.00,19241.00,889886.00,274978.00,1952888.00,1430996.00,956203.00,766109.00,126585.00,63509.00,9078047.00,4878291.00,1173144.00,17834159.00,2341609.00,7026617.00,8465933.00,3822998.00,19350317.00,10070060.00,2575598.00,2796897.00,382067.00,3525694.00
2012:Q3,53493212.00,52037.00,1361325.00,7389281.00,1125345.00,4524974.00,19146.00,843519.00,308728.00,1892053.00,1461528.00,956186.00,774560.00,121593.00,60033.00,9664775.00,5173697.00,1181835.00,18187141.00,2404961.00,7220691.00,8561489.00,3876616.00,19382556.00,10019802.00,2602240.00,2856745.00,407398.00,3496371.00
2012:Q4,54267608.00,49480.00,1503024.00,7551502.00,1190928.00,4510082.00,18800.00,992034.00,236794.00,1837010.00,1425444.00,952623.00,777927.00,116673.00,58023.00,9790302.00,5251272.00,1186353.00,18338934.00,2432550.00,7277140.00,8629244.00,3943108.00,19529455.00,9967431.00,2631689.00,2920354.00,443052.00,3566928.00
2013:Q1,56449474.00,52699.00,1540602.00,7610541.00,1142537.00,4436869.00,18000.00,1073259.00,207297.00,1841218.00,1297095.00,937992.00,766237.00,115520.00,56235.00,11036824.00,5678202.00,1198003.00,18798425.00,2534633.00,7539554.00,8724238.00,4016780.00,19520066.00,9913247.00,2652994.00,2921225.00,447291.00,3585309.00
2013:Q2,57029004.00,56511.00,1517854.00,7625647.00,1137312.00,4568901.00,17800.00,1190260.00,230389.00,1864070.00,1266382.00,986741.00,818067.00,114216.00,54458.00,11247479.00,5642435.00,1201356.00,18950124.00,2543901.00,7608710.00,8797513.00,4094644.00,19582997.00,9878401.00,2673190.00,2964518.00,443294.00,3623594.00
2013:Q3,58652522.00,56488.00,1508896.00,7717044.00,1178834.00,4578854.00,17600.00,1205946.00,258034.00,1850321.00,1246953.00,981748.00,816007.00,113111.00,52630.00,11956644.00,5917595.00,1217525.00,19363542.00,2617531.00,7843508.00,8902503.00,4175353.00,19746610.00,9890465.00,2689943.00,3035531.00,454593.00,3676077.00
2013:Q4,60694163.00,52079.00,1648966.00,7773748.00,1221866.00,4529837.00,15000.00,1201308.00,279134.00,1830524.00,1203871.00,1005525.00,841387.00,112299.00,51839.00,12849730.00,6250273.00,1233043.00,19860867.00,2705532.00,8135121.00,9020214.00,4268230.00,19861311.00,9872511.00,2709252.00,3096199.00,480497.00,3702852.00
2014:Q1,61540532.00,51138.00,1658135.00,7966664.00,1197257.00,4385777.00,15875.00,1084990.00,309621.00,1810526.00,1164765.00,1061923.00,892831.00,118449.00,50643.00,13165039.00,6457620.00,1242635.00,20063645.00,2748327.00,8212371.00,9102947.00,4290699.00,19892125.00,9844644.00,2730809.00,3102972.00,461629.00,3752070.00
2014:Q2,62939848.00,49913.00,1739944.00,7962696.00,1166863.00,4221602.00,16088.00,917808.00,288844.00,1793643.00,1205219.00,1056951.00,888783.00,118685.00,49483.00,14025268.00,6729497.00,1258371.00,20382989.00,2799278.00,8380821.00,9202890.00,4345754.00,20140298.00,9841979.00,2761717.00,3170586.00,518037.00,3847978.00
2014:Q3,62899285.00,52740.00,1726258.00,8091885.00,1184670.00,4289736.00,15937.00,890037.00,357386.00,1739251.00,1287125.00,1081870.00,915473.00,118861.00,47536.00,13772155.00,6631184.00,1264801.00,20421836.00,2784123.00,8353820.00,9283893.00,4382150.00,20329310.00,9856626.00,2799227.00,3249427.00,533293.00,3890737.00
2014:Q4,64214293.00,45710.00,1817690.00,8294084.00,1198377.00,4319446.00,14886.00,913805.00,330902.00,1713903.00,1345950.00,1060466.00,893219.00,119652.00,47595.00,14364902.00,6726693.00,1282760.00,20658687.00,2825045.00,8462043.00,9371599.00,4445478.00,20520441.00,9869063.00,2844098.00,3317991.00,513711.00,3975578.00
2015:Q1,65408395.00,44962.00,1889740.00,8490114.00,1102890.00,4256606.00,15234.00,941401.00,313989.00,1713885.00,1272097.00,1062776.00,895665.00,120275.00,46836.00,14901537.00,6822775.00,1299959.00,21039453.00,2846518.00,8719693.00,9473242.00,4497584.00,20596082.00,9840660.00,2882744.00,3322829.00,498969.00,4050880.00
2015:Q2,65649261.00,39807.00,1902705.00,8489860.00,1088036.00,4409677.00,15660.00,1040351.00,358405.00,1732362.00,1262899.00,1035285.00,867852.00,121373.00,46060.00,14834832.00,6814136.00,1303799.00,21169841.00,2857929.00,8749710.00,9562202.00,4561283.00,20829647.00,9884510.00,2933359.00,3397816.00,510112.00,4103849.00
2015:Q3,63922901.00,36058.00,1849591.00,8674945.00,1095987.00,4560460.00,15860.00,1115163.00,438105.00,1705435.00,1285897.00,1033545.00,866293.00,121783.00,45469.00,13491711.00,6376117.00,1298267.00,20878321.00,2786669.00,8484661.00,9606991.00,4627900.00,21003335.00,9935364.00,3006802.00,3481351.00,436547.00,4143271.00
2015:Q4,65610803.00,31581.00,2006029.00,8824234.00,1157979.00,4635764.00,15064.00,1207050.00,545594.00,1653704.00,1214352.00,1009612.00,842638.00,122817.00,44157.00,14158205.00,6519382.00,1310567.00,21247598.00,2846933.00,8669002.00,9731663.00,4709853.00,21255832.00,9960989.00,3071487.00,3535728.00,437159.00,4250469.00
2016:Q1,66025656.00,32408.00,2058437.00,8942346.00,1128929.00,4540923.00,16338.00,1161021.00,515116.00,1658404.00,1190044.00,1048572.00,884385.00,121419.00,42768.00,14196347.00,6529775.00,1324278.00,21455189.00,2873534.00,8754606.00,9827049.00,4768452.00,21347656.00,9980883.00,3110319.00,3539367.00,413483.00,4303605.00
2016:Q2,66667996.00,30359.00,2071632.00,9011258.00,1083729.00,4311677.00,16254.00,1155835.00,459034.00,1643145.00,1037410.00,1048315.00,886708.00,120242.00,41365.00,14524335.00,6672866.00,1337743.00,21733010.00,2928347.00,8875280.00,9929383.00,4843071.00,21588623.00,10040432.00,3169203.00,3605278.00,424492.00,4349218.00
