date,FC102090005.Q,FU105060005.Q,FU105061005.Q,FU105050005.Q,FU106300005.Q,FU105020601.Q,FU105000005.Q,FU104090005.Q,FU104190005.Q,FU103164103.Q,FR108000005.Q,FR105035005.Q,FR103064203.Q,FR108100005.Q,FR105015205.Q,FR105013765.Q,FR105020015.Q,FR103092005.Q,FR103192005.Q,FV108090005.Q,FL102090005.Q
1945:Q4,ND,ND,ND,ND,ND,ND,ND,ND,ND,ND,ND,ND,ND,ND,ND,ND,ND,ND,ND,ND,215977.17
1946:Q1,ND,ND,ND,ND,ND,ND,ND,ND,ND,ND,ND,ND,ND,ND,ND,ND,ND,ND,ND,ND,ND
1946:Q2,ND,ND,ND,ND,ND,ND,ND,ND,ND,ND,ND,ND,ND,ND,ND,ND,ND,ND,ND,ND,ND
1946:Q3,ND,ND,ND,ND,ND,ND,ND,ND,ND,ND,ND,ND,ND,ND,ND,ND,ND,ND,ND,ND,ND
1946:Q4,16043.00,4970.00,16684.00,19173.00,7752.00,-5263.00,-12732.00,-1592.00,11140.00,1018.00,14011.00,14011.00,0.00,-3752.00,3894.00,338.00,-7753.00,-230.00,1.00,815.00,232021.00
1947:Q1,ND,ND,ND,ND,ND,ND,ND,ND,ND,ND,ND,ND,ND,ND,ND,ND,ND,ND,ND,ND,ND
1947:Q2,ND,ND,ND,ND,ND,ND,ND,ND,ND,ND,ND,ND,ND,ND,ND,ND,ND,ND,ND,ND,ND
1947:Q3,ND,ND,ND,ND,ND,ND,ND,ND,ND,ND,ND,ND,ND,ND,ND,ND,ND,ND,ND,ND,ND
1947:Q4,37699.00,10497.00,14759.00,18336.00,9476.00,-5899.00,-5356.00,8753.00,14108.00,1093.00,25928.00,25928.00,0.00,1390.00,3074.00,650.00,-2634.00,390.00,90.00,-115.00,269719.00
1948:Q1,ND,ND,ND,ND,ND,ND,ND,ND,ND,ND,ND,ND,ND,ND,ND,ND,ND,ND,ND,ND,ND
1948:Q2,ND,ND,ND,ND,ND,ND,ND,ND,ND,ND,ND,ND,ND,ND,ND,ND,ND,ND,ND,ND,ND
1948:Q3,ND,ND,ND,ND,ND,ND,ND,ND,ND,ND,ND,ND,ND,ND,ND,ND,ND,ND,ND,ND,ND
1948:Q4,24392.00,9256.00,12895.00,21863.00,11120.00,-2152.00,-4639.00,5446.00,10085.00,1000.00,8760.00,8760.00,0.00,6313.00,5164.00,212.00,548.00,538.00,149.00,63.00,294112.00
1949:Q1,ND,ND,ND,ND,ND,ND,ND,ND,ND,ND,ND,ND,ND,ND,ND,ND,ND,ND,ND,ND,ND
1949:Q2,ND,ND,ND,ND,ND,ND,ND,ND,ND,ND,ND,ND,ND,ND,ND,ND,ND,ND,ND,ND,ND
1949:Q3,ND,ND,ND,ND,ND,ND,ND,ND,ND,ND,ND,ND,ND,ND,ND,ND,ND,ND,ND,ND,ND
1949:Q4,10188.00,5543.00,1193.00,15057.00,12008.00,1856.00,3138.00,3893.00,755.00,1212.00,2112.00,2112.00,0.00,2387.00,-499.00,-35.00,2604.00,415.00,98.00,147.00,304300.00
1950:Q1,ND,ND,ND,ND,ND,ND,ND,ND,ND,ND,ND,ND,ND,ND,ND,ND,ND,ND,ND,ND,ND
1950:Q2,ND,ND,ND,ND,ND,ND,ND,ND,ND,ND,ND,ND,ND,ND,ND,ND,ND,ND,ND,ND,ND
1950:Q3,ND,ND,ND,ND,ND,ND,ND,ND,ND,ND,ND,ND,ND,ND,ND,ND,ND,ND,ND,ND,ND
1950:Q4,24160.00,10575.00,16343.00,24226.00,12848.00,-4965.00,-7056.00,16785.00,23841.00,1288.00,13786.00,13786.00,0.00,-600.00,6193.00,537.00,-7427.00,467.00,370.00,398.00,328460.00
1951:Q1,ND,ND,ND,ND,ND,ND,ND,ND,ND,ND,ND,ND,ND,ND,ND,ND,ND,ND,ND,ND,ND
1951:Q2,ND,ND,ND,ND,ND,ND,ND,ND,ND,ND,ND,ND,ND,ND,ND,ND,ND,ND,ND,ND,ND
1951:Q3,ND,ND,ND,ND,ND,ND,ND,ND,ND,ND,ND,ND,ND,ND,ND,ND,ND,ND,ND,ND,ND
1951:Q4,35634.00,12637.00,17520.00,30957.00,14636.00,-1199.00,-6991.00,8033.00,15024.00,2107.00,15746.00,15746.00,0.00,7066.00,2978.00,326.00,3256.00,683.00,177.00,186.00,364094.00
1952:Q1,11317.00,3386.00,2752.00,6884.00,3814.00,318.00,61.00,-1830.00,-1891.00,573.00,6170.00,6170.00,0.00,1913.00,274.00,-19.00,1445.00,214.00,0.00,-152.00,375411.00
1952:Q2,5050.00,4178.00,1231.00,5379.00,3860.00,289.00,2283.00,-34.00,-2317.00,664.00,485.00,485.00,0.00,721.00,477.00,25.00,-38.00,230.00,-28.00,-334.00,380461.00
1952:Q3,594.00,2600.00,2448.00,6541.00,3918.00,175.00,-238.00,5289.00,5527.00,390.00,-1853.00,-1853.00,0.00,181.00,-268.00,79.00,97.00,234.00,-39.00,-334.00,381055.00
1952:Q4,1843.00,65.00,3163.00,7350.00,3989.00,199.00,-3791.00,1999.00,5790.00,693.00,2083.00,2083.00,0.00,-393.00,-72.00,41.00,-375.00,206.00,193.00,89.00,382899.00
1953:Q1,4577.00,3720.00,3291.00,7255.00,4072.00,-108.00,-89.00,-1621.00,-1532.00,518.00,257.00,257.00,0.00,651.00,471.00,123.00,-191.00,208.00,-40.00,-50.00,387476.00
1953:Q2,6225.00,4108.00,3856.00,7607.00,4150.00,-399.00,-293.00,625.00,918.00,545.00,1375.00,1375.00,0.00,1059.00,951.00,53.00,-199.00,202.00,-52.00,-317.00,393701.00
1953:Q3,6291.00,3222.00,3436.00,7156.00,4221.00,-501.00,-529.00,3994.00,4523.00,315.00,1679.00,1679.00,0.00,1377.00,964.00,44.00,125.00,196.00,-48.00,12.00,399992.00
1953:Q4,-744.00,-592.00,1409.00,5706.00,4286.00,11.00,-2389.00,45.00,2434.00,388.00,-838.00,-838.00,0.00,370.00,437.00,7.00,31.00,190.00,294.00,315.00,399248.00
1954:Q1,4187.00,2811.00,1586.00,5928.00,4345.00,-3.00,488.00,-4271.00,-4759.00,737.00,27.00,27.00,0.00,1449.00,913.00,126.00,219.00,181.00,-10.00,-100.00,403435.00
1954:Q2,4654.00,3437.00,1390.00,5784.00,4403.00,-9.00,1525.00,-529.00,-2054.00,522.00,262.00,262.00,0.00,1154.00,925.00,-6.00,82.00,166.00,13.00,-199.00,408088.00
1954:Q3,1869.00,2679.00,1652.00,5941.00,4460.00,-171.00,799.00,5546.00,4747.00,228.00,543.00,543.00,0.00,-1163.00,-1556.00,23.00,213.00,170.00,13.00,-190.00,409957.00
1954:Q4,597.00,206.00,2188.00,6569.00,4516.00,-135.00,-2078.00,4763.00,6841.00,96.00,605.00,605.00,0.00,-379.00,-247.00,20.00,-191.00,185.00,146.00,164.00,410554.00
1955:Q1,5637.00,5658.00,3204.00,7497.00,4571.00,-277.00,1923.00,726.00,-1197.00,531.00,-294.00,-294.00,0.00,330.00,-150.00,268.00,-32.00,214.00,-30.00,-56.00,416191.00
1955:Q2,7788.00,3865.00,3811.00,8245.00,4656.00,-221.00,-106.00,3047.00,3153.00,160.00,2813.00,2813.00,0.00,1190.00,957.00,20.00,-70.00,229.00,-54.00,-80.00,423979.00
1955:Q3,10606.00,2876.00,4465.00,8687.00,4771.00,-548.00,-1867.00,7348.00,9215.00,278.00,5207.00,5207.00,0.00,2558.00,2188.00,78.00,-1.00,243.00,-50.00,-34.00,434585.00
1955:Q4,9343.00,-338.00,5323.00,9548.00,4915.00,-690.00,-6411.00,6274.00,12685.00,750.00,6848.00,6848.00,0.00,2275.00,2479.00,75.00,-220.00,255.00,314.00,557.00,443927.00
1956:Q1,16752.00,4464.00,5350.00,9711.00,5090.00,-728.00,-1408.00,-4034.00,-2626.00,522.00,9672.00,9672.00,0.00,2460.00,2017.00,192.00,-17.00,284.00,16.00,157.00,460680.00
1956:Q2,6597.00,3849.00,5431.00,9779.00,5259.00,-911.00,-1816.00,-76.00,1740.00,234.00,491.00,491.00,0.00,2148.00,1873.00,143.00,-152.00,327.00,43.00,109.00,467277.00
1956:Q3,13770.00,3733.00,4892.00,10018.00,5424.00,-298.00,-1732.00,4598.00,6330.00,573.00,6801.00,6801.00,0.00,3089.00,2779.00,156.00,-106.00,311.00,50.00,147.00,481047.00
1956:Q4,7560.00,1571.00,5237.00,10064.00,5583.00,-756.00,-4587.00,4554.00,9141.00,921.00,3599.00,3599.00,0.00,2182.00,1971.00,97.00,-64.00,238.00,59.00,208.00,488607.00
1957:Q1,10611.00,4640.00,4682.00,9813.00,5738.00,-606.00,-802.00,-1862.00,-1060.00,760.00,3220.00,3220.00,0.00,2485.00,2247.00,213.00,-115.00,161.00,22.00,266.00,499218.00
1957:Q2,7543.00,4233.00,4401.00,9904.00,5880.00,-377.00,-1071.00,699.00,1770.00,903.00,3051.00,3051.00,0.00,42.00,136.00,121.00,-287.00,82.00,10.00,217.00,506760.00
1957:Q3,7553.00,3957.00,4506.00,10196.00,6010.00,-320.00,-848.00,3859.00,4707.00,299.00,2077.00,2077.00,0.00,1289.00,1017.00,115.00,100.00,72.00,15.00,231.00,514314.00
1957:Q4,1511.00,-1638.00,2658.00,8551.00,6129.00,-236.00,-4775.00,1876.00,6651.00,479.00,710.00,710.00,0.00,2120.00,1916.00,48.00,105.00,132.00,81.00,319.00,515825.00
1958:Q1,4085.00,3176.00,828.00,7008.00,6235.00,-55.00,2127.00,-3425.00,-5552.00,221.00,-269.00,-269.00,0.00,660.00,84.00,229.00,234.00,175.00,61.00,517.00,519909.00
1958:Q2,3726.00,1598.00,332.00,6744.00,6333.00,78.00,408.00,1271.00,863.00,858.00,264.00,264.00,0.00,1339.00,1011.00,60.00,146.00,205.00,83.00,525.00,523636.00
1958:Q3,4411.00,2619.00,1491.00,7853.00,6423.00,-61.00,643.00,7236.00,6593.00,485.00,599.00,599.00,0.00,697.00,385.00,14.00,164.00,223.00,88.00,496.00,528046.00
1958:Q4,2016.00,-113.00,2838.00,9126.00,6505.00,-217.00,-3355.00,6473.00,9828.00,404.00,712.00,712.00,0.00,907.00,479.00,15.00,140.00,231.00,-42.00,510.00,530062.00
1959:Q1,6815.00,3523.00,3281.00,9702.00,6578.00,-157.00,-270.00,672.00,941.00,511.00,1868.00,1868.00,0.00,1292.00,1083.00,-8.00,17.00,275.00,75.00,132.00,536878.00
1959:Q2,6694.00,4683.00,4771.00,11167.00,6645.00,-249.00,-826.00,5813.00,6639.00,738.00,639.00,639.00,0.00,1313.00,956.00,213.00,-139.00,356.00,74.00,58.00,543571.00
1959:Q3,7373.00,5253.00,3137.00,9759.00,6706.00,-83.00,1856.00,4267.00,2411.00,260.00,585.00,585.00,0.00,1300.00,812.00,202.00,49.00,302.00,64.00,235.00,550944.00
1959:Q4,2111.00,-12.00,3656.00,10628.00,6760.00,212.00,-4238.00,4349.00,8586.00,569.00,684.00,684.00,0.00,942.00,461.00,184.00,191.00,113.00,7.00,498.00,553056.00
1960:Q1,3274.00,3932.00,5313.00,11905.00,6809.00,-217.00,-1732.00,-1242.00,490.00,351.00,-1218.00,-1218.00,0.00,98.00,-260.00,67.00,400.00,-90.00,19.00,462.00,556329.00
1960:Q2,1417.00,1042.00,3829.00,10538.00,6861.00,-151.00,-3156.00,25.00,3181.00,369.00,-594.00,-594.00,0.00,262.00,656.00,32.00,-148.00,-307.00,-29.00,707.00,557746.00
1960:Q3,5061.00,4252.00,3540.00,10585.00,6916.00,129.00,312.00,2252.00,1940.00,400.00,-411.00,-411.00,0.00,432.00,203.00,100.00,461.00,-333.00,-2.00,789.00,562807.00
1960:Q4,-2815.00,-2436.00,1778.00,8819.00,6975.00,66.00,-4459.00,1813.00,6272.00,245.00,-481.00,-481.00,0.00,-561.00,-170.00,71.00,-272.00,-172.00,18.00,663.00,559993.00
1961:Q1,3003.00,3600.00,2075.00,9093.00,7037.00,-19.00,855.00,-1701.00,-2556.00,670.00,-748.00,-748.00,0.00,-416.00,-222.00,32.00,-175.00,-28.00,23.00,567.00,562995.00
1961:Q2,6476.00,5189.00,2721.00,10079.00,7104.00,254.00,1300.00,5965.00,4665.00,1168.00,906.00,906.00,0.00,-146.00,-258.00,39.00,9.00,90.00,26.00,527.00,569471.00
1961:Q3,5824.00,4009.00,3772.00,11027.00,7174.00,81.00,-146.00,3738.00,3884.00,383.00,959.00,959.00,0.00,346.00,-234.00,100.00,368.00,109.00,-3.00,511.00,575295.00
1961:Q4,1589.00,-918.00,3979.00,11183.00,7249.00,-45.00,-4797.00,5368.00,10165.00,-100.00,947.00,947.00,0.00,351.00,-108.00,81.00,159.00,27.00,-191.00,1209.00,576884.00
1962:Q1,6557.00,5043.00,4526.00,11965.00,7329.00,111.00,456.00,-212.00,-668.00,61.00,329.00,329.00,0.00,521.00,211.00,6.00,308.00,-38.00,-34.00,663.00,583440.00
1962:Q2,3954.00,2957.00,4324.00,11705.00,7411.00,-31.00,-1512.00,3198.00,4710.00,144.00,-160.00,-137.00,-23.00,381.00,285.00,69.00,84.00,-92.00,-35.00,777.00,587394.00
1962:Q3,5610.00,3909.00,4699.00,12008.00,7497.00,-188.00,-854.00,4425.00,5279.00,64.00,370.00,367.00,3.00,572.00,324.00,10.00,335.00,-99.00,-2.00,759.00,593004.00
1962:Q4,3279.00,1878.00,3684.00,11405.00,7587.00,134.00,-1905.00,4561.00,6466.00,100.00,927.00,913.00,14.00,-275.00,-243.00,23.00,163.00,-63.00,155.00,749.00,596284.00
1963:Q1,4945.00,4153.00,4001.00,11927.00,7680.00,246.00,157.00,371.00,214.00,-5.00,-48.00,-56.00,8.00,181.00,88.00,-45.00,186.00,-26.00,22.00,659.00,601228.00
1963:Q2,5452.00,4377.00,4291.00,12125.00,7779.00,54.00,96.00,4963.00,4867.00,-11.00,182.00,174.00,8.00,171.00,-81.00,99.00,174.00,0.00,21.00,723.00,606681.00
1963:Q3,6610.00,4808.00,4942.00,12768.00,7885.00,-58.00,-230.00,4560.00,4790.00,96.00,558.00,555.00,3.00,550.00,150.00,176.00,224.00,7.00,7.00,695.00,613291.00
1963:Q4,1188.00,-354.00,5070.00,12878.00,7996.00,-188.00,-5003.00,5460.00,10463.00,-421.00,386.00,386.00,0.00,579.00,125.00,218.00,142.00,-4.00,-98.00,577.00,614479.00
1964:Q1,7995.00,6794.00,5216.00,13271.00,8114.00,-59.00,941.00,-407.00,-1348.00,637.00,-180.00,-192.00,12.00,763.00,384.00,131.00,253.00,-3.00,2.00,617.00,622474.00
1964:Q2,10185.00,4714.00,5336.00,13540.00,8240.00,-36.00,-1404.00,4884.00,6288.00,782.00,3964.00,3964.00,0.00,900.00,439.00,202.00,266.00,-4.00,2.00,607.00,632659.00
1964:Q3,8063.00,5913.00,5966.00,14117.00,8377.00,-225.00,-240.00,6055.00,6295.00,187.00,830.00,822.00,8.00,696.00,236.00,123.00,334.00,0.00,-3.00,625.00,640722.00
1964:Q4,2919.00,-2517.00,6355.00,14703.00,8522.00,-174.00,-8411.00,4013.00,12424.00,-461.00,4110.00,4117.00,-7.00,649.00,165.00,48.00,332.00,-7.00,-111.00,677.00,643641.00
1965:Q1,9469.00,5873.00,7893.00,16470.00,8677.00,-100.00,-1964.00,2287.00,4251.00,-56.00,1637.00,1632.00,5.00,1226.00,502.00,65.00,596.00,44.00,-20.00,733.00,653110.00
1965:Q2,9254.00,5730.00,7838.00,16409.00,8851.00,-280.00,-2439.00,5627.00,8065.00,330.00,1900.00,1908.00,-8.00,965.00,118.00,194.00,511.00,140.00,-1.00,659.00,662364.00
1965:Q3,9523.00,6451.00,8530.00,17194.00,9044.00,-380.00,-2092.00,5904.00,7996.00,13.00,916.00,898.00,18.00,1309.00,806.00,251.00,199.00,44.00,-9.00,847.00,671887.00
1965:Q4,15243.00,6981.00,8794.00,17566.00,9257.00,-485.00,-1499.00,13583.00,15082.00,-315.00,7182.00,7171.00,11.00,5914.00,-462.00,188.00,466.00,5691.00,-31.00,-4834.00,687129.00
1966:Q1,9023.00,8359.00,10673.00,19862.00,9488.00,-299.00,-2182.00,2080.00,4262.00,-132.00,-1448.00,-1444.00,-4.00,1313.00,564.00,272.00,478.00,0.00,1.00,799.00,696152.00
1966:Q2,19804.00,8237.00,11601.00,20659.00,9725.00,-666.00,-4872.00,5456.00,10328.00,1508.00,9242.00,9257.00,-15.00,1633.00,1305.00,206.00,95.00,0.00,-28.00,691.00,715956.00
1966:Q3,10427.00,6926.00,11550.00,20613.00,9966.00,-903.00,-4891.00,3984.00,8875.00,267.00,1293.00,1337.00,-44.00,1424.00,1296.00,117.00,16.00,0.00,5.00,784.00,726382.00
1966:Q4,12442.00,2371.00,11880.00,21854.00,10213.00,-239.00,-9126.00,2846.00,11971.00,-384.00,6604.00,6587.00,17.00,1073.00,2189.00,159.00,682.00,-1786.00,171.00,2395.00,738825.00
1967:Q1,11080.00,7904.00,10713.00,21083.00,10464.00,-93.00,-3061.00,-1515.00,1546.00,252.00,838.00,794.00,44.00,1849.00,1493.00,142.00,248.00,0.00,34.00,490.00,749905.00
1967:Q2,11998.00,6663.00,8878.00,19271.00,10724.00,-331.00,-2695.00,1195.00,3890.00,480.00,3081.00,3070.00,11.00,1915.00,1491.00,371.00,87.00,0.00,34.00,339.00,761903.00
1967:Q3,15833.00,8942.00,9397.00,19958.00,10993.00,-432.00,-1191.00,6743.00,7934.00,736.00,3897.00,3866.00,31.00,2345.00,1755.00,459.00,140.00,0.00,8.00,650.00,777736.00
1967:Q4,16469.00,5929.00,10647.00,21220.00,11271.00,-698.00,-5647.00,11349.00,16996.00,929.00,7372.00,7372.00,0.00,4881.00,1939.00,596.00,486.00,1762.00,-99.00,-1713.00,794205.00
1968:Q1,14652.00,6988.00,10930.00,21319.00,11558.00,-1169.00,-4308.00,5244.00,9551.00,365.00,5841.00,5910.00,-69.00,1962.00,1240.00,652.00,67.00,0.00,-3.00,-139.00,808856.00
1968:Q2,17575.00,8599.00,10815.00,21943.00,11859.00,-731.00,-2747.00,6879.00,9625.00,530.00,5996.00,5916.00,80.00,2324.00,2402.00,366.00,-440.00,0.00,3.00,656.00,826431.00
1968:Q3,13213.00,5133.00,10397.00,21832.00,12173.00,-738.00,-4788.00,6729.00,11517.00,-476.00,5444.00,5419.00,25.00,2609.00,2353.00,384.00,-151.00,0.00,-23.00,27.00,839645.00
1968:Q4,20300.00,5654.00,10981.00,22468.00,12500.00,-1013.00,-4749.00,14243.00,18992.00,-578.00,10492.00,10496.00,-4.00,6341.00,2850.00,574.00,73.00,2765.00,-79.00,-2187.00,859945.00
1969:Q1,21650.00,10660.00,12053.00,23661.00,12840.00,-1233.00,-1731.00,7897.00,9628.00,337.00,7297.00,7353.00,-56.00,2829.00,1422.00,776.00,601.00,0.00,-31.00,865.00,881595.00
1969:Q2,19636.00,6367.00,11798.00,23681.00,13188.00,-1305.00,-5852.00,7898.00,13750.00,421.00,9769.00,9823.00,-54.00,2271.00,1863.00,633.00,-265.00,0.00,-40.00,1229.00,901232.00
1969:Q3,20676.00,7087.00,12798.00,25108.00,13544.00,-1234.00,-6702.00,7910.00,14612.00,990.00,8049.00,8069.00,-20.00,4337.00,2867.00,841.00,627.00,0.00,-3.00,1203.00,921907.00
1969:Q4,21182.00,4709.00,12606.00,24414.00,13906.00,-2098.00,-9556.00,10536.00,20091.00,1658.00,12271.00,12296.00,-25.00,6729.00,2869.00,689.00,-41.00,3445.00,234.00,-2526.00,943089.00
1970:Q1,21075.00,5785.00,11013.00,23090.00,14275.00,-2198.00,-6545.00,4143.00,10688.00,1317.00,7548.00,7553.00,-5.00,3964.00,3373.00,961.00,-342.00,0.00,28.00,3779.00,964164.00
1970:Q2,28887.00,3311.00,10754.00,24247.00,14638.00,-1145.00,-8638.00,5124.00,13761.00,1195.00,21394.00,21564.00,-170.00,3877.00,3074.00,597.00,221.00,0.00,14.00,305.00,993051.00
1970:Q3,10950.00,7960.00,11347.00,24780.00,14995.00,-1562.00,-4493.00,3666.00,8159.00,1106.00,749.00,684.00,65.00,3201.00,2557.00,764.00,-103.00,0.00,16.00,-961.00,1004000.00
1970:Q4,20232.00,5129.00,8926.00,22623.00,15344.00,-1647.00,-5874.00,8507.00,14380.00,2076.00,11439.00,11407.00,32.00,7831.00,3837.00,853.00,-511.00,3686.00,34.00,-4168.00,1024232.00
1971:Q1,28442.00,9739.00,11010.00,25794.00,15686.00,-902.00,-3253.00,5946.00,9199.00,1982.00,12308.00,12241.00,67.00,2579.00,4099.00,953.00,1245.00,-3686.00,32.00,3816.00,1052674.00
1971:Q2,25601.00,7759.00,10121.00,24975.00,16021.00,-1167.00,-5677.00,8078.00,13755.00,3315.00,14095.00,14092.00,3.00,3625.00,2736.00,459.00,465.00,0.00,35.00,121.00,1078275.00
1971:Q3,26147.00,10778.00,10543.00,25489.00,16348.00,-1402.00,-3605.00,11271.00,14876.00,3840.00,14285.00,14292.00,-7.00,978.00,1216.00,423.00,-660.00,0.00,1.00,106.00,1104422.00
1971:Q4,21104.00,8337.00,9393.00,24947.00,16667.00,-1113.00,-3354.00,16251.00,19605.00,2298.00,12385.00,12353.00,32.00,6436.00,750.00,306.00,-477.00,5621.00,-237.00,-6054.00,1125527.00
1972:Q1,35394.00,12992.00,10913.00,26436.00,16977.00,-1454.00,-179.00,11131.00,11310.00,2258.00,17348.00,17327.00,21.00,-962.00,3386.00,820.00,381.00,-5621.00,-73.00,6015.00,1160920.00
1972:Q2,24531.00,10413.00,12698.00,28563.00,17327.00,-1462.00,-5713.00,9159.00,14872.00,3428.00,10030.00,10035.00,-5.00,3759.00,2665.00,652.00,327.00,0.00,-116.00,328.00,1185451.00
1972:Q3,23079.00,9219.00,13627.00,29889.00,17718.00,-1455.00,-7003.00,11475.00,18478.00,2596.00,10708.00,10713.00,-5.00,2556.00,1753.00,619.00,265.00,0.00,82.00,596.00,1208530.00
1972:Q4,35679.00,23248.00,15121.00,31029.00,18147.00,-2239.00,5487.00,36682.00,31195.00,2640.00,11726.00,11694.00,32.00,20532.00,335.00,549.00,170.00,19482.00,3.00,-19828.00,1244208.00
1973:Q1,36440.00,17149.00,19416.00,34073.00,18614.00,-3957.00,-4018.00,16979.00,20997.00,1751.00,11919.00,12006.00,-87.00,-13669.00,2595.00,1092.00,2491.00,-19482.00,365.00,21040.00,1280648.00
1973:Q2,39170.00,8115.00,20297.00,34205.00,19171.00,-5263.00,-14351.00,17631.00,31982.00,2169.00,20283.00,20358.00,-75.00,7476.00,4730.00,1200.00,1911.00,0.00,366.00,3296.00,1319818.00
1973:Q3,40699.00,6499.00,19641.00,34788.00,19817.00,-4670.00,-14429.00,16860.00,31288.00,1287.00,26483.00,26426.00,57.00,5628.00,4102.00,1496.00,25.00,0.00,-6.00,2089.00,1360517.00
1973:Q4,43049.00,9632.00,23279.00,38152.00,20551.00,-5679.00,-16323.00,26678.00,43001.00,2676.00,25256.00,25343.00,-87.00,15497.00,2123.00,1833.00,2028.00,8865.00,-648.00,-7336.00,1403566.00
1974:Q1,55265.00,19514.00,24676.00,38107.00,21373.00,-7942.00,-6717.00,13007.00,19724.00,1555.00,22144.00,22187.00,-43.00,13123.00,7641.00,2174.00,3441.00,0.00,133.00,484.00,1458831.00
1974:Q2,70127.00,13878.00,28985.00,42087.00,22288.00,-9186.00,-16351.00,14450.00,30801.00,1244.00,38774.00,38851.00,-77.00,20432.00,12850.00,2146.00,5437.00,0.00,0.00,-2958.00,1528958.00
1974:Q3,92873.00,18320.00,26487.00,37278.00,23295.00,-12504.00,-8162.00,18262.00,26424.00,-5.00,48251.00,48459.00,-208.00,25617.00,19866.00,2188.00,3563.00,0.00,0.00,685.00,1621831.00
1974:Q4,168204.00,10409.00,28250.00,44054.00,24394.00,-8589.00,-19144.00,4876.00,24020.00,1303.00,46739.00,46680.00,59.00,26279.00,24443.00,2206.00,-358.00,0.00,11.00,84777.00,1790035.00
1975:Q1,-76496.00,4838.00,9424.00,31920.00,25584.00,-3088.00,-6519.00,614.00,7132.00,1933.00,36750.00,36638.00,112.00,22287.00,22270.00,1657.00,-1704.00,0.00,-65.00,-140370.00,1713539.00
1975:Q2,53056.00,-197.00,6857.00,31706.00,26595.00,-1745.00,-10277.00,4649.00,14926.00,3223.00,24105.00,24009.00,96.00,18551.00,16286.00,2033.00,232.00,0.00,0.00,10597.00,1766595.00
1975:Q3,13172.00,3041.00,11181.00,35676.00,27426.00,-2932.00,-9854.00,15173.00,25027.00,1713.00,12742.00,12848.00,-106.00,10790.00,8292.00,1073.00,1425.00,0.00,0.00,-13401.00,1779767.00
1975:Q4,33894.00,6623.00,11341.00,36639.00,28078.00,-2779.00,-7757.00,6096.00,13853.00,3039.00,16799.00,16753.00,46.00,8618.00,8529.00,961.00,-810.00,0.00,62.00,1854.00,1813661.00
1976:Q1,50196.00,11188.00,16214.00,42078.00,28550.00,-2686.00,-8178.00,19080.00,27258.00,3152.00,14105.00,14016.00,89.00,12125.00,10534.00,655.00,1004.00,0.00,67.00,12778.00,1863858.00
1976:Q2,66583.00,27100.00,20266.00,45682.00,29141.00,-3725.00,3329.00,29327.00,25998.00,3505.00,31215.00,31195.00,20.00,10896.00,7510.00,1761.00,1624.00,0.00,0.00,-2628.00,1930440.00
1976:Q3,47225.00,7300.00,20293.00,46341.00,29852.00,-3804.00,-14822.00,18124.00,32945.00,1829.00,27644.00,27656.00,-12.00,12025.00,9422.00,1513.00,1063.00,27.00,0.00,256.00,1977665.00
1976:Q4,44929.00,4589.00,19083.00,45868.00,30683.00,-3898.00,-16532.00,612.00,17144.00,2038.00,28172.00,28163.00,9.00,55293.00,11155.00,1584.00,-330.00,60765.00,17881.00,-43126.00,2022594.00
1977:Q1,53370.00,14338.00,22564.00,48837.00,31635.00,-5362.00,-8066.00,27124.00,35190.00,-160.00,33995.00,34061.00,-66.00,14077.00,11062.00,998.00,2021.00,0.00,5.00,-9040.00,2075964.00
1977:Q2,53615.00,14959.00,22069.00,50851.00,32613.00,-3831.00,-7543.00,17106.00,24648.00,432.00,24598.00,24551.00,47.00,11366.00,10385.00,1463.00,-482.00,0.00,0.00,2693.00,2129579.00
1977:Q3,54862.00,20651.00,24785.00,56041.00,33619.00,-2363.00,-5240.00,35536.00,40776.00,1105.00,29388.00,29406.00,-18.00,13823.00,11500.00,1680.00,644.00,0.00,0.00,-9000.00,2184440.00
1977:Q4,55984.00,14021.00,24680.00,55190.00,34652.00,-4142.00,-12009.00,34674.00,46683.00,1350.00,27415.00,27423.00,-8.00,23656.00,12320.00,1755.00,1826.00,11904.00,4149.00,-9109.00,2240424.00
1978:Q1,54410.00,11205.00,28058.00,58572.00,35715.00,-5201.00,-15243.00,34750.00,49992.00,-1611.00,29624.00,29651.00,-27.00,18280.00,12529.00,2250.00,3525.00,0.00,23.00,-4698.00,2294834.00
1978:Q2,79227.00,9568.00,32589.00,63653.00,36864.00,-5800.00,-23719.00,15413.00,39132.00,698.00,42652.00,42615.00,37.00,18981.00,12925.00,1836.00,4220.00,0.00,0.00,8026.00,2374061.00
1978:Q3,82423.00,14493.00,31775.00,64049.00,38102.00,-5828.00,-17481.00,27022.00,44503.00,200.00,39586.00,39556.00,30.00,17628.00,13464.00,2190.00,1975.00,0.00,0.00,10716.00,2456484.00
1978:Q4,80896.00,26950.00,37343.00,69892.00,39429.00,-6880.00,-11005.00,53753.00,64758.00,612.00,44513.00,44549.00,-36.00,37377.00,13401.00,2368.00,3677.00,23513.00,5582.00,-27945.00,2537379.00
1979:Q1,87664.00,5354.00,38789.00,70866.00,40844.00,-8767.00,-31750.00,35875.00,67625.00,-1685.00,44932.00,44912.00,20.00,27469.00,17946.00,2264.00,7422.00,0.00,164.00,9909.00,2625043.00
1979:Q2,101525.00,18012.00,40275.00,72591.00,42312.00,-9996.00,-19151.00,30658.00,49809.00,-3112.00,51031.00,51014.00,17.00,27355.00,18177.00,3018.00,6161.00,0.00,0.00,5126.00,2726568.00
1979:Q3,108499.00,14339.00,39566.00,72369.00,43834.00,-11030.00,-23332.00,53080.00,76412.00,-1895.00,57221.00,57177.00,44.00,25261.00,17095.00,2938.00,5227.00,0.00,0.00,11679.00,2835067.00
1979:Q4,82999.00,13585.00,40142.00,75205.00,45408.00,-10345.00,-25413.00,39891.00,65304.00,-1144.00,42949.00,42938.00,11.00,46732.00,18515.00,3163.00,6055.00,26246.00,7246.00,-20267.00,2918066.00
1980:Q1,78831.00,10158.00,44069.00,77742.00,47037.00,-13364.00,-35286.00,37180.00,72465.00,1375.00,38892.00,38991.00,-99.00,43927.00,29094.00,3330.00,11503.00,0.00,0.00,-14146.00,2996897.00
1980:Q2,105670.00,3148.00,35479.00,75727.00,48754.00,-8507.00,-33181.00,-7611.00,25570.00,850.00,46193.00,46099.00,94.00,34411.00,29533.00,3302.00,1575.00,0.00,0.00,21918.00,3102568.00
1980:Q3,126753.00,24225.00,30365.00,70352.00,50562.00,-10574.00,-8664.00,64312.00,72976.00,2525.00,51041.00,50923.00,118.00,35932.00,26681.00,3673.00,5308.00,0.00,-270.00,15555.00,3229321.00
1980:Q4,118278.00,23950.00,37182.00,79953.00,52459.00,-9688.00,-18858.00,33430.00,52288.00,5625.00,64039.00,63978.00,61.00,40149.00,20252.00,3519.00,3078.00,32549.00,19248.00,-9860.00,3347599.00
1981:Q1,109577.00,18863.00,43508.00,88598.00,54447.00,-9357.00,-25445.00,119107.00,144552.00,800.00,57353.00,57384.00,-31.00,31231.00,21064.00,3468.00,6818.00,0.00,119.00,2130.00,3457176.00
1981:Q2,104895.00,23204.00,35934.00,86223.00,56366.00,-6077.00,-11380.00,28387.00,39767.00,-1350.00,55683.00,55690.00,-7.00,27126.00,21678.00,3253.00,2195.00,0.00,0.00,-1117.00,3562071.00
1981:Q3,59615.00,19073.00,44514.00,98191.00,58217.00,-4541.00,-18791.00,50116.00,68907.00,-6650.00,45455.00,45595.00,-140.00,18636.00,15007.00,3088.00,542.00,0.00,0.00,-23549.00,3621686.00
1981:Q4,114238.00,16942.00,40593.00,95943.00,60001.00,-4651.00,-17401.00,13244.00,30645.00,-6250.00,63168.00,63129.00,39.00,13956.00,16456.00,4235.00,-4169.00,10233.00,12800.00,20172.00,3735923.00
1982:Q1,67639.00,-4856.00,26606.00,85099.00,61718.00,-3225.00,-29587.00,34729.00,64316.00,-1875.00,75363.00,75461.00,-98.00,13099.00,7142.00,2508.00,3582.00,0.00,133.00,-15966.00,3803562.00
1982:Q2,35781.00,8488.00,24966.00,86879.00,63100.00,-1186.00,-17153.00,10057.00,27210.00,675.00,10749.00,10733.00,16.00,21977.00,18330.00,2955.00,692.00,0.00,0.00,-5433.00,3839344.00
1982:Q3,43671.00,2869.00,23580.00,86128.00,64147.00,-1599.00,-18836.00,35697.00,54533.00,-1875.00,10182.00,10001.00,181.00,12547.00,10768.00,2791.00,-1011.00,0.00,0.00,18073.00,3883015.00
1982:Q4,37638.00,11450.00,13753.00,77117.00,64859.00,-1495.00,-7277.00,7587.00,14864.00,4975.00,-3278.00,-3512.00,234.00,-30861.00,7528.00,3000.00,431.00,-33563.00,8257.00,60327.00,3920653.00
1983:Q1,59536.00,10525.00,11060.00,76861.00,65239.00,562.00,-6260.00,25683.00,31942.00,5725.00,28259.00,28104.00,155.00,7842.00,5181.00,2876.00,-215.00,0.00,0.00,12909.00,3980189.00
1983:Q2,38900.00,35239.00,25176.00,89161.00,65751.00,-1766.00,838.00,38479.00,37641.00,9225.00,-14738.00,-15001.00,263.00,5119.00,1646.00,1975.00,1500.00,0.00,0.00,13279.00,4019089.00
1983:Q3,24133.00,24916.00,32608.00,95217.00,66396.00,-3788.00,-9818.00,34525.00,44343.00,2125.00,-3016.00,-2944.00,-72.00,8075.00,945.00,3108.00,4022.00,0.00,0.00,-5841.00,4043222.00
1983:Q4,53303.00,39967.00,36115.00,100837.00,67175.00,-2453.00,928.00,43171.00,42243.00,2925.00,16616.00,16727.00,-111.00,-21151.00,5344.00,2253.00,272.00,-30421.00,-1401.00,17870.00,4096525.00
1984:Q1,27753.00,9990.00,46337.00,112775.00,68086.00,-1648.00,-20597.00,88963.00,109560.00,-15750.00,2457.00,2743.00,-286.00,12431.00,4013.00,2688.00,5732.00,-1.00,1.00,2875.00,4124278.00
1984:Q2,61641.00,13109.00,50844.00,117497.00,69106.00,-2452.00,-11485.00,89494.00,100978.00,-26250.00,22307.00,22447.00,-140.00,9068.00,5307.00,2067.00,1695.00,-1.00,1.00,17157.00,4185919.00
1984:Q3,87695.00,18550.00,50114.00,120417.00,70231.00,72.00,-13640.00,72993.00,86632.00,-17925.00,27795.00,27597.00,198.00,6652.00,3447.00,2982.00,224.00,-1.00,1.00,34698.00,4273614.00
1984:Q4,81087.00,31081.00,45685.00,117196.00,71462.00,49.00,4446.00,26030.00,21584.00,-19050.00,26250.00,26177.00,73.00,-23766.00,4200.00,627.00,76.00,-23056.00,5613.00,47521.00,4354701.00
1985:Q1,887.00,-46484.00,36248.00,109182.00,72795.00,138.00,-60983.00,44153.00,105136.00,-21750.00,-1.00,-398.00,397.00,4414.00,2916.00,2519.00,-1022.00,0.00,-1.00,42958.00,4355588.00
1985:Q2,25564.00,-19478.00,38865.00,113052.00,74101.00,86.00,-40843.00,31423.00,72265.00,-17500.00,5593.00,5309.00,284.00,4792.00,5635.00,1444.00,-2287.00,0.00,-1.00,34656.00,4381152.00
1985:Q3,26638.00,-6265.00,33888.00,111054.00,75375.00,1792.00,-20653.00,58242.00,78895.00,-19500.00,14066.00,15289.00,-1223.00,7899.00,7927.00,1859.00,-1888.00,0.00,-1.00,10938.00,4407789.00
1985:Q4,74191.00,-26544.00,41098.00,115720.00,76616.00,-1995.00,-41893.00,79184.00,121077.00,-25750.00,28083.00,27602.00,481.00,14395.00,11205.00,560.00,1439.00,2972.00,1781.00,58258.00,4481980.00
1986:Q1,38676.00,-14082.00,32501.00,115253.00,77818.00,4934.00,-31509.00,-31432.00,77.00,-15075.00,6017.00,5135.00,882.00,-1702.00,3150.00,2064.00,-6957.00,41.00,0.00,48444.00,4520657.00
1986:Q2,52884.00,-2631.00,30412.00,112842.00,78949.00,3481.00,-11218.00,23918.00,35135.00,-21825.00,7601.00,7413.00,188.00,14742.00,13895.00,1158.00,-312.00,1.00,0.00,33172.00,4573541.00
1986:Q3,28634.00,57.00,23146.00,104506.00,80001.00,1359.00,-1889.00,94727.00,96615.00,-21200.00,14004.00,14301.00,-297.00,16540.00,14222.00,1264.00,1054.00,1.00,0.00,-1968.00,4602175.00
1986:Q4,41809.00,-12647.00,26765.00,105026.00,80974.00,-2713.00,-12537.00,44214.00,56751.00,-26875.00,11241.00,10894.00,347.00,12082.00,8087.00,1186.00,84.00,6054.00,3328.00,31133.00,4643984.00
1987:Q1,77279.00,-9064.00,32916.00,111308.00,81861.00,-3469.00,-31105.00,43562.00,74667.00,-10875.00,8755.00,8057.00,698.00,11634.00,9333.00,2154.00,219.00,-72.00,0.00,65954.00,4721263.00
1987:Q2,56572.00,5364.00,32828.00,110961.00,82926.00,-4793.00,-8339.00,42687.00,51026.00,-19125.00,17078.00,16708.00,370.00,8539.00,2433.00,3076.00,3031.00,0.00,0.00,25590.00,4777834.00
1987:Q3,70660.00,13282.00,28227.00,108459.00,84163.00,-3931.00,2556.00,51652.00,49096.00,-17500.00,17868.00,17742.00,126.00,8281.00,2656.00,3724.00,1901.00,0.00,0.00,31229.00,4848495.00
1987:Q4,42746.00,6594.00,42031.00,123557.00,85572.00,-4046.00,-7437.00,90894.00,98331.00,-28000.00,49039.00,50412.00,-1373.00,63974.00,22815.00,5496.00,3819.00,30630.00,-1214.00,-76861.00,4891241.00
1988:Q1,79175.00,-37535.00,32170.00,114739.00,87145.00,-4576.00,-44456.00,54030.00,98485.00,-25250.00,46017.00,45564.00,453.00,19740.00,12470.00,5102.00,2083.00,85.00,0.00,50952.00,4970415.00
1988:Q2,82282.00,-22139.00,36942.00,119238.00,88666.00,-6370.00,-24206.00,50351.00,74557.00,-34875.00,31320.00,31170.00,150.00,16389.00,8531.00,3201.00,4657.00,0.00,0.00,56713.00,5052698.00
1988:Q3,73347.00,7668.00,37325.00,120918.00,90130.00,-6537.00,-8906.00,45921.00,54827.00,-20750.00,28024.00,28159.00,-135.00,11486.00,7158.00,2666.00,1663.00,0.00,0.00,26169.00,5126044.00
1988:Q4,104789.00,-25811.00,38250.00,125095.00,91536.00,-4691.00,-15436.00,200027.00,215463.00,-48625.00,42047.00,41971.00,76.00,30612.00,22865.00,2045.00,3220.00,10249.00,7766.00,57942.00,5230834.00
1989:Q1,224055.00,-57871.00,44177.00,128622.00,92880.00,-8435.00,-58973.00,128450.00,187423.00,-43075.00,192333.00,191724.00,609.00,19549.00,11637.00,4330.00,3583.00,0.00,0.00,70044.00,5454889.00
1989:Q2,9439.00,-20162.00,39554.00,129080.00,94249.00,-4723.00,-35041.00,19914.00,54955.00,-24675.00,-21682.00,-22809.00,1127.00,8566.00,7276.00,3069.00,-1779.00,0.00,0.00,42717.00,5464328.00
1989:Q3,-7282.00,-42063.00,33317.00,128845.00,95637.00,-108.00,-38805.00,15460.00,54264.00,-36575.00,-28368.00,-29130.00,762.00,16581.00,14593.00,3532.00,-1543.00,0.00,0.00,46569.00,5457046.00
1989:Q4,-23997.00,-15340.00,37698.00,131665.00,97049.00,-3082.00,-33213.00,17442.00,50655.00,-19825.00,-40824.00,-40848.00,24.00,6073.00,14178.00,1974.00,700.00,-12861.00,-2081.00,26094.00,5433049.00
1990:Q1,-21091.00,-20001.00,35297.00,132889.00,98485.00,-893.00,-38048.00,11221.00,49269.00,-17250.00,-28620.00,-28255.00,-365.00,17248.00,13385.00,3240.00,621.00,1.00,0.00,10282.00,5411959.00
1990:Q2,18187.00,17227.00,38938.00,139378.00,99935.00,505.00,-9711.00,4960.00,14671.00,-12000.00,-27810.00,-28221.00,411.00,11308.00,7525.00,4343.00,-561.00,1.00,0.00,17462.00,5430145.00
1990:Q3,20665.00,6950.00,44443.00,138296.00,101402.00,-7549.00,-18993.00,68897.00,87890.00,-18500.00,-13941.00,-12223.00,-1718.00,29250.00,16442.00,4089.00,8717.00,1.00,0.00,-1594.00,5450811.00
1990:Q4,47463.00,22958.00,30765.00,128697.00,102887.00,-4955.00,7443.00,39412.00,31969.00,-15250.00,-12361.00,-13034.00,673.00,45066.00,21722.00,594.00,-337.00,22627.00,-461.00,-8201.00,5498274.00
1991:Q1,23789.00,8766.00,21008.00,128248.00,104381.00,2859.00,-10742.00,10235.00,20977.00,-1500.00,-28143.00,-29593.00,1450.00,18822.00,18631.00,6707.00,-6515.00,-1.00,0.00,24343.00,5522062.00
1991:Q2,41.00,39737.00,19683.00,127480.00,105646.00,2150.00,17054.00,29714.00,12660.00,3000.00,-30246.00,-30226.00,-20.00,42.00,-182.00,4315.00,-4090.00,-1.00,0.00,-9493.00,5522103.00
1991:Q3,-86484.00,29520.00,26162.00,133181.00,106675.00,344.00,-1392.00,48992.00,50384.00,4750.00,-108075.00,-108722.00,647.00,1162.00,-1162.00,2914.00,-589.00,-1.00,0.00,-9092.00,5435619.00
1991:Q4,-67186.00,52108.00,29398.00,136439.00,107467.00,-426.00,10710.00,-5923.00,-16633.00,12000.00,-104429.00,-105048.00,619.00,-8376.00,6452.00,-1952.00,491.00,-13964.00,-597.00,-6489.00,5368433.00
1992:Q1,-151461.00,16668.00,20765.00,129312.00,107993.00,554.00,-15597.00,113540.00,129137.00,11500.00,-67694.00,-67804.00,110.00,13344.00,15581.00,-2171.00,-66.00,0.00,0.00,-113779.00,5216972.00
1992:Q2,-29622.00,45176.00,32521.00,138623.00,108751.00,-2649.00,3656.00,9058.00,5402.00,9000.00,-68255.00,-67918.00,-337.00,6258.00,1208.00,3150.00,1900.00,0.00,0.00,-12802.00,5187350.00
1992:Q3,-47681.00,26825.00,32374.00,141236.00,109700.00,-838.00,-8549.00,4795.00,13344.00,3000.00,-76949.00,-77462.00,513.00,9556.00,5130.00,3039.00,1387.00,0.00,0.00,-7114.00,5139668.00
1992:Q4,-40251.00,40828.00,32571.00,143561.00,110879.00,112.00,4758.00,18310.00,13552.00,3500.00,-73999.00,-74997.00,998.00,-28491.00,-3176.00,5388.00,-491.00,-33849.00,-3637.00,21410.00,5099417.00
1993:Q1,4449.00,55595.00,40287.00,150809.00,112044.00,-1522.00,13258.00,83983.00,70725.00,2050.00,-26554.00,-27188.00,634.00,6246.00,7102.00,-2014.00,1157.00,0.00,0.00,-30837.00,5103866.00
1993:Q2,51646.00,79984.00,39524.00,151389.00,113446.00,-1581.00,34660.00,78967.00,44307.00,5800.00,-25472.00,-25503.00,31.00,6350.00,3410.00,2044.00,896.00,0.00,0.00,-9215.00,5155512.00
1993:Q3,58084.00,68752.00,33582.00,148554.00,114871.00,101.00,27095.00,67084.00,39989.00,8075.00,610.00,-373.00,983.00,2075.00,3230.00,-649.00,-506.00,0.00,0.00,-13354.00,5213596.00
1993:Q4,86616.00,83234.00,38674.00,153991.00,116335.00,-1019.00,39184.00,102668.00,63484.00,5375.00,241.00,64.00,177.00,-7067.00,5384.00,8139.00,1992.00,-26629.00,-4048.00,10207.00,5300212.00
1994:Q1,79700.00,37538.00,43656.00,159429.00,117837.00,-2064.00,-3719.00,31220.00,34938.00,-2400.00,33325.00,34096.00,-771.00,17955.00,16044.00,2021.00,-111.00,0.00,0.00,-9117.00,5379912.00
1994:Q2,109732.00,62139.00,52933.00,170040.00,119651.00,-2544.00,9706.00,65732.00,56026.00,-500.00,33748.00,34681.00,-933.00,18143.00,12574.00,2808.00,2761.00,0.00,0.00,-4298.00,5489644.00
1994:Q3,112268.00,44633.00,49813.00,167682.00,121789.00,-3919.00,7321.00,49145.00,41824.00,-12500.00,34213.00,32926.00,1287.00,13005.00,4405.00,5219.00,3381.00,0.00,0.00,20417.00,5601912.00
1994:Q4,129941.00,52267.00,64060.00,184388.00,124238.00,-3909.00,17708.00,127527.00,109819.00,-29500.00,34756.00,35138.00,-382.00,8997.00,-4536.00,7676.00,4901.00,-55.00,-1011.00,33921.00,5731854.00
1995:Q1,93200.00,27945.00,71735.00,190632.00,127031.00,-8134.00,-32890.00,43252.00,76142.00,-10900.00,13002.00,10500.00,2502.00,24697.00,5278.00,12346.00,7073.00,0.00,0.00,27555.00,5825054.00
1995:Q2,127127.00,70860.00,66980.00,189496.00,129569.00,-7052.00,17611.00,104750.00,87139.00,-13730.00,2036.00,-485.00,2521.00,20834.00,17685.00,2131.00,1018.00,0.00,0.00,33396.00,5952180.00
1995:Q3,125127.00,55864.00,65711.00,195112.00,131859.00,-2458.00,9253.00,110539.00,101286.00,-19100.00,29010.00,26257.00,2753.00,11209.00,7737.00,6634.00,-3162.00,0.00,0.00,29043.00,6077307.00
1995:Q4,126102.00,80302.00,56218.00,189468.00,133890.00,-640.00,38684.00,166189.00,127505.00,-14600.00,33283.00,31100.00,2183.00,6355.00,2943.00,-4008.00,1088.00,2776.00,-3557.00,6162.00,6203409.00
1996:Q1,98103.00,38682.00,52873.00,189149.00,135742.00,534.00,1034.00,120453.00,119419.00,-15225.00,18132.00,15805.00,2327.00,2048.00,-3621.00,5393.00,276.00,1.00,0.00,39241.00,6301512.00
1996:Q2,26744.00,83045.00,59038.00,196395.00,137771.00,-413.00,20533.00,109224.00,88691.00,3475.00,-53186.00,-55133.00,1947.00,-2683.00,-6166.00,3527.00,-44.00,1.00,0.00,-433.00,6328256.00
1996:Q3,51510.00,40690.00,64960.00,206175.00,140042.00,1173.00,3854.00,103390.00,99536.00,-28125.00,-42628.00,-43883.00,1255.00,7869.00,5968.00,695.00,1207.00,1.00,0.00,45580.00,6379766.00
1996:Q4,186109.00,84852.00,68102.00,212435.00,142556.00,1777.00,24200.00,116466.00,92266.00,-7450.00,68624.00,66342.00,2282.00,37255.00,4134.00,-1589.00,5659.00,11018.00,-18034.00,-4622.00,6565875.00
1997:Q1,403027.00,34470.00,68085.00,218106.00,145393.00,4628.00,-19665.00,61085.00,80750.00,-13950.00,351347.00,351384.00,-37.00,-1707.00,-8049.00,7478.00,-1135.00,-1.00,1.00,18916.00,6968902.00
1997:Q2,134752.00,70627.00,85290.00,237281.00,148066.00,3925.00,13.00,52212.00,52199.00,-14675.00,23509.00,17238.00,6271.00,-4215.00,-5571.00,5903.00,-4545.00,-1.00,1.00,44831.00,7103654.00
1997:Q3,228846.00,59723.00,78197.00,232624.00,150650.00,3777.00,4401.00,98336.00,93935.00,-22875.00,103080.00,98544.00,4536.00,1732.00,-2971.00,3787.00,917.00,-1.00,1.00,64310.00,7332500.00
1997:Q4,311791.00,47022.00,77752.00,232655.00,153143.00,1760.00,-4855.00,53353.00,58208.00,-25875.00,239363.00,239935.00,-572.00,-3768.00,-9689.00,-4074.00,-39.00,-17635.00,-27669.00,29174.00,7644291.00
1998:Q1,366363.00,25584.00,84818.00,243973.00,155551.00,3604.00,-37559.00,146769.00,184328.00,-21675.00,277142.00,270637.00,6505.00,-21617.00,-15286.00,2385.00,-8716.00,-1.00,0.00,85253.00,8010654.00
1998:Q2,16660.00,60765.00,75326.00,237119.00,157950.00,3843.00,3247.00,161048.00,157801.00,-17808.00,-47747.00,-47656.00,-91.00,-12536.00,-9771.00,-1191.00,-1574.00,-1.00,0.00,16179.00,8027314.00
1998:Q3,128974.00,-8740.00,74550.00,239674.00,160351.00,4773.00,-18450.00,100671.00,119121.00,-64840.00,111468.00,120286.00,-8818.00,-7981.00,-5045.00,727.00,-3663.00,-1.00,0.00,34227.00,8156288.00
1998:Q4,371074.00,-28136.00,79792.00,246072.00,162757.00,3523.00,3286.00,159943.00,156657.00,-111214.00,106025.00,95044.00,10981.00,65815.00,-5168.00,9581.00,-918.00,-21257.00,-83576.00,227371.00,8527362.00
1999:Q1,196590.00,61053.00,85386.00,256683.00,165249.00,6048.00,-17413.00,232031.00,249443.00,-6920.00,59559.00,57541.00,2018.00,6477.00,-983.00,4429.00,3032.00,0.00,0.00,69501.00,8723953.00
1999:Q2,59979.00,20179.00,85634.00,254832.00,168254.00,944.00,11245.00,236890.00,225645.00,-76700.00,-153460.00,-159502.00,6042.00,4888.00,-10494.00,8525.00,6857.00,0.00,0.00,188372.00,8783932.00
1999:Q3,98825.00,45686.00,94572.00,262812.00,171867.00,-3627.00,-22698.00,235246.00,257943.00,-26188.00,74501.00,78340.00,-3839.00,-1710.00,-11375.00,914.00,8752.00,0.00,0.00,-19653.00,8882757.00
1999:Q4,464569.00,108756.00,103978.00,273087.00,176428.00,-7319.00,5338.00,261357.00,256019.00,-560.00,151285.00,135668.00,15617.00,119287.00,1730.00,15765.00,4405.00,8987.00,-88400.00,85242.00,9347327.00
2000:Q1,73938.00,74886.00,96789.00,271396.00,180917.00,-6310.00,-48947.00,242732.00,291678.00,27044.00,-45626.00,-51098.00,5472.00,16947.00,2345.00,6989.00,7613.00,-1.00,-1.00,27730.00,9421264.00
2000:Q2,46358.00,60943.00,113772.00,292997.00,184487.00,-5262.00,-2199.00,345875.00,348074.00,-50630.00,-56801.00,-52184.00,-4617.00,5423.00,-665.00,7161.00,-1072.00,-1.00,-1.00,36792.00,9467622.00
2000:Q3,599612.00,98613.00,105660.00,290301.00,186912.00,-2271.00,3685.00,342640.00,338955.00,-10731.00,471909.00,471865.00,44.00,11167.00,1062.00,7037.00,3069.00,-1.00,-1.00,17923.00,10067234.00
2000:Q4,733864.00,31514.00,102405.00,287369.00,187930.00,-2966.00,12996.00,272633.00,259637.00,-83887.00,165684.00,176205.00,-10521.00,-56061.00,-9717.00,4076.00,4724.00,-37120.00,18025.00,592727.00,10801099.00
2001:Q1,-141089.00,37229.00,80015.00,267464.00,192038.00,-4588.00,-37936.00,31691.00,69626.00,-4850.00,-78161.00,-65290.00,-12871.00,-24628.00,-21811.00,-1391.00,-1426.00,0.00,0.00,-75528.00,10660010.00
2001:Q2,50358.00,81207.00,71034.00,266258.00,195496.00,-271.00,24949.00,82822.00,57873.00,-14775.00,-23076.00,-28115.00,5039.00,-15463.00,-4088.00,-2429.00,-8946.00,0.00,0.00,7689.00,10710368.00
2001:Q3,54641.00,43860.00,54065.00,255739.00,197479.00,4195.00,17146.00,6702.00,-10444.00,-27350.00,82319.00,96496.00,-14177.00,-22718.00,-7271.00,-7062.00,-8386.00,0.00,0.00,-48820.00,10765009.00
2001:Q4,-79553.00,94460.00,22056.00,229497.00,198733.00,8708.00,73555.00,54437.00,-19118.00,-1150.00,-182927.00,-191551.00,8624.00,61172.00,-1870.00,-475.00,-5952.00,14356.00,-55113.00,-52259.00,10685456.00
2002:Q1,62498.00,5385.00,28676.00,239620.00,199414.00,11530.00,-22672.00,32343.00,55014.00,-619.00,71042.00,70844.00,198.00,999.00,-9542.00,-1568.00,12110.00,-1.00,0.00,-14928.00,10747954.00
2002:Q2,-45761.00,68779.00,37279.00,240725.00,200081.00,3365.00,25509.00,36443.00,10934.00,5991.00,-61319.00,-52112.00,-9207.00,-4477.00,-10647.00,-853.00,7024.00,-1.00,0.00,-48744.00,10702193.00
2002:Q3,88991.00,14253.00,39927.00,237560.00,201226.00,-3593.00,2891.00,-17533.00,-20424.00,-28564.00,99484.00,111547.00,-12063.00,-2060.00,-11834.00,3852.00,5923.00,-1.00,0.00,-22685.00,10791184.00
2002:Q4,239821.00,83696.00,40030.00,237305.00,202441.00,-5166.00,44600.00,87396.00,42796.00,-933.00,150987.00,147781.00,3206.00,76311.00,-2026.00,-2725.00,1962.00,-8969.00,-88069.00,-71174.00,11031005.00
2003:Q1,242224.00,8692.00,41152.00,238857.00,202268.00,-4563.00,-18108.00,16848.00,34956.00,-14352.00,209475.00,212029.00,-2554.00,-10666.00,-22631.00,829.00,11136.00,1.00,0.00,34723.00,11273229.00
2003:Q2,170554.00,57794.00,33720.00,238657.00,203417.00,1519.00,29254.00,10733.00,-18521.00,-5180.00,67307.00,57702.00,9605.00,-4995.00,-9583.00,8663.00,-4076.00,1.00,0.00,50448.00,11443782.00
2003:Q3,26796.00,53945.00,42357.00,246304.00,205209.00,-1262.00,14490.00,3412.00,-11078.00,-2902.00,-54008.00,-56875.00,2867.00,13367.00,1500.00,8052.00,3815.00,1.00,0.00,13491.00,11470578.00
2003:Q4,126277.00,98028.00,54095.00,254869.00,206026.00,-5252.00,47029.00,55120.00,8091.00,-3096.00,-40606.00,-48858.00,8252.00,19334.00,6256.00,3997.00,10711.00,7892.00,9522.00,49521.00,11596855.00
2004:Q1,414671.00,60534.00,48173.00,250475.00,208154.00,-5851.00,16322.00,179512.00,163190.00,-3961.00,287333.00,283982.00,3351.00,30000.00,10945.00,3023.00,16032.00,0.00,0.00,36803.00,12011525.00
2004:Q2,500637.00,99465.00,61898.00,261034.00,210438.00,-11302.00,59345.00,187908.00,128563.00,-21778.00,302927.00,302378.00,549.00,39564.00,27543.00,1957.00,10065.00,0.00,0.00,58680.00,12512162.00
2004:Q3,578038.00,63189.00,65104.00,268703.00,213225.00,-9626.00,38730.00,167084.00,128354.00,-40645.00,445394.00,446663.00,-1269.00,19858.00,8566.00,306.00,10985.00,0.00,0.00,49596.00,13090200.00
2004:Q4,392194.00,98624.00,75097.00,279358.00,216935.00,-12674.00,50588.00,244548.00,193960.00,-27062.00,174075.00,164765.00,9310.00,93275.00,17867.00,5589.00,4349.00,77244.00,11774.00,26221.00,13482394.00
2005:Q1,106115.00,-24191.00,84577.00,295968.00,221072.00,-9681.00,-61442.00,190698.00,252140.00,-47326.00,18871.00,20534.00,-1663.00,41842.00,26450.00,5290.00,10102.00,0.00,0.00,69593.00,13588508.00
2005:Q2,395262.00,-2131.00,67135.00,287622.00,225098.00,-4611.00,-5668.00,251077.00,256745.00,-63598.00,264323.00,262847.00,1476.00,21260.00,15191.00,8836.00,-2767.00,0.00,0.00,111809.00,13983770.00
2005:Q3,368714.00,-3808.00,72952.00,293961.00,229102.00,-8093.00,23603.00,250699.00,227096.00,-100362.00,202954.00,197647.00,5307.00,24635.00,-5110.00,4568.00,25177.00,0.00,0.00,144933.00,14352484.00
2005:Q4,530304.00,23428.00,89771.00,314183.00,234159.00,-9747.00,22595.00,252008.00,229413.00,-88938.00,332781.00,329762.00,3019.00,78211.00,8459.00,9244.00,15139.00,86326.00,40956.00,95884.00,14882788.00
2006:Q1,327683.00,-67090.00,93275.00,323063.00,237858.00,-8070.00,-41421.00,143624.00,185045.00,-118944.00,194909.00,188713.00,6196.00,38162.00,10691.00,8302.00,-3834.00,33675.00,10672.00,161702.00,15210471.00
2006:Q2,489835.00,-50854.00,103427.00,332475.00,242543.00,-13494.00,-30562.00,228962.00,259524.00,-123719.00,350261.00,352760.00,-2499.00,38395.00,7657.00,2395.00,9722.00,24097.00,5476.00,152033.00,15700305.00
2006:Q3,542805.00,-38377.00,99272.00,336143.00,246496.00,-9624.00,-26585.00,153126.00,179711.00,-111064.00,376197.00,372496.00,3701.00,42733.00,25423.00,2769.00,-1438.00,17478.00,1500.00,162252.00,16243110.00
2006:Q4,128979.00,-84767.00,98844.00,345649.00,251292.00,-4487.00,-40436.00,174423.00,214858.00,-143176.00,-33892.00,-41671.00,7779.00,16012.00,27147.00,7057.00,4794.00,-59400.00,-36414.00,231626.00,16372090.00
2007:Q1,487004.00,-119879.00,85907.00,331626.00,255381.00,-9661.00,-91070.00,226044.00,317114.00,-114716.00,387704.00,384894.00,2810.00,218823.00,24281.00,14254.00,16455.00,147201.00,-16632.00,357.00,16859094.00
2007:Q2,549438.00,-124434.00,95894.00,346809.00,258974.00,-8059.00,-55308.00,302072.00,357380.00,-165020.00,373329.00,365020.00,8309.00,34877.00,18569.00,8146.00,10020.00,12161.00,14019.00,265666.00,17408532.00
2007:Q3,573324.00,-146138.00,104353.00,362373.00,262192.00,-4172.00,-70670.00,253402.00,324071.00,-179821.00,497769.00,494692.00,3077.00,65654.00,-7929.00,3824.00,5430.00,47523.00,-16806.00,156039.00,17981856.00
2007:Q4,269300.00,-130950.00,106957.00,353583.00,264257.00,-17631.00,8876.00,291261.00,282385.00,-246783.00,93347.00,97832.00,-4485.00,-78149.00,-12357.00,3971.00,38540.00,-61759.00,46544.00,385052.00,18251156.00
2008:Q1,-595748.00,-276410.00,111696.00,348713.00,267779.00,-30761.00,-295084.00,-149042.00,146042.00,-93022.00,-469239.00,-456489.00,-12750.00,52747.00,-8448.00,9180.00,36608.00,-13500.00,-28907.00,97154.00,17655408.00
2008:Q2,-682885.00,-170433.00,115669.00,349787.00,271588.00,-37470.00,-240233.00,-92319.00,147914.00,-45869.00,-635254.00,-633738.00,-1516.00,87559.00,-2515.00,5662.00,43821.00,23290.00,-17301.00,35242.00,16972522.00
2008:Q3,241925.00,-218782.00,81492.00,341141.00,275871.00,-16223.00,-221689.00,-168201.00,53488.00,-78585.00,351409.00,366939.00,-15530.00,13874.00,41225.00,6227.00,-36657.00,-57595.00,-60674.00,95424.00,17214448.00
2008:Q4,-930714.00,-293570.00,-4802.00,320343.00,277649.00,47496.00,-190684.00,-199267.00,-8583.00,-98084.00,-456392.00,-431005.00,-25387.00,-152734.00,69629.00,-7890.00,-112205.00,-96634.00,5634.00,-28019.00,16283733.00
2009:Q1,-487018.00,73935.00,-25144.00,273940.00,275709.00,23376.00,133787.00,-63505.00,-197292.00,-34708.00,-543653.00,-537086.00,-6567.00,100367.00,15004.00,-8962.00,-12683.00,38729.00,-68278.00,-117666.00,15796715.00
2009:Q2,-1073974.00,111714.00,-33329.00,244542.00,272472.00,5400.00,110959.00,59356.00,-51603.00,34084.00,-1187362.00,-1199399.00,12037.00,55453.00,1009.00,-8720.00,13007.00,43886.00,-6271.00,-53779.00,14722741.00
2009:Q3,-772257.00,108938.00,-31300.00,234309.00,270670.00,-5060.00,123513.00,107812.00,-15701.00,16726.00,-948670.00,-962284.00,13614.00,25355.00,-7901.00,3630.00,11551.00,18215.00,140.00,42120.00,13950484.00
2009:Q4,323249.00,126430.00,13474.00,267977.00,271559.00,-17056.00,180220.00,196097.00,15877.00,-67264.00,54528.00,53174.00,1354.00,-29840.00,-24244.00,17115.00,19736.00,-136528.00,-94081.00,172131.00,14273733.00
2010:Q1,-105580.00,3376.00,21820.00,283233.00,271436.00,-10023.00,23236.00,136974.00,113738.00,-41679.00,-205057.00,-209219.00,4162.00,-123385.00,-24193.00,1758.00,26526.00,-106395.00,21080.00,219485.00,14168153.00
2010:Q2,754545.00,30619.00,36091.00,303262.00,272323.00,-5152.00,42266.00,142203.00,99937.00,-47738.00,581237.00,594326.00,-13089.00,-5006.00,13862.00,10795.00,-11316.00,-15487.00,2860.00,147696.00,14922697.00
2010:Q3,250341.00,-29077.00,57433.00,326055.00,273139.00,-4517.00,-1910.00,182782.00,184692.00,-84600.00,114869.00,102740.00,12129.00,88607.00,25203.00,-2296.00,20292.00,45512.00,104.00,75942.00,15173038.00
2010:Q4,552201.00,73546.00,68643.00,322858.00,275531.00,-21315.00,81563.00,170769.00,89206.00,-76659.00,247409.00,236982.00,10427.00,41677.00,26244.00,12215.00,33606.00,-69183.00,-38794.00,189570.00,15725240.00
2011:Q1,388150.00,-150336.00,71394.00,314640.00,279222.00,-35976.00,-148280.00,49864.00,198143.00,-73450.00,285067.00,278650.00,6417.00,23451.00,17407.00,16430.00,37269.00,-66122.00,-18467.00,229968.00,16113389.00
2011:Q2,-18416.00,-141075.00,70029.00,331406.00,283743.00,-22366.00,-91993.00,118324.00,210317.00,-119111.00,-103415.00,-102584.00,-831.00,96439.00,24168.00,9555.00,6258.00,45522.00,-10936.00,129636.00,16094974.00
2011:Q3,-47331.00,-178649.00,49621.00,327852.00,286371.00,-8140.00,-72529.00,147340.00,219869.00,-155741.00,-17491.00,3540.00,-21031.00,-5345.00,15099.00,4178.00,-3954.00,-18671.00,1997.00,154154.00,16047643.00
2011:Q4,575543.00,-119691.00,71313.00,357976.00,288470.00,-1807.00,-84723.00,181249.00,265972.00,-106282.00,471518.00,464151.00,7367.00,66643.00,19887.00,-2295.00,-5878.00,-8356.00,-63285.00,157074.00,16623186.00
2012:Q1,75282.00,-122776.00,85906.00,369407.00,292242.00,-8741.00,-149519.00,66391.00,215909.00,-59163.00,25079.00,11863.00,13216.00,-5726.00,8691.00,13476.00,-16709.00,-43544.00,-32359.00,178705.00,16698467.00
2012:Q2,112754.00,-82310.00,83956.00,381724.00,294992.00,2776.00,-59186.00,186117.00,245303.00,-107080.00,65084.00,71123.00,-6039.00,-14790.00,-4505.00,7525.00,-16645.00,12000.00,13165.00,144771.00,16811221.00
2012:Q3,364080.00,-153345.00,86904.00,379864.00,297566.00,-4606.00,-152925.00,123887.00,276812.00,-87324.00,324711.00,318531.00,6180.00,87175.00,3553.00,7140.00,32028.00,57628.00,13174.00,105539.00,17175302.00
2012:Q4,70282.00,-134708.00,74049.00,370192.00,299764.00,-3620.00,-117419.00,129936.00,247355.00,-91338.00,98627.00,96591.00,2036.00,46698.00,5778.00,-8236.00,11811.00,30505.00,-6839.00,59665.00,17245583.00
2013:Q1,368580.00,31669.00,69510.00,371191.00,302228.00,-548.00,15582.00,249017.00,233435.00,-53423.00,175991.00,167021.00,8970.00,-116558.00,8290.00,-1343.00,-6590.00,-112684.00,4232.00,277478.00,17614164.00
2013:Q2,657071.00,37051.00,73383.00,385166.00,304923.00,6860.00,56458.00,251441.00,194983.00,-92790.00,453821.00,452403.00,1418.00,25797.00,9600.00,9967.00,-4686.00,-9775.00,-20691.00,140401.00,18271234.00
2013:Q3,667833.00,-18347.00,94690.00,403384.00,308666.00,28.00,-27022.00,201877.00,228899.00,-86014.00,489652.00,480988.00,8664.00,89650.00,17751.00,11720.00,-1131.00,50588.00,-10722.00,106878.00,18939067.00
2013:Q4,492964.00,-5983.00,96786.00,405218.00,311448.00,-3016.00,17917.00,287271.00,269354.00,-120686.00,245358.00,234162.00,11196.00,16993.00,-6673.00,20733.00,6511.00,28062.00,31641.00,236596.00,19432031.00
2014:Q1,74950.00,-182610.00,103028.00,404961.00,315301.00,-13367.00,-157921.00,169959.00,327880.00,-127717.00,29404.00,26598.00,2806.00,-58392.00,7171.00,6950.00,24561.00,-22617.00,74457.00,286549.00,19506981.00
2014:Q2,541857.00,-47146.00,96110.00,413103.00,318182.00,-1190.00,-74240.00,248992.00,323232.00,-69016.00,430247.00,423076.00,7171.00,54336.00,10543.00,2565.00,-3176.00,40957.00,-3447.00,104421.00,20048838.00
2014:Q3,304594.00,-100881.00,101625.00,429539.00,322216.00,5698.00,-93840.00,248141.00,341981.00,-108666.00,238948.00,242474.00,-3526.00,-19916.00,3482.00,6014.00,-8292.00,-40632.00,-19512.00,186443.00,20353432.00
2014:Q4,383462.00,-129479.00,92322.00,429803.00,325588.00,11893.00,-132717.00,256591.00,389307.00,-89085.00,353837.00,351928.00,1909.00,-14680.00,6992.00,8273.00,-28436.00,-44793.00,-43284.00,173784.00,20736894.00
2015:Q1,467575.00,-87696.00,88001.00,436361.00,328015.00,20345.00,-27847.00,192010.00,219856.00,-147851.00,377218.00,372500.00,4718.00,37073.00,9303.00,14914.00,-24983.00,-50070.00,-87910.00,140981.00,21204469.00
2015:Q2,357538.00,72664.00,132410.00,463628.00,329514.00,1705.00,62500.00,289929.00,227429.00,-122245.00,169275.00,170096.00,-821.00,8884.00,-6700.00,10220.00,6589.00,-16071.00,-14847.00,106714.00,21562006.00
2015:Q3,305035.00,-75307.00,88223.00,438200.00,335052.00,14925.00,-6739.00,187640.00,194379.00,-156791.00,264905.00,280630.00,-15725.00,-67061.00,-6142.00,3711.00,-19681.00,-43053.00,1895.00,182498.00,21867041.00
2015:Q4,348079.00,-59477.00,72439.00,427503.00,337219.00,17845.00,4271.00,241679.00,237408.00,-136187.00,225790.00,220190.00,5600.00,-18501.00,-6399.00,-2579.00,-8645.00,4037.00,4915.00,200267.00,22215120.00
2016:Q1,125911.00,-125982.00,65684.00,419502.00,338510.00,15308.00,-34950.00,206920.00,241870.00,-156717.00,12081.00,11587.00,494.00,50508.00,3066.00,10901.00,13544.00,26665.00,3668.00,189304.00,22341031.00
2016:Q2,456982.00,-26538.00,85942.00,413968.00,341403.00,-13377.00,51354.00,319908.00,268554.00,-163834.00,228312.00,224180.00,4132.00,69727.00,1357.00,12020.00,46411.00,-7075.00,-17015.00,185480.00,22798013.00
2016:Q3,522067.00,-32501.00,68773.00,411374.00,343109.00,-508.00,70446.00,287848.00,217402.00,-171720.00,317939.00,309342.00,8597.00,8829.00,12545.00,2054.00,-5771.00,0.00,0.00,227801.00,23320080.00
